{
  "1": "Bitcoin 360 Ai – Vereinfachter Kryptohandel, inklusive BTC Avapro 2.0 Bot Version",
  "2": "Werden Sie noch heute Mitglied bei BTC 360 Ai",
  "3": "Hallo, wir sind",
  "4": "Bitcoin 360 Ai",
  "5": "App",
  "6": "Was ist Bitcoin 360 Ai?",
  "7": "",
  "8": "BTC 360 Ai",
  "9": "ist eine automatische AI-Algorithmus-gesteuerte App, die Handelswarnungen auslöst, wenn bestimmte Kriterien erfüllt sind. Sie verfügt über eine einzigartige benutzerfreundliche Schnittstelle, die sie sowohl für Anfänger als auch für fortgeschrittene Händler attraktiv macht. Die Bitcoin Bot 360 Ai bietet eine sichere, aber dennoch leicht zugängliche und tragbare Krypto-Handelsplattform. Schließen Sie sich unserer wachsenden Trader-Community an und entdecken Sie das Potenzial von XBT und anderen Kryptowährungen.",
  "10": "Sichere Registrierung",
  "11": "Bitcoin 360 AI 21",
  "12": "Wir sind eine Crypto Trade Opportunities Alerts App",
  "13": "Bitcoin 360 Ai ist ein Krypto-Trading-Tool, das auf der Grundlage von KI-basierten Algorithmen Warnungen zu Handelsmöglichkeiten liefert. Unsere Vision ist es, die größte Plattform für Krypto-Trader-Community zu werden, unterstützt durch das Social Trading unserer App und andere Crowd-Trade-bezogene Funktionen.",
  "14": "Bitcoin 360 AI 22",
  "15": "Einführung unserer Bit Avapro 2.0 Bot Auto-Trading-Version",
  "16": "Der Bit Avapro 2.0 Bot ist eine App-Version, die zwei Handelsmodi enthält, einen vollautomatischen und einen manuellen Modus. Der automatische Handel ermächtigt die App, alle Handelsaktivitäten ohne menschliches Eingreifen durchzuführen, während der manuelle Modus die Trades nicht ausführt, sondern den Händler benachrichtigt, wenn sich durch unsere KI-Algorithmen Handelsmöglichkeiten ergeben.",
  "17": "Bitcoin 360 AI 23",
  "18": "Wir verwenden eindeutige Ai-Algorithmen",
  "19": "Hochentwickelte Algorithmen der künstlichen Intelligenz ermöglichen die Handelsstrategien von Bitcoin 2.0 Avapro. Um optimale, aber dennoch konservative Ergebnisse zu liefern, scannt die App ständig über 100 Kryptomärkte in Echtzeit und sucht nach historisch belegten Mustern und Korrelationen, um qualitativ hochwertige Handelsmöglichkeiten zu melden.",
  "20": "Bit 360 Ai – Für Anfänger und erfahrene Krypto-Trader gleichermaßen geeignet",
  "21": "Die Bitcoin 360 Ai ist eine einfach gestaltete App, die aber dennoch fortgeschrittene Handelsfunktionen enthält, was sie sowohl für Anfänger als auch für fortgeschrittene Trader geeignet macht.",
  "22": "Kryptowährungen gewinnen schnell an Anerkennung, da sie seit mehr als einem Jahrzehnt gehandelt werden und daher alle Arten von Anlegern anziehen. Die Gruppe der BTC Bot Ai 360-Anleger umfasst alle Ebenen von Anlegern, unsere Gemeinschaft umfasst sowohl hochqualifizierte Anleger als auch Neulinge, die zum ersten Mal mit Kryptowährungen handeln.",
  "23": "Mit unserer Version Bitcoin Avapro 2.0 kann jeder ohne Vorkenntnisse automatisierte, manuelle oder hybride Handelsmodelle für Kryptowährungen erstellen.",
  "24": "Händler können 24 Stunden am Tag eine unbegrenzte Anzahl von kurz- oder langfristigen Geschäften ausführen. So können sie das Potenzial der Kryptomärkte optimal nutzen und haben mehr Zeit, ihre finanzielle Freiheit und ihren Erfolg zu genießen. Die App kann das Scannen der Märkte und die Ausführung profitabler Trades nach den vom Anleger oder Händler festgelegten Regeln automatisieren.",
  "25": "Registrieren Sie sich bei unserer Bitcoin 360 Ai und werden Sie noch heute Mitglied unserer Trader-Community",
  "26": "MODERNER ALGO-HANDEL",
  "27": "BTC 360 Ai nutzt hochmoderne Technologien, um einen Vorteil bei der Handelsausführung gegenüber anderen Algo-Trading-Bots zu erzielen. Dies ist eine der modernsten Handelsplattformen, die es gibt. Sie verwendet kontinuierlich hochentwickelte Computeralgorithmen, um die Märkte zu überwachen und zu analysieren, um die besten Bedingungen zu finden. Das Ergebnis ist eine kontinuierlich optimierte Erfolgsbilanz unserer KI.",
  "28": "FORTSCHRITTLICHE TECHNOLOGIE",
  "29": "BTC 2.0 Avapro Bot ist eine führende App für den Handel mit Kryptowährungen und bietet mehr als 100 handelbare Krypto-Assets. Es ist das Komplettpaket. Es ist für alle Erfahrungsstufen zugänglich und hat eine intuitive Schnittstelle. Darüber hinaus basiert es auf einem Algorithmus zur Überprüfung historischer Aufzeichnungen mit dem Ziel, optimale Handelswarnungen zu erzeugen.",
  "30": "AUF DER GRUNDLAGE EINER VORFINANZIERUNG",
  "31": "Verbände, Händler, Makler und Mitglieder schätzen den BTC Bot 360 Ai aufgrund seiner bewährten Erfolgsbilanz und seiner hohen Leistung auch unter extremen Marktbedingungen. Darüber hinaus ist der Kundendienst rund um die Uhr erreichbar, unser Support-Team beantwortet allgemeine Fragen oder leistet technische Unterstützung.",
  "32": "SICH KOSTENLOS ANMELDEN",
  "33": "Wie funktioniert Bitcoin 360 Ai",
  "34": "KOSTENLOS ANMELDEN",
  "35": "Die Anmeldung ist völlig kostenlos. Füllen Sie einfach unser kurzes Anmeldeformular aus, das Sie oben auf dieser Seite von",
  "36": "Bitcoin Avapro 2.0 homepage",
  "37": "finden. Grundlegende Informationen wie Ihr vollständiger rechtlicher Name, Ihre E-Mail-Adresse, Ihre Telefonnummer und das Land Ihres Wohnsitzes sind erforderlich. Nachdem das Online-Formular akzeptiert wurde, werden Sie Mitglied in unserer Händlergemeinschaft. Sie können sofort mit der Nutzung unserer Kryptowährungshandels-App beginnen.",
  "38": "KONTOAKTIVIERUNG",
  "39": "Sobald Ihr Bitcoin 2.0 Avapro Handelskonto registriert ist, können Sie mit dem Handel und den Investitionen beginnen. Sie müssen nur 250 € bei einem der unterstützenden Broker investieren, um die App nutzen zu können. Alles Geld, das Sie investieren, und alles Geld, das Sie gewinnen, gehört Ihnen. Die Mittel können entnommen oder in Handelsaktivitäten reinvestiert werden. Sie können das Geld von Ihrem Konto für den Kryptohandel verwenden.",
  "40": "TRADE CRYPTO",
  "41": "Sobald Ihr Konto eingerichtet ist und über Geldmittel verfügt, können Sie mit dem Training und dem Handel beginnen. Der Broker kümmert sich um alles, was die Verbindung unserer App mit seiner Ausführungsplattform betrifft. Die App scannt nicht nur den Markt nach wahrscheinlichen Gelegenheiten, sondern kann auch Trades für Sie ausführen, um Ihre Margenpotenziale zu maximieren. Sie können auch zum manuellen Handel wechseln, wenn Sie mehr Kontrolle über Ihre Geschäfte wünschen.",
  "42": "Jetzt sicher bei BTC 2.0 Avapro Bot registrieren",
  "43": "Bitcoin 360 Ai-Betrug – App-Kopie-Warnung",
  "44": "BTC 360 Ai Betrugswarnung",
  "45": "Bitcoin 360 Ai Betrug ist ein Szenario, in dem unzuverlässige Quellen, die Kopien unserer App machen, angesichts der unregulierten Natur der Kryptowährungen weltweit, Software und Produkte wie unsere App-Versionen, einschließlich der Bitcoin Bot 2.0, werden von Missbrauchern, die unsere App in verschiedenen Formen und Gestalt kopieren, ins Visier genommen. Seien Sie versichert, dass Sie jetzt die offizielle Website von",
  "46": "besuchen, die Registrierung mit unserer App ist kostenlos. Erst wenn Sie sich entscheiden, mit dem Handel zu beginnen, müssen Sie Ihr Konto bei einem von uns unterstützten Broker einzahlen. Nach Ihrer Zustimmung werden wir Ihre Kontaktdaten an einen der Broker weitergeben, der Sie über den Handel und die Aktivierungsverfahren informieren wird.",
  "47": "Einen unabhängigen Bericht über unsere App finden Sie",
  "48": "hier",
  "49": "Ist Bit Avapro 2.0 von den jüngsten negativen Medienberichten über die Kryptoindustrie betroffen?",
  "50": "Auf keinen Fall!",
  "51": "Bitcoin 360 Ai ist eine legitime, zuverlässige und seriöse Krypto-Handels-App. Sie wurde entwickelt, um einfach zu bedienen zu sein und dennoch außergewöhnliche Ergebnisse zu liefern. Es kann als automatisierter Handelsmodus verwendet werden, der menschliche Schwächen wie Unerfahrenheit, Emotionen, Zeit und Unentschlossenheit ausschaltet. BTC Bot Ai 360 ist mehr als nur eine Handels-App, es ist vielmehr eine Gemeinschaft, in der Händler Ideen und Ergebnisse miteinander teilen können, um sich weiterzubilden. Die App wird täglich von Anfängern und erfahrenen Händlern genutzt, die tatsächlich finanziell davon profitieren",
  "52": "KOSTENLOSE REGISTRIERUNG",
  "53": "Bitcoin Avapro Bot 2.0 Künstliche Intelligenz",
  "54": "BTC Avapro 2.0 ist eine von künstlicher Intelligenz gesteuerte App, die die neuesten Technologien nutzt, um Ihren Krypto-Handel mit mehr Vertrauen und höherem Margenpotenzial voranzutreiben. Mit ihren hochmodernen Algorithmen bietet die Software Markteinblicke und -analysen in Echtzeit, so dass Sie fundierte Entscheidungen über die Handelsausführung treffen können.",
  "55": "Der Avapro 360 Ai Bot wird ständig mit den neuesten Marktmerkmalen aktualisiert, so dass Sie immer über die aktuellsten Instrumente verfügen, um optimale Investitionen zu tätigen. Sie können in Echtzeit sehen, wie sich der Markt entwickelt und dementsprechend Entscheidungen treffen. Diese Daten sind für jeden, der an den Kryptomärkten profitieren möchte, unerlässlich.",
  "56": "Durch die Analyse dieser Daten können Sie fundierte Entscheidungen darüber treffen, welche Münzen Sie kaufen und verkaufen sollten und wann Sie dies tun sollten.",
  "57": "",
  "58": "Hier",
  "59": "finden Sie weitere nützliche Informationen über künstliche Intelligenz auf den Kryptowährungsmärkten",
  "60": "BTC Ai Avapro 360 Demo-Konto",
  "61": "Wenn Sie an der Börse handeln, ist es wichtig zu wissen, wann Sie kaufen und verkaufen sollten. So können Sie Ihre Gewinne maximieren und Ihre Verluste minimieren. Eine Möglichkeit, dies zu üben, ist die Nutzung eines",
  "62": "Demokontos",
  "63": "Ein Demokonto ist eine gute Möglichkeit, den Aktienmarkt und seine Funktionsweise kennenzulernen. Sie können die Demo auch nutzen, um neue Strategien zu testen.",
  "64": "Die Bitcoin 360 Ai-Demo ist eine App-Version, mit der man die Märkte auf jedem Gerät testen kann, das mit dem Internet verbunden ist.",
  "65": "Dazu gehören Desktops, Tablets und mobile Geräte, für die kein Download der App erforderlich ist.",
  "66": "Die BTC 360 Ai Demo-Anwendung ist eine risikofreie Umgebung, die den realen Markthandel simuliert. In der Demo-Version erhalten Sie alle Vorteile der Live-Handels-App, wie z.B.: schnelle Analysen, präzise Signale und automatisierte Trades.",
  "67": "Auch der manuelle Demo-Handelsmodus beinhaltet alle Vorteile und Funktionen der Live-Bitcoin 360 Ai App. Diese manuelle Demo-Handelsoption gibt Ihnen eine größere Kontrolle über Ihre Trades, wenn Sie mehr Übung im Demo-Modus wünschen, bevor Sie live gehen.",
  "68": "UK App Bitcoin 360 Ai Martin Lewis Medienhinweise",
  "69": "Bitcoin 360 Ai ist eine beliebte Krypto-Trading-App, die weltweit und insbesondere in Großbritannien an Popularität gewonnen hat und daher in den Medien Erwähnung findet. Solche Medienverweise werden auch von Missbrauchern generiert, die den Hype um unseren Namen “ausnutzen”, um Besucher für ihre kopierten Bitcoin 360 Ai-Websites zu gewinnen, eine ihrer Strategien ist es, die Namen von Prominenten zusammen mit unserem App-Namen zu verwenden – sie tun dies, um das Vertrauen der Kunden zu gewinnen, sich bei ihnen zu registrieren. Vor kurzem stießen wir in den britischen Medien auf Hinweise auf eine Investition von Martin Lewis in Bitcoin 360 Ai. Wir möchten klarstellen, dass diese Medienberichte über Martin Lewis nicht von uns veröffentlicht wurden und in keinem Fall mit uns in Verbindung stehen.",
  "70": "Wie in",
  "71": "diesem",
  "72": "zuverlässigen Bericht zu sehen ist, ist jede Werbung, die über Investitionen von Matin Lewis in Bitcoin 360 Ai und wahrscheinlich jede andere Krypto-Handels-App spricht, falsch.",
  "73": "Elon Musk Bitcoin 360 Ai Medienberichterstattung",
  "74": "BTC Ai Bot 2.0 ist eine beliebte App für den Handel mit Kryptowährungen. Der Erfolg unserer App, die in der Nische der Kryptowährungen operiert – einer unsicheren regulatorischen Nische in den meisten Teilen der Welt – ist ein Erfolg, der die Presse von allen möglichen Seiten anzieht, leider auch von einigen Missbrauchern, die unseren Namen unethisch und unrechtmäßig verwenden. Wir haben einige Medienberichte über eine Verbindung zwischen Elon Musk und Bitcoin 360 Ai bemerkt – und wir möchten betonen, dass diese Presse nicht von uns stammt, und so gerne wir auch unsere Investorenliste offenlegen würden, können wir das aufgrund unserer Datenschutzvereinbarungen nicht. Wir möchten klarstellen, dass wir keine Medienberichte über irgendeine Verbindung zwischen Elon Musk und Bitcoin360ai.com veröffentlicht haben und dass eine solche Verbindung nicht besteht.",
  "75": "Unsere hybride Bit 2.0 Avapro-Auto-Manual-Trading-App-Version kombiniert manuelle und automatisierte Handelsfunktionen, die sie von der Konkurrenz abheben.",
  "76": "Bitcoin 360 Ai Standard und 2.0 Avapro App Version Hauptmerkmale",
  "77": "Bitcoin 360 Ai Preis ist Null",
  "78": "Der Bitcoin 360 Ai Preis ist Null. Es gibt keine Registrierungsgebühr, alle Handelsaktivitäten und die Nutzung unserer Funktionen sind völlig kostenlos. wir werden unsere Gebühren mit zukünftigen Funktionen verdienen, die wir im 2. und 3. Quartal 2023 einführen werden.",
  "79": "in obligatorischer Download",
  "80": "Die Webversion des BTC 2.0 Avapro 360 Ai erfordert keine Installation oder einen Download, da es sich um eine webbasierte Plattform handelt, die von jedem Browser mit Internetanschluss und von jedem Gerät oder Standort aus bedient werden kann.",
  "81": "Bitcoin 360 Ai Registrierung ohne Probleme",
  "82": "Es ist einfach und schnell, sich für Bitcoin 360 Ai zu registrieren. Der Prozess der Registrierung ist einfach und schnell, einmal getan, werden Sie in der Lage sein, es mit einem der Makler, wo Sie die Geschäfte ausführen können, zu verbinden.",
  "83": "Schnelle",
  "84": "und",
  "85": "einfache Verifizierung",
  "86": "Bitcoin 360 Ai macht es einfach und sicher, Ihr Konto zu verifizieren. Nach der Registrierung werden wir mit Ihrem Einverständnis Ihre Kontaktdaten an einen der unterstützenden Broker weitergeben, der sich mit Ihnen in Verbindung setzen wird, um Ihr Handelskonto zu verifizieren und zu aktivieren.",
  "87": "Benutzerfreundliches Interface",
  "88": "Die Bitcoin 360 Ai Autohandelsplattform hat eine sehr intuitive Schnittstelle und ist einfach zu bedienen. Sie wurde mit dem Ziel geschaffen, unerfahrene Handwerker zu unterstützen. Daher ist die App einfach zu bedienen und bietet dennoch fortschrittliche Handelsfunktionen.",
  "89": "Erforderliche Mindestmittel",
  "90": "Bei den meisten unserer App-unterstützenden Broker ist eine Ersteinzahlung von 250 € erforderlich. Dieser Betrag wird nur für die Finanzierung des Handels verwendet und nicht für die App-Gebühren, die derzeit völlig kostenlos sind.",
  "91": "Auswahl mehrerer Assets",
  "92": "Mit unserer App können Sie Warnungen zu Handelsmöglichkeiten in Fiat-Währungen, Aktien, Rohstoffen und mehreren Kryptowährungen (Bitcoin Cash, XBT, Ethereum Monero, Ripple und Dash) erhalten. Diese Funktion steht allen BTC 360 Ai-Mitgliedern zur Verfügung.",
  "93": "Bitcoin 360 Ai reddit und andere Gemeinschaften",
  "94": "Die Mitglieder von Bitcoin 360 Ai werden zu einer Gemeinschaft, die auf Plattformen wie reddit, discord und anderen Brainstorming betreibt, Ideen austauscht oder einfach nur über allgemeine Lebensthemen spricht. Im Laufe der Entwicklung unseres Projekts werden wir solche Gemeinschaftskanäle verwalten und Gespräche zwischen unseren Mitgliedern fördern.",
  "95": "Zeiteffizienz bei der Veröffentlichung neuer Funktionen",
  "96": "Bitcoin Bot 360 Ai-Mitglieder sind immer einen Schritt voraus! Dies ist nur einer der vielen Vorteile, die der Software ihren Vorsprung und die Fähigkeit geben, eine so hohe Popularität weltweit zu erreichen.",
  "97": "Konservative oder risikoreichere Einstellungen",
  "98": "Bitcoin 360 Ai wurde entwickelt, um potenzielle Handelsmöglichkeiten zu identifizieren und in Handelssignale umzuwandeln. Die App ermöglicht es Ihnen, das Risikoniveau der Warnungen einzustellen, was bedeutet, dass jeder Händler die Funktionen der App an seine individuelle Risikobereitschaft anpassen kann.",
  "99": "Einfache und sichere Ein- und Auszahlungen",
  "100": "Für Einzahlungen und Abhebungen auf Ihr 2.0 Avapro 360 Ai Supportive Broker-Konto können Sie eine Kredit- oder Debitkarte, Geldüberweisungen, Banküberweisungen und sogar elektronische Geldbörsen verwenden. Jede Auszahlung wird an die ursprüngliche Zahlungsmethode zurücküberwiesen, mit der Sie Ihr Konto ursprünglich aufgeladen haben.",
  "101": "Strenge Datensicherheit",
  "102": "Alle Ihre Finanzdaten, persönlichen Informationen und Handelsaktionen werden streng in einer sicheren Umgebung aufbewahrt. Ihre Sicherheit ist unser Ruf, und es ist unsere oberste Priorität, Ihre Informationen auf dem höchsten Sicherheitsstandard zu halten.",
  "103": "BTC 360 Ai Demo-Konto",
  "104": "Sie können die von Ihnen gewählten Regeln mit dem Bitcoin 360 Ai Demokonto testen und Ihre Fähigkeiten ohne Risiko üben. Nachdem Sie den Demo-Handel geübt haben, können Sie mit echten Transaktionen beginnen.",
  "105": "Moderne Backtesting-Funktion",
  "106": "Die Backtesting-Funktion in der Bitcoin Bot 360 Ai-App ermöglicht es Ihnen, Ihre Handelsstrategien unter vergangenen Marktbedingungen zu testen. So können Sie Ihre Einstellungen jederzeit ändern und optimieren.",
  "107": "Flexible Anpassung",
  "108": "Bitcoin 360 Ai bietet viele Handelsmodi und Variablen, die individuell angepasst werden können. Dies ermöglicht eine maximale Anpassung an Ihre Handelspräferenzen.",
  "109": "24/7 Kundenbetreuung",
  "110": "Der Erfolg, der Komfort und die Zufriedenheit unserer Kunden und Auftraggeber haben für uns oberste Priorität. Aus diesem Grund stehen Ihnen unsere Kundendienstmitarbeiter rund um die Uhr zur Verfügung.",
  "111": "JETZT ANMELDEN",
  "112": "Sachkundige Ressourcen",
  "113": "Bitcoin Bot 360 Ai möchte, dass Sie alle Bildungsressourcen, die Sie benötigen, an einem Ort finden.",
  "114": "So können Sie sich über die neuesten Nachrichten und Trends auf dem Laufenden halten, sich weiterbilden, sich das Wissen und die Werkzeuge aneignen, die Sie brauchen, um auf dem Markt für digitale Vermögenswerte erfolgreich zu sein und Ihr Geldverdienpotenzial zu maximieren.",
  "115": "Treten Sie unserer Community bei und erfahren Sie mehr über die Geschichte des Marktes, Handelsstrategien und -tipps, Cryptocurrency Mining, detaillierte Anleitungen und andere hilfreiche Informationen.",
  "116": "HÄUFIG GESTELLTE FRAGEN",
  "117": "Was ist Bitcoin 360 Ai?",
  "118": "Bitcoin 360 Ai ist eine Krypto-Handel Ai angetrieben App, die Handelsmöglichkeiten Alarme von Algorithmen, die Live-Marktbewegungen in einer Suche nach Mustern und Korrelationen und vergleicht sie mit historischen Back-Testing-Scans, so dass, wenn bestimmte Bedingungen erfüllt sind – eine Handelsmöglichkeit Alarm auf der App Front-End ausgelöst wird.",
  "119": "Was ist Bitcoin 2.0 Avapro 360 Ai?",
  "120": "Der Bitcoin 2.0 Avapro 360 Ai ist eine App-Version, die hybride Modelle enthält, bei denen Händler zwischen automatischer oder manueller Handelsausführung wählen können; die iFex-Version steht allen Händlern zur Verfügung und erfordert keine zusätzliche Einrichtung oder Kosten.",
  "121": "Was sind die Anzeichen für die Legitimität von Bitcoin 360 Ai 2.0 Avapro?",
  "122": "Bitcoin 360 Ai 2.0 Avapro ist eine seriöse Krypto-Handels-App.",
  "123": "Einige missbräuchliche App-Betreiber nutzen unseren Namen und unseren Ruf",
  "124": "aus, aber Sie können leicht sicherstellen, dass Sie sich bei der richtigen App registrieren, indem Sie überprüfen, ob Sie sich mit der authentischen bitcoin360ai.com URL registrieren. Außerdem werden wir von Ihnen niemals irgendwelche Gebühren verlangen. Die einzige Zahlung, die Sie leisten müssen, ist die Einzahlung auf Ihr Handelskonto bei einem der von der App unterstützten Broker, und das können Sie erst tun, wenn Sie sich sicher genug fühlen, um zu handeln, während andere missbräuchliche Apps Vorauszahlungen verlangen.",
  "125": "Ist die XBT App 2.0 Avapro 360 Ai dasselbe wie die BTC 360 Ai?",
  "126": "Ja, XBT App 2.0 Avapro 360 Ai ist dasselbe wie Bitcoin 360 Ai. Unsere App enthält mehrere alternative Namen. In einigen Regionen der Welt ist beispielsweise der Begriff XBT beliebter als “Bitcoin”, aber beide Begriffe sind eigentlich dasselbe.",
  "127": "Wer ist der Eigentümer von Bitcoin 360 Ai?",
  "128": "Aufgrund von Investorenvereinbarungen haben wir die Möglichkeit. Derzeit können wir die Liste unserer Investoren nicht öffentlich zugänglich machen. Wir können jedoch bestätigen, dass zu unseren Investoren sowohl VCs aus Asien als auch einzelne hochrangige Kryptoakteure gehören.",
  "129": "Ist XBT App 360 Ai reguliert?",
  "130": "Kryptowährungen sind in den meisten Teilen der Welt nicht reguliert. Daher gibt es keine offizielle Regulierungsbehörde für die Tätigkeit der App. Als Unternehmen mit langfristiger Vision führen wir jedoch fortlaufend Selbstregulierungsmaßnahmen durch, zu denen Audits durch renommierte Unternehmen, Cybersecurity-Checks und strenge “Kenne deinen Kunden oder Partner”-Protokolle gehören, um sicherzustellen, dass unsere Lieferanten, Kunden und Dienstleister im Einklang mit den gesetzlichen und beruflichen Standards arbeiten.",
  "131": "Wie hoch ist der Preis von Bitcoin 350 Ai 2.0 Avapro?",
  "132": "Bitcoin 360 Ai 2.0 Avapro ist für alle unsere Mitglieder kostenlos. Wir erheben derzeit keinerlei Gebühren oder Provisionen; unser Geschäftsmodell zielt darauf ab, eine langfristige Beziehung zu unserer Gemeinschaft aufzubauen. In einer späteren Phase unserer App werden wir spezielle Funktionen einführen, die es interessierten Händlern ermöglichen, für ihre Nutzung zu bezahlen. Wir werden alle unsere Kunden im Voraus über Änderungen der Preispolitik informieren.",
  "133": "Letzte Worte",
  "134": "Wir sind schon seit einiger Zeit im Geschäft und haben uns bei unseren Nutzern einen ausgezeichneten Ruf erworben. Viele von ihnen, die durch die Nutzung unserer App-Dienste gute Margen erzielt haben, sind normale Menschen ohne Erfahrung im Kryptowährungshandel.",
  "135": "Wir glauben, dass der beste Weg zum Handel mit Kryptowährungen mit einer unserer Versionen, dh BTC, XBT, 2.0 Avapro App ist durch das Lernen, wie man es richtig zu verwenden. Auf unserer Website finden Sie zahlreiche Informationen über die App. Wenn Sie sich also ein wenig Zeit nehmen, sollten Sie den Einstieg erleichtern. Wir bieten auch einen umfangreichen FAQ-Bereich, in dem Sie Antworten auf alle Fragen finden.",
  "136": "Der Handel mit BTC, XBT und anderen Kryptomünzen birgt ein gewisses Risiko, aber wenn man es richtig macht, können die Risiken gemildert werden und das Margenpotenzial kann höher sein.",
  "137": "Bitcoin 360 AI & 2.0",
  "138": "Avapro Version Highlights",
  "139": "Handelsplattform",
  "140": "Krypto",
  "141": "Kosten der Plattform",
  "142": "Keine Kosten",
  "143": "Rücktrittsgebühr",
  "144": "Kostenlos",
  "145": "Art der Plattform",
  "146": "Webbasiert, proprietäre Plattform, Android von Google und iOS von Apple",
  "147": "Einzahlungsoption",
  "148": "PayPal, Skrill, Neteller, UnionPay, Webmoney, Yandex, Visa, Mastercard, AMEX, Diners Club",
  "149": "Länder",
  "150": "Alle – außer USA",
  "151": "Startseite",
  "152": "Anmeldung",
  "153": "Über uns",
  "154": "atenschutzbestimmungen",
  "155": "Geschäftsbedingungen",
  "156": "Haftungsausschluss",
  "157": "Kontakt",
  "158": "Bitcoin 360 AI – Rezension",
  "159": "REGULIERUNG & RISIKOREICHE ANLAGEWARNUNG: Der Handel mit Forex, CFDs und Kryptowährungen kann erhebliche Vorteile bringen, birgt aber auch ein gewisses Risiko und ist möglicherweise nicht für alle Anleger geeignet.Sie sollten nicht mit Kapital spekulieren, dessen Verlust Sie sich nicht leisten können.Wir empfehlen Ihnen dringend, unsere ALLGEMEINEN GESCHÄFTSBEDINGUNGEN und den vollständigen HAFTUNGSAUSSCHLUSS zu lesen, bevor Sie eine Investition tätigen.Kunden müssen sich ihrer individuellen Kapitalertragsteuerpflicht in ihrem Wohnsitzland bewusst sein.Es verstößt gegen das Gesetz, US-Bürger zum Kauf und Verkauf von Rohstoffoptionen aufzufordern, auch wenn sie als „Vorhersagekontrakte“ bezeichnet werden, es sei denn, sie sind zum Handel notiert und werden an einer CFTC-registrierten Börse gehandelt oder sind gesetzlich davon ausgenommen.Wir haben COOKIES auf Ihrem Computer platziert, um Ihre Erfahrung beim Besuch dieser Website zu verbessern.Sie können die Cookie-Einstellungen auf Ihrem Computer jederzeit ändern.Mit der Nutzung dieser Website erklären Sie sich mit der DATENSCHUTZRICHTLINIE dieser Website einverstanden."
}