{
  "1": "Bitcoin 360 Ai – Trading di criptovalute semplificato, compresa la versione BTC Avapro 2.0 Bot",
  "2": "Unisciti oggi a BTC 360 Ai",
  "3": "Ciao, noi siamo",
  "4": "Bitcoin 360 Ai",
  "5": "App",
  "6": "Che cos’è Bitcoin 360 Ai?",
  "7": "",
  "8": "BTC 360 Ai",
  "9": "è un’applicazione di auto trading basata su un algoritmo di intelligenza artificiale che attiva avvisi di trading quando vengono soddisfatti determinati criteri; ha un’interfaccia unica e facile da usare che la rende interessante sia per i principianti che per i trader esperti. Il Bitcoin Bot 360 Ai fornisce una piattaforma di trading di criptovalute sicura ma facilmente accessibile e portatile, unisciti alla nostra comunità di trader in crescita e scopri il potenziale di XBT e di altre criptovalute.",
  "10": "Registrazione sicura",
  "11": "Bitcoin 360 AI 21",
  "12": "Siamo un’app di avvisi sulle opportunità di scambio di criptovalute",
  "13": "Bitcoin 360 Ai è uno strumento di trading di criptovalute che fornisce avvisi di opportunità di trading basati su algoritmi Ai. La nostra visione è quella di diventare la più grande piattaforma per la comunità di trader di criptovalute, supportata dal social trading della nostra app e da altre funzionalità legate al crowd trade.",
  "14": "Bitcoin 360 AI 22",
  "15": "Presentazione della versione Bit Avapro 2.0 Bot Auto-trading",
  "16": "Il Bit Avapro 2.0 Bot è una versione dell’app che include due modalità di trading, una completamente automatica e una manuale. Il trading automatico autorizza l’applicazione a eseguire tutte le attività di trading senza l’intervento umano, mentre la modalità manuale non esegue le operazioni ma avvisa i trader quando le opportunità di trading sono innescate dai nostri algoritmi Ai.",
  "17": "Bitcoin 360 AI 23",
  "18": "Utilizziamo algoritmi Ai unici",
  "19": "Sofisticati algoritmi di intelligenza artificiale consentono strategie di trading Bitcoin 2.0 Avapro. Per fornire risultati ottimali ma conservativi, l’applicazione scansiona costantemente oltre 100 mercati cripto in tempo reale, alla ricerca di modelli e correlazioni storicamente provati, al fine di attivare avvisi di opportunità di trading di qualità.",
  "20": "Bit 360 Ai – Realizzato sia per i principianti che per i trader esperti di criptovalute",
  "21": "Bitcoin 360 Ai è un’applicazione dal design semplificato, ma include funzioni di trading avanzate che la rendono adatta sia ai principianti che ai trader esperti.",
  "22": "La criptovaluta sta guadagnando rapidamente riconoscimento, essendo stata scambiata per più di un decennio e quindi attrae tutti i tipi di investitori; il gruppo di investitori di BTC Bot Ai 360 comprende tutti i livelli di investitori, la nostra comunità comprende investitori altamente qualificati e neofiti che si sono imbattuti nel trading di criptovalute per la prima volta.",
  "23": "Con la nostra versione Bitcoin Avapro 2.0 chiunque può creare modelli di trading automatizzati, manuali o ibridi sulle criptovalute senza avere alcuna conoscenza preliminare.",
  "24": "I trader possono eseguire un numero illimitato di operazioni a breve o lungo termine 24 ore al giorno. Questo permette loro di massimizzare il potenziale dei mercati delle criptovalute e di avere più tempo per godersi la libertà finanziaria e il successo. L’applicazione può automatizzare la scansione dei mercati e l’esecuzione di operazioni redditizie in base alle regole stabilite dall’investitore o dal trader.",
  "25": "Registratevi con il nostro Bitcoin 360 Ai e unitevi alla nostra comunità di trader oggi stesso.",
  "26": "IL MODERNO ALGO TRADING",
  "27": "BTC 360 Ai utilizza tecnologie ultramoderne per ottenere un vantaggio nell’esecuzione degli scambi rispetto ad altri bot di trading algo. Si tratta di una delle piattaforme di trading più tecnologiche esistenti, che utilizza continuamente sofisticati algoritmi informatici per monitorare e analizzare i mercati alla ricerca delle condizioni migliori. Di conseguenza, la nostra Ai vanta un track-record costantemente ottimizzato.",
  "28": "TECNOLOGIA AVANZATA",
  "29": "BTC 2.0 Avapro Bot è un’applicazione leader nel trading di criptovalute, che offre più di 100 asset crittografici negoziabili. È il pacchetto completo. È accessibile a tutti i livelli di esperienza e ha un’interfaccia intuitiva. Inoltre, si basa su un record storico di controlli algoritmici con l’obiettivo di produrre avvisi di trading ottimali.",
  "30": "BASATO SU PREFOMANZIA",
  "31": "Le associazioni, i trader, i broker e i membri tengono in alta considerazione il BTC Bot 360 Ai per la sua comprovata esperienza e le sue elevate prestazioni anche in condizioni di mercato estreme. Inoltre, il servizio clienti è disponibile 24 ore su 24, 7 giorni su 7, il nostro team di supporto risponderà a domande generali o fornirà assistenza tecnica.",
  "32": "ISCRIVITI GRATUITAMENTE",
  "33": "Come funziona Bitcoin 360 Ai",
  "34": "ISCRIVITI GRATUITAMENTE",
  "35": "L’iscrizione è completamente gratuita, basta compilare il nostro breve modulo di registrazione situato all’inizio di questo",
  "36": "Bitcoin Avapro 2.0 homepage",
  "37": "Sono richieste informazioni di base, tra cui il nome legale completo, l’indirizzo e-mail, il numero di telefono e il paese di residenza. Dopo l’accettazione del modulo online, diventerete membri della nostra comunità di trader. Potete iniziare immediatamente a utilizzare la nostra app per il trading di criptovalute.",
  "38": "ATTIVAZIONE DELL’ACCOUNT",
  "39": "Non appena il vostro conto di trading Bitcoin 2.0 Avapro è stato registrato, siete pronti per iniziare a fare trading e a investire. Per iniziare a utilizzare l’applicazione è sufficiente investire 250 euro con uno dei broker di supporto. Siete proprietari di tutto il denaro che investite e di tutto il denaro che guadagnate. I fondi possono essere ritirati o reinvestiti in attività di trading. Potete utilizzare i fondi del vostro conto per finanziare il trading di criptovalute.",
  "40": "TRADE CRYPTO",
  "41": "Una volta che il conto è stato configurato e i fondi sono disponibili, è possibile iniziare la formazione e il trading. Il broker si occuperà di tutto ciò che riguarda la connessione della nostra applicazione con la loro piattaforma di esecuzione. l’applicazione non solo analizza il mercato alla ricerca di probabili opportunità, ma può anche eseguire le operazioni per voi per massimizzare il vostro potenziale di margine. Potete anche passare al trading manuale se preferite un maggiore controllo sulle vostre operazioni.",
  "42": "Registrati in modo sicuro a BTC 2.0 Avapro Bot ora",
  "43": "Bitcoin 360 Ai truffa – Allarme copia dell’app",
  "44": "Allarme truffa BTC 360 Ai",
  "45": "Bitcoin 360 Ai scam è uno scenario in cui fonti inaffidabili fanno copie della nostra applicazione, data la natura non regolamentata delle criptovalute in tutto il mondo, i software e i prodotti come le versioni della nostra applicazione, compresa la Bitcoin Bot 2.0, sono presi di mira dagli abusatori che stanno copiando la nostra applicazione in forme diverse. Siate certi che state visitando il sito ufficiale di",
  "46": ", la registrazione alla nostra applicazione è gratuita. Solo quando deciderete di iniziare l’attività di trading, dovrete finanziare il vostro conto con uno dei nostri broker supportati da terze parti; previo vostro consenso, passeremo i vostri dati di contatto a uno dei broker che vi guiderà e vi spiegherà le procedure di trading e di attivazione.",
  "47": "Un rapporto indipendente sulla nostra applicazione è disponibile",
  "48": "qui",
  "49": "Bit Avapro 2.0 ha risentito dei recenti media negativi sul settore delle criptovalute?",
  "50": "Assolutamente no!",
  "51": "Bitcoin 360 Ai è un’applicazione per il trading di criptovalute legittima, affidabile e rispettabile, progettata per essere semplice da usare e per fornire risultati eccezionali. Può essere utilizzato come modalità di trading automatico, eliminando le debolezze umane come l’inesperienza, le emozioni, il tempo e l’indecisione. BTC Bot Ai 360 è più di una semplice app di trading, è infatti una comunità in cui i trader possono condividere idee e risultati tra loro per formarsi. L’applicazione viene utilizzata quotidianamente da trader principianti ed esperti che ne traggono effettivamente beneficio dal punto di vista finanziario.",
  "52": "REGISTRAZIONE GRATUITA",
  "53": "Bitcoin Avapro Bot 2.0 Intelligenza artificiale",
  "54": "BTC Avapro 2.0 è un’applicazione basata sull’intelligenza artificiale che utilizza le tecnologie più recenti per far progredire il trading di criptovalute con maggiore sicurezza e margini potenziali più elevati. Grazie ai suoi algoritmi all’avanguardia, il software fornisce approfondimenti e analisi del mercato in tempo reale, consentendo di prendere decisioni informate sull’esecuzione del trading.",
  "55": "Il Avapro 360 Ai Bot viene costantemente aggiornato con le ultime caratteristiche del mercato, in modo da avere sempre gli strumenti più aggiornati per effettuare investimenti ottimali. Sarete in grado di vedere l’andamento del mercato in tempo reale e di prendere decisioni di conseguenza. Questi dati sono essenziali per chiunque voglia trarre profitto dai mercati delle criptovalute.",
  "56": "Analizzando questi dati, è possibile prendere decisioni informate su quali monete acquistare e vendere e quando farlo.",
  "57": "",
  "58": "Qui",
  "59": "potete trovare altre informazioni utili sull’intelligenza artificiale nei mercati delle criptovalute.",
  "60": "Conto demo BTC Ai Avapro 360",
  "61": "Quando si opera nel mercato azionario, sapere quando comprare e vendere è essenziale. Questo può aiutarvi a massimizzare i vostri profitti e a minimizzare le vostre perdite. Un modo per esercitarsi è quello di utilizzare un",
  "62": "conto demo",
  "63": "Un conto demo è un ottimo modo per imparare a conoscere il mercato azionario e il suo funzionamento. È inoltre possibile utilizzare la demo per testare nuove strategie.",
  "64": "Bitcoin 360 Ai demo è una versione app che viene utilizzata per testare i mercati su qualsiasi dispositivo connesso a internet.",
  "65": "Si tratta di computer fissi, tablet e dispositivi mobili, che non richiedono il download dell’applicazione.",
  "66": "L’applicazione demo di BTC 360 Ai è un ambiente privo di rischi che simula il trading sul mercato reale; nella versione demo si ottengono tutti i vantaggi dell’applicazione di trading live, come ad esempio: analisi veloce, segnali precisi e operazioni automatiche.",
  "67": "Anche la modalità di trading demo manuale include tutti i vantaggi e le caratteristiche dell’applicazione Bitcoin 360 Ai dal vivo, questa opzione di trading manuale demo vi dà un maggiore controllo sulle vostre operazioni se volete fare più pratica in modalità demo prima di passare alla modalità live.",
  "68": "Regno Unito App Bitcoin 360 Ai Martin Lewis riferimenti ai media",
  "69": "Bitcoin 360 Ai è una popolare app di trading di criptovalute che ha guadagnato popolarità in tutto il mondo e, nello specifico, nel Regno Unito, attirando così la copertura dei media; tali riferimenti mediatici sono anche generati da abusatori che stanno “cavalcando” il buzz intorno al nostro nome con l’obiettivo di guadagnare visitatori ai loro siti copiati di Bitcoin 360 Ai, una delle loro strategie è quella di utilizzare nomi di celebrità insieme al nome della nostra app – lo fanno al fine di ottenere la fiducia dei clienti per registrarsi con loro. Di recente ci siamo imbattuti nei media britannici in riferimenti all’investimento effettuato in Bitcoin 360 Ai da Martin Lewis. Desideriamo chiarire che la stampa relativa a Martin Lewis non è stata pubblicata da noi e non ci riguarda in alcun modo.",
  "70": "Come si evince da",
  "71": "questo",
  "72": "rapporto attendibile, qualsiasi pubblicità che parli di investimenti effettuati da Matin Lewis in Bitcoin 360 Ai e probabilmente in qualsiasi altra app di trading di criptovalute è falsa.",
  "73": "Elon Musk Bitcoin 360 Ai copertura mediatica",
  "74": "BTC Ai Bot 2.0 è una popolare applicazione per il trading di criptovalute, il successo della nostra applicazione, che opera nella nicchia delle criptovalute – una nicchia regolamentata in modo incerto nella maggior parte del mondo, è un successo che attira la stampa da tutti i tipi di parti, purtroppo anche da alcuni abusatori che usano il nostro nome in modo non etico e illegale. Abbiamo notato una certa copertura mediatica su un collegamento tra Elon Musk e Bitcoin 360 Ai – e ci piace affermare che tale stampa non proviene da noi e per quanto vorremmo divulgare la nostra lista di investitori, non possiamo a causa degli accordi sulla privacy che abbiamo in vigore. Desideriamo chiarire che non è stata pubblicata da noi alcuna stampa relativa a qualsiasi tipo di collegamento tra Elon Musk e Bitcoin360ai.com e che tale collegamento non esiste.",
  "75": "La versione ibrida auto-manuale-trading dell’App Bit 2.0 Avapro combina funzioni di trading manuale e automatizzato che la fanno emergere rispetto alla concorrenza.",
  "76": "Caratteristiche principali della versione predefinita di Bitcoin 360 Ai e dell’app 2.0 Avapro",
  "77": "Il prezzo di Bitcoin 360 Ai è pari a zero",
  "78": "Il prezzo di Bitcoin 360 Ai è pari a zero. Non è previsto alcun costo di registrazione, tutte le attività di trading e l’utilizzo delle nostre funzioni sono completamente gratuiti. guadagneremo i nostri compensi dalla futura funzione che introdurremo nel secondo e terzo trimestre del 2023.",
  "79": "Nessun download obbligatorio",
  "80": "La versione web di BTC 2.0 Avapro 360 Ai non richiede installazione o download, in quanto si tratta di una piattaforma basata su Internet che può essere utilizzata da qualsiasi browser connesso a Internet e da qualsiasi dispositivo o luogo.",
  "81": "Bitcoin 360 Ai registrazione senza problemi",
  "82": "La registrazione a Bitcoin 360 Ai è facile e veloce. Il processo di registrazione è facile e veloce; una volta fatto, sarete in grado di connettervi con uno dei broker dove potrete eseguire le operazioni.",
  "83": "Verifica",
  "84": "facile",
  "85": "e veloce",
  "86": "Bitcoin 360 Ai rende facile e sicura la verifica del vostro conto. Al momento della registrazione, con il vostro consenso, trasferiremo i vostri dati di contatto a uno dei broker di supporto che vi contatterà per verificare e attivare il vostro conto di trading.",
  "87": "Interfaccia facile da usare",
  "88": "La piattaforma di auto-trading Bitcoin 360 Ai ha un’interfaccia molto intuitiva ed è facile da usare. È stato creato con l’obiettivo di supportare gli operatori inesperti. Di conseguenza, l’applicazione è facile da usare ma include funzioni di trading avanzate.",
  "89": "Fondi minimi richiesti",
  "90": "Il requisito del deposito iniziale con la maggior parte dei broker che supportano le nostre app è di 250 euro. Questo importo verrà utilizzato solo per finanziare le operazioni e non per le spese dell’applicazione, che attualmente sono completamente gratuite.",
  "91": "Selezione di più asset",
  "92": "Utilizzando la nostra App, è possibile ricevere avvisi di opportunità di trading su valute fiat, azioni, materie prime e criptovalute multiple (Bitcoin Cash, XBT, Ethereum Monero, Ripple e Dash) Questa funzione è disponibile per tutti i membri di BTC 360 Ai.",
  "93": "Bitcoin 360 Ai reddit e altre comunità",
  "94": "I membri di Bitcoin 360 Ai stanno diventando una comunità che fa brainstorming, condivide idee o semplicemente parla di argomenti di vita generale su piattaforme come reddit, discord e altre. man mano che il nostro progetto si sviluppa, amministreremo questi canali di comunità e incoraggeremo i colloqui tra i nostri membri.",
  "95": "Efficienza dei tempi per il rilascio di nuove funzionalità",
  "96": "I membri di Bitcoin Bot 360 Ai sono sempre un passo avanti! Questo è solo uno dei tanti vantaggi che danno al software il suo vantaggio e la capacità di raggiungere una tale popolarità in tutto il mondo.",
  "97": "Impostazioni conservative o a rischio elevato",
  "98": "Bitcoin 360 Ai è progettato per identificare potenziali opportunità di trading e trasformarle in segnali di trading. L’applicazione consente di impostare il livello di rischio degli avvisi, il che significa che ogni trader può personalizzare le funzioni dell’applicazione in base alla propria propensione al rischio.",
  "99": "Pagamenti facili e sicuri",
  "100": "Per finanziare e prelevare il vostro conto del broker 2.0 Avapro 360 Ai supportive, potete utilizzare una carta di credito o di debito, trasferimenti di denaro, bonifici bancari e persino qualsiasi portafoglio elettronico. Qualsiasi prelievo verrà restituito al metodo di pagamento originale utilizzato per finanziare il conto.",
  "101": "Rigorosa sicurezza dei dati",
  "102": "Tutti i vostri dati finanziari, le informazioni personali e le azioni di trading sono rigorosamente conservati in un ambiente sicuro. La vostra sicurezza è la nostra reputazione, è nostra priorità assoluta mantenere le vostre informazioni secondo i più alti standard di sicurezza.",
  "103": "Conto demo BTC 360 Ai",
  "104": "Potete testare le regole scelte con il conto demo Bitcoin 360 Ai ed esercitarvi senza rischi. Dopo aver acquisito una certa dimestichezza con le operazioni demo, è possibile iniziare a effettuare transazioni reali.",
  "105": "Funzione di backtesting moderna",
  "106": "La funzione Backtesting dell’app Bitcoin Bot 360 Ai versoin consente di testare le strategie di trading in base alle condizioni di mercato passate. In questo modo è possibile modificare e ottimizzare le impostazioni in qualsiasi momento.",
  "107": "Personalizzazione flessibile",
  "108": "Bitcoin 360 Ai offre numerose modalità di trading e variabili personalizzabili. In questo modo è possibile personalizzare al massimo le proprie preferenze di trading.",
  "109": "Assistenza clienti 24/7",
  "110": "Il successo, il comfort e la soddisfazione di clienti e committenti sono la nostra massima priorità. Per questo motivo abbiamo rappresentanti del servizio clienti disponibili 24 ore su 24, 7 giorni su 7, per aiutarvi.",
  "111": "ISCRIVITI ORA",
  "112": "Risorse competenti",
  "113": "Bitcoin Bot 360 Ai vuole che abbiate tutte le risorse educative di cui avete bisogno in un unico posto.",
  "114": "Questo vi permetterà di tenervi al passo con le ultime notizie e tendenze, di istruirvi, di acquisire le conoscenze e gli strumenti necessari per avere successo nel mercato degli asset digitali e di massimizzare il vostro potenziale di guadagno.",
  "115": "Unisciti alla nostra comunità e scopri la storia del mercato, le strategie di trading e i consigli, l’estrazione di criptovalute, le guide dettagliate e altre informazioni utili.",
  "116": "DOMANDE FREQUENTI",
  "117": "Che cos’è Bitcoin 360 Ai?",
  "118": "Bitcoin 360 Ai è un’applicazione per il trading di criptovalute che produce avvisi di opportunità di trading grazie ad algoritmi che analizzano i movimenti di mercato in tempo reale alla ricerca di modelli e correlazioni e li confrontano con le scansioni storiche di back-testing, in modo che quando vengono soddisfatte determinate condizioni – un avviso di opportunità di trading viene attivato sul front-end dell’applicazione.",
  "119": "Che cos’è il Bitcoin 2.0 Avapro 360 Ai?",
  "120": "Il Bitcoin 2.0 Avapro 360 Ai è una versione app che include modelli ibridi in cui i trader possono scegliere tra l’esecuzione automatica delle operazioni e quella manuale; la versione iFex è disponibile per tutti i trader e non richiede alcuna configurazione o costo aggiuntivo.",
  "121": "Quali sono le indicazioni di legittimità di Bitcoin 360 Ai 2.0 Avapro?",
  "122": "Bitcoin 360 Ai 2.0 Avapro è un’app legittima per il trading di criptovalute,",
  "123": "diversi operatori abusivi di app stanno approfittando del nostro nome e della nostra reputazione,",
  "124": "ma potete facilmente assicurarvi di registrarvi con l’app corretta semplicemente controllando che vi stiate registrando con l’URL autentico bitcoin360ai.com. Inoltre, non vi chiederemo mai alcuna commissione. L’unico pagamento che vi verrà richiesto è quello di finanziare il vostro conto di trading con uno dei broker che supportano l’app, e potrete farlo solo quando vi sentirete abbastanza sicuri di operare, mentre altre app abusive richiederanno pagamenti anticipati.",
  "125": "XBT App 2.0 Avapro 360 Ai è uguale a BTC 360 Ai?",
  "126": "Sì, XBT App 2.0 Avapro 360 Ai è uguale a Bitcoin 360 Ai. La nostra applicazione include diversi nomi alternativi. Ad esempio, in alcune regioni del mondo, il termine XBT è più popolare di “Bitcoin”, ma entrambi i termini sono in realtà la stessa cosa.",
  "127": "Chi è il proprietario di Bitcoin 360 Ai?",
  "128": "A causa degli accordi con gli investitori, abbiamo in essere. Al momento non possiamo rendere pubblico l’elenco dei nostri investitori. Tuttavia, possiamo confermare che tra i nostri investitori ci sono VC asiatici e singoli giocatori di criptovalute di alto livello.",
  "129": "XBT App 360 Ai è regolamentata?",
  "130": "Le criptovalute non sono regolamentate nella maggior parte del mondo. Pertanto, non esiste un regolatore ufficiale per l’attività dell’app. Tuttavia, in quanto azienda con una visione a lungo termine, conduciamo continue azioni di autoregolamentazione, che comprendono audit da parte di aziende affidabili, controlli di cybersicurezza e rigorosi protocolli di “conoscenza del cliente o del partner” per garantire che i nostri fornitori, clienti e fornitori di servizi lavorino in linea con gli standard normativi e professionali.",
  "131": "Qual è il prezzo di Bitcoin 350 Ai 2.0 Avapro?",
  "132": "Bitcoin 360 Ai 2.0 Avapro è gratuito per tutti i nostri membri. Attualmente non applichiamo alcun costo o commissione; la nostra visione del modello di business è quella di creare un rapporto a lungo termine con la nostra comunità. In una fase successiva del live della nostra app, introdurremo funzioni speciali che consentiranno ai trader interessati di pagare per il loro utilizzo. Informeremo tutti i nostri clienti in anticipo delle modifiche alla politica dei prezzi.",
  "133": "Parole finali",
  "134": "Siamo presenti da tempo e ci siamo costruiti un’ottima reputazione tra i nostri utenti. Molti di loro che hanno ottenuto buoni margini di guadagno utilizzando i servizi della nostra app sono persone comuni senza esperienza nel trading di criptovalute.",
  "135": "Riteniamo che il modo migliore per negoziare criptovalute utilizzando una qualsiasi delle nostre versioni, ossia BTC, XBT, 2.0 Avapro App, sia quello di imparare a usarla correttamente. Sul nostro sito web sono disponibili molte informazioni sull’applicazione, quindi dedicare un po’ di tempo alla navigazione dovrebbe aiutarvi a iniziare. Offriamo anche un’ampia sezione di FAQ in cui troverete le risposte a qualsiasi domanda.",
  "136": "Il trading di BTC, XBT e altre criptovalute comporta alcuni rischi, ma se viene effettuato correttamente, i rischi possono essere mitigati e il margine potenziale può essere più elevato.",
  "137": "Bitcoin 360 AI e versione 2.0",
  "138": "Avapro Punti salienti",
  "139": "Piattaforma di trading",
  "140": "Crittografia",
  "141": "Costo della piattaforma",
  "142": "Nessun costo",
  "143": "Tassa di recesso",
  "144": "Gratuito",
  "145": "Tipo di piattaforma",
  "146": "Basato sul web, piattaforma proprietaria, Android di Google e iOS di Apple",
  "147": "Opzione di deposito",
  "148": "PayPal, Skrill, Neteller, UnionPay, Webmoney, Yandex, Visa, Mastercard, AMEX, Diners Club",
  "149": "Paesi",
  "150": "Tutti – Tranne gli Stati Uniti",
  "151": "Pagina principale",
  "152": "Entra",
  "153": "Chi siamo",
  "154": "Politica sulla riservatezza",
  "155": "Termini e condizioni",
  "156": "Dichiarazione di non responsabilità",
  "157": "Contattaci",
  "158": "Recensione Bitcoin 360 AI",
  "159": "REGOLAMENTAZIONE E AVVISO DI INVESTIMENTO AD ALTO RISCHIO: Il trading di Forex, CFD e criptovalute può generare benefici significativi, ma comporta anche un livello di rischio e potrebbe non essere adatto a tutti gli investitori.Non dovresti speculare con capitali che non puoi permetterti di perdere.Ti consigliamo vivamente di leggere i nostri TERMINI e CONDIZIONI e la pagina completa del DISCLAIMER prima di effettuare qualsiasi investimento.I clienti devono essere consapevoli della loro responsabilità fiscale individuale sulle plusvalenze nel loro paese di residenza.È contro la legge sollecitare i soggetti statunitensi ad acquistare e vendere opzioni su materie prime, anche se sono chiamati contratti di “previsione”, a meno che non siano quotati per la negoziazione e negoziati su una borsa registrata CFTC o a meno che non siano legalmente esenti.Abbiamo inserito COOKIE sul tuo computer per migliorare la tua esperienza quando visiti questo sito web.Puoi modificare le impostazioni dei cookie sul tuo computer in qualsiasi momento.L’uso di questo sito Web indica l’accettazione della POLITICA SULLA PRIVACY di questo sito Web."
}