{
  "1": "Bitcoin 360 Ai – Forenklet kryptohandel, inkludert BTC Avapro 2.0 Bot-versjon",
  "2": "Bli med BTC 360 Ai i dag",
  "3": "Hei, vi er",
  "4": "Bitcoin 360 Ai",
  "5": "App",
  "6": "Hva er Bitcoin 360 Ai?",
  "7": "",
  "8": "BTC 360 Ai",
  "9": "er en autohandel AI-algoritmedrevet app som utløser handelsvarsler når visse kriterier er oppfylt, den har et unikt brukervennlig grensesnitt som gjør det attraktivt for både nybegynnere og avanserte tradere. Bitcoin Bot 360 Ai gir en sikker, men likevel lett tilgjengelig og bærbar kryptohandelsplattform, bli med i vårt voksende handelsfellesskap og oppdag potensialet til XBT og andre kryptovalutaer.",
  "10": "Registrer deg trygt",
  "11": "Bitcoin 360 AI 21",
  "12": "Vi er en app for varsling av kryptohandelsmuligheter",
  "13": "Bitcoin 360 Ai er et kryptohandelsverktøy som gir varsler om handelsmuligheter basert på Ai-drevne algoritmer. Vår visjon er å bli den største plattformen for kryptohandlerfellesskap støttet av appens sosiale handel og andre folkehandelrelaterte funksjoner.",
  "14": "Bitcoin 360 AI 22",
  "15": "Vi introduserer vår Bit Avapro 2.0 Bot Auto-trading versjon",
  "16": "Bit Avapro 2.0 Bot er en appversjon som inkluderer to handelsmoduser, en fullstendig automatisk handelsmodus og en manuell modus. Automatisk handel autoriserer appen til å utføre alle handelsaktiviteter uten menneskelig innblanding, mens den manuelle modusen ikke utfører handlene, men i stedet varsler handelsmenn når handelsmuligheter utløses av våre Ai-algoritmer.",
  "17": "Bitcoin 360 AI 23",
  "18": "Vi bruker unike Ai-algoritmer",
  "19": "Sofistikerte kunstig intelligens-algoritmer styrker Bitcoin 2.0 Avapro-handelsstrategier. For å levere optimale, men likevel konservative resultater, skanner appen hele tiden over 100 kryptomarkeder i sanntid, og søker etter historisk beviste mønstre og korrelasjoner for å utløse handelsmulighetsvarsler av høy kvalitet.",
  "20": "Bit 360 Ai – Laget for både nybegynnere og erfarne kryptohandlere",
  "21": "Bitcoin 360 Ai er en forenklet designet app, men inneholder likevel avanserte handelsfunksjoner som gjør den egnet for både nybegynnere og avanserte tradere.",
  "22": "Crypto får raskt anerkjennelse og anerkjennelse, etter å ha blitt handlet i mer enn et tiår nå og tiltrekker seg derfor alle typer investorer; BTC Bot Ai 360-investorgruppen omfatter alle nivåer av investorer, samfunnet vårt inkluderer svært dyktige investorer så vel som nybegynnere som kom over kryptohandel for aller første gang.",
  "23": "Med vår Bitcoin Avapro 2.0-versjon kan hvem som helst lage automatiserte, manuelle eller hybride kryptovalutahandelsmodeller uten å ha noen forkunnskaper.",
  "24": "Traders kan utføre ubegrenset antall kort- eller langsiktige handler 24 timer i døgnet. Dette lar dem maksimere potensialet til kryptomarkedene og ha mer tid til å nyte deres økonomiske frihet og suksess. Appen kan automatisere skanning av markedene og utførelse av lønnsomme handler i henhold til investorens eller traderens fastsatte regler.",
  "25": "Registrer deg med vår Bitcoin 360 Ai og bli med i handelsfellesskapet vårt i dag",
  "26": "MODERNE ALGOHANDEL",
  "27": "BTC 360 Ai bruker ultramoderne teknologier for å oppnå handelsutførelsesfordeler i forhold til andre algohandelsroboter. Dette er en av de mest høyteknologiske handelsplattformene som finnes, den bruker kontinuerlig sofistikerte dataalgoritmer for å overvåke og analysere markeder for de beste forholdene. Som et resultat kan vår Ai skryte av kontinuerlig optimaliserte sporrekorder.",
  "28": "AVANSERT TEKNOLOGI",
  "29": "BTC 2.0 Avapro Bot er en ledende app for handel med kryptovaluta, den tilbyr mer enn 100 omsettelige kryptoaktiva. Det er den komplette pakken. Den er tilgjengelig for alle nivåer av erfaring og har et intuitivt grensesnitt. I tillegg er det basert på en historisk rekord algoritmesjekker med et mål om å produsere optimale handelsvarsler.",
  "30": "PREFOMANSERT BASERT",
  "31": "Foreninger, forhandlere, meglere og medlemmer holder BTC Bot 360 Ai høye estimat på grunn av sin påviste merittliste og høy ytelse selv i ekstreme markedsforhold. I tillegg er kundeservice tilgjengelig 24/7, vårt supportteam vil svare på generelle spørsmål eller gi teknisk assistanse.",
  "32": "REGISTRER DEG GRATIS",
  "33": "Hvordan fungerer Bitcoin 360 Ai",
  "34": "REGISTRER DEG GRATIS",
  "35": "Registrering er helt gratis, bare fyll ut vårt korte registreringsskjema øverst i denne",
  "36": "Bitcoin Avapro 2.0 homepage",
  "37": "Grunnleggende informasjon, inkludert ditt fulle juridiske navn, e-postadresse, telefonnummer og bostedsland, er påkrevd. Etter at nettskjemaet er akseptert, vil du bli medlem av handelsfellesskapet vårt. Du kan umiddelbart begynne å bruke vår app for handel med kryptovaluta.",
  "38": "KONTOAKTIVERING",
  "39": "Så snart din Bitcoin 2.0 Avapro handelskonto er registrert, er du klar til å begynne å handle og investere. Du trenger bare å investere €250 hos en av støttemeglerne for å begynne å bruke appen. Du eier alle pengene du investerer og alle pengene du tjener. Midlene kan tas ut eller reinvesteres i handelsaktiviteter. Du kan bruke midlene fra kontoen din til å finansiere kryptohandel.",
  "40": "HANDEL KRYPTO",
  "41": "Når kontoen din er satt opp og tilgjengelige midler, kan du begynne å trene og handle. Megleren vil håndtere alt når det gjelder å koble appen vår med deres utførelsesplattform. Appen skanner ikke bare markedet for sannsynlige muligheter, men kan også utføre handler for deg for å maksimere marginpotensialet ditt. Du kan også bytte til manuell handel hvis du foretrekker mer kontroll over handlene dine.",
  "42": "Registrer deg trygt til BTC 2.0 Avapro Bot nå",
  "43": "Bitcoin 360 Ai-svindel – Advarsel om appkopiering",
  "44": "BTC 360 Ai svindelvarsel",
  "45": "Bitcoin 360 Ai-svindel er et scenario der upålitelige kilder som lager kopier av appen vår, gitt den uregulerte naturen til kryptovalutaer over hele verden, programvare og produkter som appversjonene våre inkludert Bitcoin Bot 2.0 er målrettet av misbrukere som kopierer appen vår i forskjellige former og fasonger. Vær sikker på at du nå besøker",
  "46": "offisielle nettsted, det er gratis å registrere seg med appen vår. Først når du bestemmer deg for å starte handelsaktiviteten, må du finansiere kontoen din hos en av våre tredjeparts støttede meglere, etter ditt samtykke vil vi videreformidle kontaktinformasjonen din til en av meglerne som vil veilede og forklare deg om handel så vel som aktiveringsprosedyrer.",
  "47": "En uavhengig rapport om appen vår finner du",
  "48": "her",
  "49": "Blir Bit Avapro 2.0 påvirket av de siste negative mediene om kryptoindustrien?",
  "50": "Absolutt ikke!",
  "51": "Bitcoin 360 Ai er en legitim, pålitelig og anerkjent kryptohandelsapp, den ble designet for å være enkel å bruke og likevel levere eksepsjonelle resultater. Den kan brukes som en automatisert handelsmodus, og eliminerer menneskelige svakheter som uerfarenhet, følelser, tid og ubesluttsomhet. BTC Bot Ai 360 er mer enn bare en handelsapp, det er faktisk et fellesskap der tradere kan dele ideer og resultater med hverandre for å utdanne seg. Appen brukes daglig av nybegynnere og erfarne handelsmenn som faktisk drar nytte av den økonomisk",
  "52": "GRATIS REGISTRERING",
  "53": "Bitcoin Avapro Bot 2.0 Kunstig intelligens",
  "54": "BTC Avapro 2.0 er en kunstig intelligensdrevet app som bruker de nyeste teknologiene for å fremme kryptohandelen din med mer selvtillit og høyere marginer. Med sine banebrytende algoritmer gir programvaren markedsinnsikt og analyse i sanntid, slik at du kan ta informerte beslutninger om utførelse av handel.",
  "55": "Avapro 360 Ai Bot oppdateres kontinuerlig med de nyeste markedsfunksjonene, slik at du alltid har de mest oppdaterte verktøyene for å gjøre optimale investeringer. Du vil kunne se hvordan markedet gjør det i sanntid og ta beslutninger deretter. Disse dataene er avgjørende for alle som ønsker å tjene penger på kryptomarkedene.",
  "56": "Ved å analysere disse dataene kan du ta informerte beslutninger om hvilken mynt du skal kjøpe og selge og når du skal gjøre det.",
  "57": "Finn",
  "58": "her",
  "59": "litt mer nyttig informasjon om kunstig intelligens i kryptovalutamarkedene",
  "60": "BTC Ai Avapro 360 demokonto",
  "61": "Når du handler i aksjemarkedet, er det viktig å vite når du skal kjøpe og selge. Dette kan hjelpe deg med å maksimere fortjenesten og minimere tapene dine. En måte å praktisere dette på er å bruke en",
  "62": "demokonto",
  "63": "En demokonto er en fin måte å lære om aksjemarkedet og hvordan det fungerer. Du kan også bruke demoen til å teste nye strategier.",
  "64": "Bitcoin 360 Ai demo er en appversjon som brukes til å teste markedene på alle enheter som er koblet til internett.",
  "65": "Dette inkluderer stasjonære datamaskiner, nettbrett og mobile enheter, alle krever ikke nedlasting av appen.",
  "66": "BTC 360 Ai demo-applikasjonen er et risikofritt miljø som simulerer ekte markedshandel, i demoversjonen får du alle fordelene med live trading-appen, som: rask analyse, presise signaler og automatiserte handler.",
  "67": "Selv den manuelle demo-handelsmodusen inkluderer alle fordelene og funksjonene til live Bitcoin 360 Ai-appen, dette manuelle demo-handelsalternativet gir deg større kontroll over handlene dine hvis du vil ha mer trening på demomodus før du går live.",
  "68": "UK App Bitcoin 360 Ai Martin Lewis mediereferanser",
  "69": "Bitcoin 360 Ai er en populær kryptohandelsapp som ble populær over hele verden, og spesifikt i Storbritannia tiltrekker den mediedekning, slike mediereferanser genereres også av misbrukere som “sirrer” rundt navnet vårt med et mål om å få besøkende til deres kopierte Bitcoin 360 Ai-nettsteder er en av deres strategier å bruke kjendisnavn sammen med appnavnet vårt – de gjør dette for å få tillit fra klienter til å registrere seg hos dem. Vi kom nylig over referanser i britiske medier om investering gjort i Bitcoin 360 Ai av Martin Lewis. Vi ønsker å presisere at slik mediepresse angående Martin Lewis ikke ble publisert av oss og i alle fall ikke er relatert til oss.",
  "70": "Som du kan se i",
  "71": "denne",
  "72": "pålitelige rapporten, er enhver annonse som snakker om investeringer gjort av Matin Lewis i Bitcoin 360 Ai og sannsynligvis en hvilken som helst annen kryptohandelsapp, falsk.",
  "73": "Elon Musk Bitcoin 360 Ai mediedekning",
  "74": "BTC Ai Bot 2.0 er en populær app for handel med kryptoaktiva, suksessen til appen vår, som opererer i kryptovaluta-nisjen – en usikker regulatorisk nisje i de fleste deler av verden, er en suksess som tiltrekker seg presse fra alle forskjellige typer parter, dessverre også fra noen overgripere som bruker navnet vårt uetisk og uleselig. Vi la merke til en del mediedekning om en forbindelse mellom Elon Musk og Bitcoin 360 Ai – og vi ønsker å opplyse at slik presse ikke kom fra oss, og så mye som vi ønsker å avsløre vår investorliste, kan vi ikke på grunn av personvernavtaler vi ha på plass. Vi ønsker å presisere at ingen mediepresse relatert til noen form for forbindelse mellom Elon Musk og Bitcoin360ai.com ble publisert av oss, og en slik forbindelse eksisterer ikke.",
  "75": "Vår Bit 2.0 Avapro hybrid auto-manuelle handel App-versjon kombinerer humen manuelle og automatiserte handelsfunksjoner som gjør at den skiller seg ut over konkurrenter.",
  "76": "Bitcoin 360 Ai standard og 2.0 Avapro App-versjon hovedfunksjoner",
  "77": "Bitcoin 360 Ai-prisen er null",
  "78": "Bitcoin 360 Ai-prisen er null. Det er ingen registreringsavgift, all handelsaktivitet og bruk av funksjonene våre er helt gratis. vi vil tjene våre avgifter fra fremtidige funksjoner som vi vil introdusere i løpet av 2. kvartal, 3. kvartal 2023.",
  "79": "Ingen obligatorisk nedlasting",
  "80": "BTC 2.0 Avapro 360 Ai-nettversjonen krever ikke installasjon eller nedlasting, fordi det er en nettbasert plattform på Internett som kan betjenes fra hvilken som helst internetttilkoblet nettleser og fra hvilken som helst enhet eller plassering.",
  "81": "Bitcoin 360 Ai registrering uten problemer",
  "82": "Det er enkelt og raskt å registrere seg for Bitcoin 360 Ai. Registreringsprosessen er enkel og rask, når den er ferdig, vil du kunne koble den til en av meglere hvor du kan utføre handlene.",
  "83": "Rask",
  "84": "og",
  "85": "enkel verifisering",
  "86": "Bitcoin 360 Ai gjør det enkelt og sikkert å verifisere kontoen din. Ved registrering, med ditt samtykke, vil vi overføre kontaktinformasjonen din til en av støttemeglerne som vil kontakte deg for å bekrefte og aktivere handelskontoen din.",
  "87": "Brukervennlig grensesnitt",
  "88": "Bitcoin 360 Ai automatisk handelsplattform har et veldig intuitivt grensesnitt og er enkel å betjene. Den ble opprettet for å støtte uerfarne handler. Som et resultat er appen enkel å bruke, men har likevel avanserte handelsfunksjoner.",
  "89": "Minimumsmidler kreves",
  "90": "Det første innskuddskravet hos de fleste av våre app-støttemeglere er €250. Dette beløpet vil kun bli brukt til å finansiere handler og ikke overhodet for app-avgifter som for øyeblikket er helt gratis",
  "91": "Valg av flere eiendeler",
  "92": "Ved å bruke appen vår kan du få handelsmulighetsvarsler på fiat-valutaer, aksjer, råvarer og flere kryptovalutaer (Bitcoin Cash, XBT, Ethereum Monero, Ripple og Dash) denne funksjonen er tilgjengelig for alle BTC 360 Ai-medlemmer.",
  "93": "Bitcoin 360 Ai reddit og andre fellesskap",
  "94": "Bitcoin 360 Ai-medlemmer er i ferd med å bli et fellesskap som brainstormer, deler ideer eller bare snakker om generelle livstemaer på plattformer som reddit, discord og andre. Etter hvert som prosjektet vårt utvikler seg, vil vi administrere slike fellesskapskanaler og oppmuntre til samtaler mellom medlemmene våre.",
  "95": "Tidseffektivitet på nye funksjonsutgivelser",
  "96": "Bitcoin Bot 360 Ai-medlemmer er alltid et skritt foran!. Dette er bare en av de mange fordelene som gir programvaren dens fordel og muligheten til å oppnå så høy popularitet over hele verden.",
  "97": "Konservative eller høyere risikoinnstillinger",
  "98": "Bitcoin 360 Ai er designet for å identifisere potensielle handelsmuligheter og gjøre dem om til handelssignaler. Appen lar deg angi risikonivået for varslene, noe som betyr at hver trader kan tilpasse appfunksjonene basert på individuell risikoappetitt.",
  "99": "Enkel og sikker innbetalinger og utbetalinger",
  "100": "For finansiering og uttak av din 2.0 Avapro 360 Ai støttende meglerkonto, kan du bruke et kredittkort eller debetkort, pengeoverføringer, bankoverføringer og til og med alle elektroniske lommebøker. Ethvert uttak vil bli betalt tilbake til den opprinnelige betalingsmetoden du brukte til å sette inn penger på kontoen din.",
  "101": "Streng datasikkerhet",
  "102": "Alle dine økonomiske, personlige opplysninger og handelshandlinger holdes strengt i et sikkert miljø. Din sikkerhet er vårt rykte, det er vår høyeste prioritet å holde informasjonen din på de høyeste sikkerhetsstandardene.",
  "103": "BTC 360 Ai demokonto",
  "104": "Du kan teste dine valgte regler med Bitcoin 360 Ai Demo Account og øve på ferdighetene dine uten risiko. Etter at du er dyktig i demohandler, kan du starte ekte transaksjoner.",
  "105": "Moderne Backtesting-funksjon",
  "106": "Backtesting-funksjonen i Bitcoin Bot 360 Ai-appversoin lar deg teste handelsstrategiene dine på tidligere markedsforhold. Dette vil gjøre deg i stand til å endre og optimalisere innstillingene dine når som helst.",
  "107": "Fleksibel tilpasning",
  "108": "Bitcoin 360 Ai tilbyr mange handelsmoduser og variabler som kan tilpasses. Dette gir maksimal tilpasning for å passe dine handelspreferanser.",
  "109": "24/7 kundestøtte",
  "110": "Kunders og klienters suksess, komfort og tilfredshet er vår høyeste prioritet. Dette er grunnen til at vi har kundeservicerepresentanter tilgjengelig 24/7 for å hjelpe deg.",
  "111": "REGISTRER DEG NÅ",
  "112": "Kunnskapsrike ressurser",
  "113": "Bitcoin Bot 360 Ai vil at du skal ha alle utdanningsressursene du trenger på ett sted.",
  "114": "Dette vil tillate deg å følge med på de siste nyhetene og trendene, utdanne deg selv, få kunnskapen og verktøyene du trenger for å lykkes i det digitale aktivamarkedet, og maksimere potensialet for å tjene penger.",
  "115": "Bli med i fellesskapet vårt og lær mer om historien til markedet, handelsstrategier og tips, utvinning av kryptovaluta, detaljerte guider og annen nyttig informasjon.",
  "116": "OFTE STILTE SPØRSMÅL",
  "117": "Hva er Bitcoin 360 Ai?",
  "118": "coin 360 Ai er en Ai-drevet app for kryptohandel som produserer varsler om handelsmuligheter drevet av algoritmer som skanner markedsbevegelser i et søk etter mønstre og korrelasjoner og sammenligner dem med historiske baktestingsskanninger, så når visse betingelser er oppfylt – en handel mulighetsvarsel utløses på appens frontend.",
  "119": "Hva er Bitcoin 2.0 Avapro 360 Ai?",
  "120": "Bitcoin 2.0 Avapro 360 Ai er en appversjon som inkluderer hybridmodeller der tradere kan velge mellom automatisert handel eller manuell handel; iFex-versjonen er tilgjengelig for alle tradere og krever ingen ekstra oppsett eller kostnader.",
  "121": "Hva er Bitcoin 360 Ai 2.0 Avapro legitimitetsindikasjoner?",
  "122": "Bitcoin 360 Ai 2.0 Avapro er en legitim kryptohandelsapp,",
  "123": "flere misbrukende appoperatører utnytter vårt navn og rykte,",
  "124": "men du kan enkelt sørge for at du registrerer deg med riktig app ganske enkelt ved å sjekke at du registrerer deg med den autentiske bitcoin360ai.com URL . Dessuten vil vi aldri be om gebyrer fra deg. Den eneste betalingen du vil bli pålagt å gjøre er å finansiere handelskontoen din hos en av de app-støttende meglerne, og du kan bare gjøre det når du føler deg trygg nok til å handle handel, mens andre misbrukende apper vil kreve forhåndsbetalinger.",
  "125": "Er XBT App 2.0 Avapro 360 Ai det samme som BTC 360 Ai?",
  "126": "a, XBT App 2.0 Avapro 360 Ai er den samme som Bitcoin 360 Ai. Appen vår inneholder flere alternative navn. Som et eksempel, i noen regioner i verden, er begrepet XBT mer populært enn ‘Bitcoin’, men begge begrepene er faktisk de samme.",
  "127": "Hvem er eieren av Bitcoin 360 Ai?",
  "128": "På grunn av investoravtaler har vi på plass. Vi kan for øyeblikket ikke offentliggjøre investorlisten vår. Vi kan imidlertid bekrefte at våre investorer inkluderer VC-er fra Asia så vel som individuelle høyt rangerte kryptospillere.",
  "129": "Er XBT App 360 Ai regulert?",
  "130": "Kryptovalutaer er ikke regulert i de fleste deler av verden. Derfor er det ingen offisiell regulator for appaktiviteten. Som et langsiktig visjonsselskap gjennomfører vi imidlertid pågående selvregulerende handlinger, som inkluderer revisjoner av anerkjente firmaer, cybersikkerhetskontroller og strenge “kjenn din klient eller partner”-protokoller for å sikre at våre leverandører, kunder og tjenesteleverandører jobber inline. med regulatoriske og profesjonelle standarder.",
  "131": "Hva er prisen på Bitcoin 350 Ai 2.0 Avapro?",
  "132": "Bitcoin 360 Ai 2.0 Avapro er gratis for alle våre medlemmer. Vi tar for øyeblikket ingen gebyrer eller provisjoner overhodet; vår forretningsmodellvisjon er å skape et langsiktig forhold til samfunnet vårt. På et senere tidspunkt i live-appen vår vil vi introdusere spesielle funksjoner som gjør det mulig for tradere som er interessert i å betale for bruken deres. Vi vil informere alle våre kunder på forhånd om endringer i prispolitikken.",
  "133": "Siste ord",
  "134": "Vi har eksistert en stund og har bygget et utmerket rykte blant brukerne våre. Mange av dem som har gjort gode marginer ved å bruke app-tjenestene våre er vanlige folk uten erfaring med handel med kryptovaluta.",
  "135": "Vi tror at den beste måten å handle kryptovalutaer ved å bruke noen av våre versjoner, dvs. BTC, XBT, 2.0 Avapro App er ved å lære å bruke den riktig. Du kan finne mye informasjon om appen på nettsiden vår, så å bruke litt tid på å bla gjennom den bør hjelpe deg i gang. Vi tilbyr også en omfattende FAQ-seksjon hvor du finner svar på eventuelle spørsmål.",
  "136": "Det er en viss risiko involvert i handel med BTC, XBT og andre kryptomynter, men hvis det gjøres riktig, kan risikoen reduseres, og marginpotensialet kan være høyere.",
  "137": "Bitcoin 360 AI & 2.0",
  "138": "Avapro versjonshøydepunkter",
  "139": "Handelsplattform",
  "140": "Krypto",
  "141": "Plattformkostnad",
  "142": "Ingen kostnader",
  "143": "Uttaksgebyr",
  "144": "Gratis",
  "145": "Type plattform",
  "146": "Nettbasert, proprietær plattform, Googles Android og Apples iOS",
  "147": "Innskuddsmulighet",
  "148": "PayPal, Skrill, Neteller, UnionPay, Webmoney, Yandex, Visa, Mastercard, AMEX, Diners Club",
  "149": "Land",
  "150": "Alle – unntatt USA",
  "151": "Hjemmeside",
  "152": "Logg Inn",
  "153": "Om oss",
  "154": "Personvernregler",
  "155": "Vilkår og betingelser",
  "156": "Ansvarsfraskrivelse",
  "157": "Kontakt oss",
  "158": "Bitcoin 360 AI anmeldelse",
  "159": "REGULERING OG HØYRISIKO INVESTERING ADVARSEL: Handel med Forex, CFD-er og kryptovalutaer kan generere betydelig fortjeneste, men har også et risikonivå og er kanskje ikke egnet for alle investorer. Du bør ikke spekulere med kapital som du ikke har råd til å tape. Vi anbefaler på det sterkeste at du leser våre VILKÅR OG BETINGELSER og hele ANSVARSFRASKRIVELSE-siden før du foretar noen investering. Klienter bør være klar over deres individuelle skatteplikt for kapitalgevinster i bostedslandet. er i strid med loven å oppfordre amerikanske personer til å kjøpe og selge råvareopsjoner, selv om de kalles 'prediksjonskontrakter', med mindre de er notert for handel og handlet på en CFTC-registrert børs, eller med mindre de er lovlig unntatt. Vi har plassert COOKIES på datamaskinen din for å forbedre opplevelsen din når du besøker denne nettsiden. Du kan endre innstillingene for informasjonskapsler på datamaskinen din når som helst. Bruken av denne nettsiden indikerer at du godtar dette nettstedets PERSONVERN."
}