{
  "1": "Bitcoin 360 Ai – Tranzacționare cripto simplificată, inclusiv versiunea BTC Avapro 2.0 Bot",
  "2": "Alăturați-vă BTC 360 Ai astăzi",
  "3": "Bună ziua, suntem",
  "4": "Bitcoin 360 Ai",
  "5": "App",
  "6": "Ce este Bitcoin 360 Ai?",
  "7": "",
  "8": "BTC 360 Ai",
  "9": "este o aplicație de tranzacționare automată bazată pe algoritmi AI, care declanșează alerte de tranzacționare atunci când sunt îndeplinite anumite criterii, are o interfață unică și ușor de utilizat, ceea ce o face atractivă atât pentru începători, cât și pentru comercianții avansați. Bitcoin Bot 360 Ai oferă o platformă de tranzacționare cripto securizată, dar ușor accesibilă și portabilă, alăturați-vă comunității noastre de comercianți în creștere și descoperiți potențialul XBT și al altor criptomonede.",
  "10": "Înregistrați-vă în siguranță",
  "11": "Bitcoin 360 AI 21",
  "12": "Suntem o aplicație de alertă a oportunităților de comerț Crypto",
  "13": "Bitcoin 360 Ai este un instrument de tranzacționare criptografic care oferă alerte privind oportunitățile de tranzacționare pe baza algoritmilor alimentați de Ai. Viziunea noastră este de a deveni cea mai mare platformă pentru comunitatea de comercianți de criptograme, susținută de tranzacționarea socială a aplicației noastre și de alte caracteristici legate de comerțul de mulțime.",
  "14": "Bitcoin 360 AI 22",
  "15": "Vă prezentăm versiunea noastră Bit Avapro 2.0 Bot Auto-trading",
  "16": "Bit Avapro 2.0 Bot este o versiune a aplicației care include două moduri de tranzacționare, un mod de tranzacționare complet automat și un mod manual. Tranzacționarea automată autorizează aplicația să efectueze toate activitățile de tranzacționare fără intervenție umană, în timp ce modul manual nu execută tranzacțiile, ci alertează comercianții atunci când sunt declanșate oportunități de tranzacționare de către algoritmii noștri Ai.",
  "17": "Bitcoin 360 AI 23",
  "18": "Folosim Algoritmi unici Ai",
  "19": "Algoritmii sofisticați de inteligență artificială permit strategiile de tranzacționare Bitcoin 2.0 Avapro. Pentru a oferi rezultate optime, dar în același timp conservatoare, aplicația scanează în mod constant peste 100 de piețe criptografice în timp real, căutând modele și corelații dovedite istoric pentru a declanșa alerte privind oportunitățile de tranzacționare de calitate.",
  "20": "Bit 360 Ai – Creat pentru începători și comercianți cripto experimentați deopotrivă",
  "21": "Bitcoin 360 Ai este o aplicație cu un design simplificat, dar care include totuși funcții avansate de tranzacționare, ceea ce o face potrivită atât pentru începători, cât și pentru comercianții avansați.",
  "22": "Crypto câștigă rapid recunoaștere și recunoaștere, fiind tranzacționate de mai bine de un deceniu și, prin urmare, atrage toate tipurile de investitori; grupul de investitori BTC Bot Ai 360 cuprinde toate nivelurile de investitori, comunitatea noastră include investitori foarte calificați, precum și începători care au venit la tranzacționarea cripto pentru prima dată.",
  "23": "Cu versiunea noastră Bitcoin Avapro 2.0, oricine poate crea modele automate, manuale sau hibride de tranzacționare a criptomonedelor fără a avea cunoștințe prealabile.",
  "24": "Traderii pot executa un număr nelimitat de tranzacții pe termen scurt sau lung, 24 de ore pe zi. Acest lucru le permite să maximizeze potențialul piețelor criptografice și să aibă mai mult timp pentru a se bucura de libertate și succes financiar. Aplicația poate automatiza scanarea piețelor și executarea tranzacțiilor profitabile în conformitate cu regulile stabilite de investitor sau de trader.",
  "25": "Înregistrați-vă cu Bitcoin 360 Ai și alăturați-vă comunității noastre de comercianți astăzi",
  "26": "TRANZACȚIONARE MODERNĂ ALGO",
  "27": "BTC 360 Ai utilizează tehnologii ultramoderne pentru a obține un avantaj de execuție a tranzacțiilor față de alte roboți de tranzacționare algo. Aceasta este una dintre cele mai high-tech platforme de tranzacționare existente, care utilizează în permanență algoritmi computerizați sofisticați pentru a monitoriza și analiza piețele pentru a găsi cele mai bune condiții. Ca urmare, Ai-ul nostru se mândrește cu rezultate optimizate continuu.",
  "28": "TEHNOLOGIE AVANSATĂ",
  "29": "BTC 2.0 Avapro Bot este o aplicație de top pentru tranzacționarea criptomonedelor, care oferă peste 100 de active cripto tranzacționabile. Este un pachet complet. Este accesibil pentru toate nivelurile de experiență și are o interfață intuitivă. În plus, se bazează pe un istoric de verificări ale algoritmilor de înregistrare, cu scopul de a produce alerte de tranzacționare optime.",
  "30": "PE BAZĂ DE PREFOMANCED",
  "31": "Asociațiile, comercianții, brokerii și membrii au o estimare ridicată a BTC Bot 360 Ai datorită rezultatelor sale dovedite și a performanțelor ridicate chiar și în condiții de piață extreme. În plus, serviciul pentru clienți este disponibil 24/7, echipa noastră de asistență va răspunde la întrebări generale sau va oferi asistență tehnică.",
  "32": "ÎNSCRIEȚI-VĂ GRATUIT",
  "33": "Cum funcționează Bitcoin 360 Ai",
  "34": "ÎNSCRIEȚI-VĂ GRATUIT",
  "35": "Înscrierea este complet gratuită, trebuie doar să completați formularul de înregistrare scurt aflat în partea de sus a acestui",
  "36": "Bitcoin Avapro 2.0 homepage",
  "37": "Sunt necesare informații de bază, inclusiv numele dvs. legal complet, adresa de e-mail, numărul de telefon și țara de reședință. După ce formularul online este acceptat, veți deveni membru al comunității noastre de comercianți. Puteți începe instantaneu să utilizați aplicația noastră de tranzacționare a criptomonedelor.",
  "38": "ACTIVAREA CONTULUI",
  "39": "De îndată ce contul dvs. de tranzacționare Bitcoin 2.0 Avapro a fost înregistrat, sunteți gata să începeți să tranzacționați și să investiți. Pentru a începe să folosiți aplicația, trebuie doar să investiți 250 de euro la unul dintre brokerii de sprijin. Dețineți toți banii pe care îi investiți și toți banii pe care îi câștigați. Fondurile pot fi retrase sau reinvestite în activități de tranzacționare. Puteți utiliza fondurile din contul dvs. pentru a finanța tranzacționarea cripto.",
  "40": "CRYPTO COMERCIAL",
  "41": "Odată ce contul dvs. este configurat și fondurile disponibile, puteți începe să vă antrenați și să tranzacționați. Brokerul se va ocupa de tot ceea ce ține de conectarea aplicației noastre cu platforma lor de execuție. Aplicația nu numai că scanează piața pentru oportunități probabile, dar poate, de asemenea, să execute tranzacții pentru dvs. pentru a vă maximiza potențialul de marjă. Puteți, de asemenea, să treceți la tranzacționarea manuală dacă preferați să aveți mai mult control asupra tranzacțiilor dumneavoastră.",
  "42": "Înregistrați-vă în siguranță la BTC 2.0 Avapro Bot acum",
  "43": "Bitcoin 360 Ai înșelătorie – Alertă de precauție de copiere a aplicației",
  "44": "BTC 360 Ai alertă de înșelătorie",
  "45": "Bitcoin 360 Ai scam este un scenariu în care sursele nesigure care fac copii ale aplicației noastre, având în vedere natura nereglementată a criptomonedelor la nivel mondial, software-ul și produsele, cum ar fi versiunile aplicației noastre, inclusiv Bitcoin Bot 2.0, sunt vizate de abuzatori care copiază aplicația noastră în diferite forme și forme. Fiți siguri că acum vizitați site-ul oficial",
  "46": ", înregistrarea cu aplicația noastră este gratuită. Doar atunci când vă decideți să începeți activitatea de tranzacționare, va trebui să vă alimentați contul cu unul dintre brokerii noștri susținuți de terțe părți, cu acordul dumneavoastră, vom transmite datele dumneavoastră de contact unuia dintre brokeri care vă va îndruma și vă va explica procedurile de tranzacționare, precum și de activare.",
  "47": "Un raport independent privind aplicația noastră poate fi găsit",
  "48": "aici",
  "49": "Are Bit Avapro 2.0 afectat de recenta media negativă asupra industriei cripto?",
  "50": "Categoric NU!",
  "51": "Bitcoin 360 Ai este o aplicație de tranzacționare criptografică legitimă, fiabilă și de încredere, a fost concepută pentru a fi simplu de utilizat și totuși să ofere rezultate excepționale. Acesta poate fi utilizat ca un mod de tranzacționare automată, eliminând slăbiciunile umane, cum ar fi lipsa de experiență, emoțiile, timpul și indecizia. BTC Bot Ai 360 este mai mult decât o simplă aplicație de tranzacționare, este de fapt o comunitate în care comercianții pot împărtăși idei și rezultate între ei pentru a se educa. Aplicația este utilizată zilnic de către începători și comercianți cu experiență care beneficiază efectiv de ea din punct de vedere financiar",
  "52": "ÎNREGISTRARE GRATUITĂ",
  "53": "Bitcoin Avapro Bot 2.0 Inteligență artificială",
  "54": "BTC Avapro 2.0 este o aplicație bazată pe inteligență artificială care utilizează cele mai recente tehnologii pentru a avansa în tranzacționarea cripto cu mai multă încredere și cu un potențial de marje mai mare. Datorită algoritmilor săi de ultimă generație, software-ul oferă informații și analize de piață în timp real, astfel încât să puteți lua decizii de execuție a tranzacțiilor în cunoștință de cauză.",
  "55": "Avapro 360 Ai Bot este actualizat în mod constant cu cele mai recente caracteristici ale pieței, astfel încât veți avea întotdeauna cele mai recente instrumente pentru a face investiții optime. Veți putea să vedeți cum evoluează piața în timp real și să luați decizii în consecință. Aceste date sunt esențiale pentru oricine dorește să profite de pe piețele criptografice.",
  "56": "Analizând aceste date, puteți lua decizii în cunoștință de cauză cu privire la ce monedă să cumpărați și să vindeți și când să faceți acest lucru.",
  "57": "Găsește",
  "58": "aici",
  "59": "mai multe informații utile despre inteligența artificială pe piețele de criptomonede",
  "60": "Cont demo BTC Ai Avapro 360",
  "61": "Atunci când tranzacționați pe piața bursieră, este esențial să știți când să cumpărați și să vindeți. Acest lucru vă poate ajuta să vă maximizați profiturile și să vă minimizați pierderile. O modalitate de a exersa acest lucru este de a utiliza un",
  "62": "cont demo",
  "63": "Un cont demo este o modalitate excelentă de a învăța despre piața bursieră și despre modul în care aceasta funcționează. De asemenea, puteți utiliza versiunea demo pentru a testa noi strategii.",
  "64": "Bitcoin 360 Ai demo este o versiune de aplicație care este folosită pentru a testa piețele pe orice dispozitiv care este conectat la internet.",
  "65": "Aceasta include desktop-uri, tablete și dispozitive mobile, toate acestea nu necesită descărcarea aplicației.",
  "66": "Aplicația demo BTC 360 Ai este un mediu lipsit de riscuri care simulează tranzacționarea pe piața reală, în versiunea demo beneficiați de toate avantajele aplicației de tranzacționare live, cum ar fi: analiză rapidă, semnale precise și tranzacții automate.",
  "67": "Chiar și modul de tranzacționare demo manual include toate beneficiile și caracteristicile aplicației live Bitcoin 360 Ai, această opțiune de tranzacționare manuală demo vă oferă un control mai mare asupra tranzacțiilor dvs. dacă doriți mai multă practică în modul demo înainte de a intra în direct.",
  "68": "Marea Britanie App Bitcoin 360 Ai Martin Lewis referințe media",
  "69": "Bitcoin 360 Ai este o aplicație populară de tranzacționare criptografică care a câștigat popularitate în întreaga lume și, în special în Marea Britanie, prin urmare, atrage o acoperire mediatică, astfel de referințe mediatice sunt, de asemenea, generate de abuzatori care “călăresc” buzz-ul din jurul numelui nostru cu scopul de a câștiga vizitatori pe site-urile lor copiate Bitcoin 360 Ai, una dintre strategiile lor este de a folosi numele celebrităților împreună cu numele aplicației noastre – ei fac acest lucru pentru a câștiga încrederea clienților de a se înregistra cu ei. Recent, am găsit în presa britanică referiri la investițiile făcute în Bitcoin 360 Ai de către Martin Lewis. Dorim să precizăm că această presă referitoare la Martin Lewis nu a fost publicată de noi și nu are nicio legătură cu noi.",
  "70": "După cum se poate vedea în",
  "71": "acest",
  "72": "raport de încredere, orice reclamă care vorbește despre investițiile făcute de Matin Lewis în Bitcoin 360 Ai și, probabil, în orice altă aplicație de tranzacționare cripto este falsă.",
  "73": "Elon Musk Bitcoin 360 Ai acoperire mediatică",
  "74": "BTC Ai Bot 2.0 este o aplicație populară de tranzacționare a activelor criptografice, succesul aplicației noastre, care operează în nișa criptomonedelor – o nișă de reglementare incertă în majoritatea părților lumii, este un succes care atrage presa din toate părțile, din păcate și din partea unor abuzatori care folosesc numele nostru în mod neetic și ilegal. Am observat o acoperire mediatică privind o legătură între Elon Musk și Bitcoin 360 Ai – și dorim să precizăm că o astfel de presă nu a venit din partea noastră și, oricât de mult am dori să dezvăluim lista noastră de investitori, nu putem din cauza acordurilor de confidențialitate pe care le avem în vigoare. Dorim să clarificăm că nu am publicat nicio presă media legată de orice fel de legătură între Elon Musk și Bitcoin360ai.com și că o astfel de legătură nu există.",
  "75": "Versiunea noastră hibridă Bit 2.0 Avapro auto-manuală de tranzacționare automată a aplicației Bit 2.0 Avapro combină caracteristicile de tranzacționare manuală și automată care o fac să se evidențieze față de concurenți.",
  "76": "Bitcoin 360 Ai implicit și 2.0 Avapro Versiunea App caracteristici principale",
  "77": "Prețul Bitcoin 360 Ai este zero",
  "78": "Prețul Bitcoin 360 Ai este zero",
  "79": "Fără descărcare obligatorie",
  "80": "Versiunea web BTC 2.0 Avapro 360 Ai nu necesită instalare sau descărcare, deoarece este o platformă bazată pe internet care poate fi operată din orice browser conectat la internet și de pe orice dispozitiv sau locație.",
  "81": "Bitcoin 360 Ai înregistrare fără probleme",
  "82": "Este ușor și rapid să vă înregistrați pentru Bitcoin 360 Ai. Procesul de înregistrare este ușor și rapid, odată făcut, veți putea să-l conectați cu unul dintre brokerii unde puteți executa tranzacțiile.",
  "83": "Verificare",
  "84": "rapidă",
  "85": "și ușoară",
  "86": "Bitcoin 360 Ai face ca verificarea contului dvs. să fie ușoară și sigură. La înregistrare, cu acordul dumneavoastră, vom transfera datele dumneavoastră de contact către unul dintre brokerii de susținere care vă va contacta pentru a vă verifica și activa contul de tranzacționare.",
  "87": "Interfață ușor de utilizat",
  "88": "Interfață ușor de utilizat",
  "89": "Fonduri minime necesare",
  "90": "Cerința de depunere inițială cu majoritatea brokerilor noștri de susținere a aplicației este de 250 €. Această sumă va fi folosită doar pentru a finanța tranzacțiile și nu pentru taxele aplicației, care în prezent sunt complet gratuite.",
  "91": "Selectarea mai multor active",
  "92": "Utilizând aplicația noastră, puteți primi alerte de oportunitate de tranzacționare pe valute fiat, acțiuni, mărfuri și mai multe criptomonede (Bitcoin Cash, XBT, Ethereum Monero, Ripple și Dash), această funcție este disponibilă pentru toți membrii BTC 360 Ai.",
  "93": "Bitcoin 360 Ai reddit și alte comunități",
  "94": "Membrii Bitcoin 360 Ai devin o comunitate care face brainstorming, împărtășește idei sau pur și simplu vorbește despre subiecte generale de viață pe platforme precum reddit, discord și altele. pe măsură ce proiectul nostru se va dezvolta, vom administra astfel de canale comunitare și vom încuraja discuțiile între membrii noștri.",
  "95": "Eficiență în timp la lansarea de noi caracteristici",
  "96": "Membrii Bitcoin Bot 360 Ai sunt întotdeauna cu un pas înainte!. Acesta este doar unul dintre multele avantaje care conferă softului avantajul său și capacitatea de a atinge o popularitate atât de mare în întreaga lume.",
  "97": "Setări conservatoare sau cu risc mai mare",
  "98": "Bitcoin 360 Ai este conceput pentru a identifica potențialele oportunități de tranzacționare și a le transforma în semnale de tranzacționare. Aplicația vă permite să setați nivelul de risc al alertelor, ceea ce înseamnă că fiecare trader poate personaliza caracteristicile aplicației în funcție de apetitul individual pentru risc.",
  "99": "Plăți și plăți ușoare și sigure",
  "100": "Pentru a finanța și retrage contul dvs. de broker de sprijin 2.0 Avapro 360 Ai, puteți utiliza un card de credit sau de debit, transferuri de bani, transferuri bancare și chiar orice portofele electronice. Orice retragere va fi plătită înapoi la metoda de plată originală pe care ați folosit-o pentru a vă alimenta contul inițial.",
  "101": "Securitate strictă a datelor",
  "102": "Toate datele financiare, informațiile personale și acțiunile de tranzacționare sunt păstrate strict într-un mediu securizat. Securitatea dvs. este reputația noastră, iar păstrarea informațiilor dvs. la cele mai înalte standarde de securitate este prioritatea noastră de top.",
  "103": "BTC 360 Ai Cont demo",
  "104": "Puteți testa regulile pe care le-ați ales cu Bitcoin 360 Ai Demo Account și vă puteți exersa abilitățile fără riscuri. După ce ați devenit expert în tranzacțiile demo, puteți începe tranzacțiile reale.",
  "105": "Funcția modernă de backtesting",
  "106": "Funcția Backtesting din aplicația Bitcoin Bot 360 Ai versoin vă permite să vă testați strategiile de tranzacționare pe baza condițiilor de piață anterioare. Acest lucru vă va permite să vă modificați și să vă optimizați setările în orice moment.",
  "107": "Personalizare flexibilă",
  "108": "Bitcoin 360 Ai oferă multe moduri de tranzacționare și variabile care pot fi personalizate. Acest lucru permite o personalizare maximă pentru a se potrivi preferințelor dumneavoastră de tranzacționare.",
  "109": "Suport clienți 24/7",
  "110": "Succesul, confortul și satisfacția clienților și a clienților sunt prioritatea noastră absolută. Acesta este motivul pentru care avem reprezentanți ai serviciului de asistență pentru clienți disponibili 24/7 pentru a vă ajuta.",
  "111": "ÎNSCRIEȚI-VĂ ACUM",
  "112": "Resurse bine informate",
  "113": "Bitcoin Bot 360 Ai dorește să aveți toate resursele educaționale de care aveți nevoie într-un singur loc.",
  "114": "Acest lucru vă va permite să fiți la curent cu cele mai recente știri și tendințe, să vă educați, să dobândiți cunoștințele și instrumentele de care aveți nevoie pentru a reuși pe piața activelor digitale și să vă maximizați potențialul de a face bani.",
  "115": "Alăturați-vă comunității noastre și aflați mai multe despre istoria pieței, strategii și sfaturi de tranzacționare, minerit de criptomonede, ghiduri detaliate și alte informații utile.",
  "116": "ÎNTREBĂRI FRECVENTE",
  "117": "e este Bitcoin 360 Ai?",
  "118": "Bitcoin 360 Ai este o aplicație de tranzacționare cripto Ai care produce alerte de oportunități de tranzacționare alimentate de algoritmi care scanează mișcările pieței în direct într-o căutare de modele și corelații și le compară cu scanările istorice de testare, astfel încât, atunci când sunt îndeplinite anumite condiții, o alertă de oportunitate de tranzacționare este declanșată pe partea frontală a aplicației.",
  "119": "Ce este Bitcoin 2.0 Avapro 360 Ai?",
  "120": "Bitcoin 2.0 Avapro 360 Ai este o versiune de aplicație care include modele hibride în care comercianții pot alege între executarea automată a tranzacțiilor sau executarea manuală a tranzacțiilor; versiunea iFex este disponibilă pentru toți comercianții și nu necesită nicio configurare sau cost suplimentar.",
  "121": "Care sunt indicațiile de legitimitate Bitcoin 360 Ai 2.0 Avapro?",
  "122": "Bitcoin 360 Ai 2.0 Avapro este o aplicație legitimă de tranzacționare criptografică,",
  "123": "mai mulți operatori de aplicații abuzive profită de numele și reputația noastră,",
  "124": "dar vă puteți asigura cu ușurință că vă înregistrați cu aplicația corectă, pur și simplu verificând că vă înregistrați cu URL-ul autentic bitcoin360ai.com. În plus, nu vă vom cere niciodată niciun fel de taxe. Singura plată pe care vi se va cere să o faceți este să vă alimentați contul de tranzacționare cu unul dintre brokerii care sprijină aplicația, iar acest lucru îl puteți face doar atunci când vă simțiți suficient de încrezător pentru a tranzacționa, în timp ce alte aplicații abuzive vor necesita plăți în avans.",
  "125": "Este XBT App 2.0 Avapro 360 Ai același lucru cu BTC 360 Ai?",
  "126": "Da, XBT App 2.0 Avapro 360 Ai este același lucru cu Bitcoin 360 Ai. Aplicația noastră include mai multe denumiri alternative. De exemplu, în unele regiuni ale lumii, termenul XBT este mai popular decât “Bitcoin”, dar ambii termeni sunt de fapt identici.",
  "127": "Cine este proprietarul Bitcoin 360 Ai?",
  "128": "Datorită acordurilor cu investitorii, avem în vigoare. În prezent, nu putem face publică lista noastră de investitori. Cu toate acestea, putem confirma că printre investitorii noștri se numără VC din Asia, precum și jucători individuali de rang înalt din domeniul criptografic.",
  "129": "Este reglementată XBT App 360 Ai?",
  "130": "Criptomonedele nu sunt reglementate în cea mai mare parte a lumii. Prin urmare, nu există o autoritate de reglementare oficială pentru activitatea aplicației. Cu toate acestea, în calitate de companie cu viziune pe termen lung, desfășurăm acțiuni continue de autoreglementare, care includ audituri efectuate de firme de renume, verificări de securitate cibernetică și protocoale stricte de “cunoaștere a clientului sau partenerului” pentru a ne asigura că furnizorii, clienții și prestatorii de servicii lucrează în conformitate cu standardele de reglementare și profesionale.",
  "131": "Care este prețul Bitcoin 350 Ai 2.0 Avapro?",
  "132": "Bitcoin 360 Ai 2.0 Avapro este gratuit pentru toți membrii noștri. În prezent, nu percepem niciun fel de taxe sau comisioane; viziunea modelului nostru de afaceri este de a crea o relație pe termen lung cu comunitatea noastră. Într-o etapă ulterioară a aplicației noastre live, vom introduce caracteristici speciale care vor permite comercianților interesați să plătească pentru utilizarea lor. Vom informa toți clienții noștri în avans cu privire la modificările politicii de prețuri.",
  "133": "Ultimele cuvinte",
  "134": "Suntem aici de ceva timp și ne-am construit o reputație excelentă în rândul utilizatorilor noștri. Mulți dintre cei care au realizat marje bune prin utilizarea serviciilor aplicației noastre sunt oameni obișnuiți, fără experiență în tranzacționarea criptomonedelor.",
  "135": "Credem că cel mai bun mod de a tranzacționa criptomonede folosind oricare dintre versiunile noastre, adică BTC, XBT, 2.0 Avapro App, este să înveți cum să o folosești corect. Puteți găsi multe informații despre aplicație pe site-ul nostru web, așa că petreceți puțin timp navigând prin el și ar trebui să vă ajute să începeți. Oferim, de asemenea, o secțiune extinsă de întrebări frecvente, unde veți găsi răspunsuri la orice întrebare.",
  "136": "xistă un anumit risc implicat în tranzacționarea BTC, XBT și a altor monede criptografice, dar, dacă se face corect, riscurile pot fi atenuate, iar marja potențială poate fi mai mare.",
  "137": "Bitcoin 360 AI & 2.0 Avapro Versiunea 2.0",
  "138": "Avapro – Puncte forte",
  "139": "Platforma de tranzacționare",
  "140": "Crypto",
  "141": "Costul platformei",
  "142": "Fără costuri",
  "143": "Taxa de retragere",
  "144": "Gratuit",
  "145": "Tipul de platformă",
  "146": "Bazat pe web, platformă proprie, Android de la Google și iOS de la Apple",
  "147": "Opțiunea de depunere",
  "148": "PayPal, Skrill, Neteller, UnionPay, Webmoney, Yandex, Visa, Mastercard, AMEX, Diners Club",
  "149": "Țări",
  "150": "Toate – cu excepția SUA",
  "151": "Pagina principală",
  "152": "Autentificare",
  "153": "Despre noi",
  "154": "Politica de confidențialitate",
  "155": "Termeni și condiții",
  "156": "Renunțare",
  "157": "Contactaţi-ne",
  "158": "Bitcoin 360 Ai recenzie",
  "159": "AVERTISMENT PRIVIND INVESTIȚIILE CU RISCURI MARI: Tranzacționarea pe Forex, CFD-uri și criptomonede poate genera profituri semnificative, dar implică și un anumit nivel de risc și este posibil să nu fie potrivită pentru toți investitorii. Nu ar trebui să speculați cu un capital pe care nu vă puteți permite să îl pierdeți.Vă recomandăm cu insistență să citiți TERMENII ȘI CONDIȚIILE noastre și pagina completă de DISCLAIMER înainte de a face orice investiție.Clienții ar trebui să fie conștienți de obligațiile fiscale individuale privind câștigurile de capital în țara lor de reședință.Este ilegal să solicitați persoanelor din SUA să cumpere și să vândă opțiuni pe mărfuri, chiar dacă acestea sunt numite 'contracte de predicție', cu excepția cazului în care sunt listate pentru tranzacționare și tranzacționate pe o bursă înregistrată la CFTC sau dacă sunt scutite din punct de vedere legal. Am plasat COOKIES pe computerul dumneavoastră pentru a vă ajuta să vă îmbunătățiți experiența atunci când vizitați acest site web. Puteți modifica în orice moment setările cookie-urilor de pe computerul dumneavoastră. Utilizarea acestui site web indică acceptarea de către dvs. a acestei POLITICI DE CONFIDENȚIALITATE."
}