{
  "1": "Bitcoin 360 Ai – forenklet kryptohandel, herunder BTC Avapro 2.0 Bot-version",
  "2": "Tilmeld dig BTC 360 Ai i dag",
  "3": "Hej, vi er",
  "4": "Bitcoin 360 Ai",
  "5": "App",
  "6": "Hvad er Bitcoin 360 Ai?",
  "7": "",
  "8": "BTC 360 Ai",
  "9": "er en automatisk handel AI-algoritme-drevet App, som udløser handelsadvarsler, når visse kriterier er opfyldt, og den har en unik brugervenlig grænseflade, som gør den attraktiv for både begyndere og avancerede handlende. Bitcoin Bot 360 Ai giver en sikker, men alligevel let tilgængelig og bærbar kryptohandelsplatform.Slut dig til vores voksende fællesskab af handlende og opdag potentialet i XBT og andre kryptovalutaer.",
  "10": "Registrer dig sikkert",
  "11": "Bitcoin 360 AI 21",
  "12": "Vi er en Crypto Trade Opportunities Alerts App",
  "13": "Bitcoin 360 Ai er et værktøj til handel med kryptohandel, der giver advarsler om handelsmuligheder baseret på algoritmer baseret på Ai-drevne algoritmer. Vores vision er at blive den største platform for kryptohandlere, der understøttes af vores App’s sociale handel og andre crowd trade-relaterede funktioner.",
  "14": "Bitcoin 360 AI 22",
  "15": "Vi præsenterer vores Bit Avapro 2.0 Bot Auto-trading-version",
  "16": "Bit Avapro 2.0 Bot er en app-version, der indeholder to handelstilstande, en fuldt automatisk handelstilstand og en manuel tilstand. Auto trading giver appen tilladelse til at udføre alle handelsaktiviteter uden menneskelig indgriben, mens den manuelle tilstand ikke udfører handlerne, men i stedet advarer handlende, når handelsmuligheder udløses af vores Ai-algoritmer.",
  "17": "Bitcoin 360 AI 23",
  "18": "Vi bruger unikke Ai-algoritmer",
  "19": "Sofistikerede algoritmer med kunstig intelligens giver Bitcoin 2.0 Avapro-handelsstrategier mulighed for at handle. For at levere optimale, men alligevel konservative resultater scanner appen konstant over 100 kryptomarkeder i realtid og søger efter historisk dokumenterede mønstre og korrelationer for at udløse advarsler om handelsmuligheder af høj kvalitet.",
  "20": "Bit 360 Ai – Lavet til både begyndere og erfarne kryptohandlere",
  "21": "Bitcoin 360 Ai er en app med et forenklet design, men indeholder alligevel avancerede handelsfunktioner, hvilket gør den velegnet til både begyndere og avancerede handlende.",
  "22": "Krypto vinder hurtigt anerkendelse og anerkendelse, da det er blevet handlet i mere end et årti nu, og derfor tiltrækker det alle typer investorer; BTC Bot Ai 360-investorgruppen omfatter alle niveauer af investorer, vores fællesskab omfatter både højt kvalificerede investorer og nybegyndere, der kom på tværs af kryptohandel for allerførste gang.",
  "23": "Med vores Bitcoin Avapro 2.0-version kan alle skabe automatiserede, manuelle eller hybride cryptocurrency-handelsmodeller uden nogen forudgående viden.",
  "24": "Handlende kan udføre et ubegrænset antal kort- eller langsigtede handler 24 timer i døgnet. Dette giver dem mulighed for at maksimere potentialet i kryptomarkederne og få mere tid til at nyde deres økonomiske frihed og succes. Appen kan automatisere scanningen af markederne og udførelsen af rentable handler i henhold til investorens eller den erhvervsdrivendes fastsatte regler.",
  "25": "Registrer dig på vores Bitcoin 360 Ai og deltag i vores fællesskab af handlende i dag",
  "26": "MODERNE ALGO TRADING",
  "27": "BTC 360 Ai bruger ultra-moderne teknologier til at opnå en fordel i forhold til andre algo trading bots. Dette er en af de mest højteknologiske handelsplatforme, der findes, og den bruger løbende sofistikerede computeralgoritmer til at overvåge og analysere markederne for at finde de bedste betingelser. Som følge heraf kan vores Ai prale af løbende optimerede resultater.",
  "28": "AVANCERET TEKNOLOGI",
  "29": "BTC 2.0 Avapro Bot er en førende app til handel med kryptovalutaer, der tilbyder mere end 100 omsættelige kryptoaktiver. Det er den komplette pakke. Det er tilgængeligt for alle erfaringsniveauer og har en intuitiv grænseflade. Desuden er den baseret på en historisk registrering af algoritmer med henblik på at producere optimale handelsadvarsler.",
  "30": "PRÆFOMANCED BASERET",
  "31": "Foreninger, handlende, mæglere og medlemmer sætter BTC Bot 360 Ai højt på grund af dens dokumenterede resultater og høje ydeevne, selv under ekstreme markedsforhold. Desuden er kundeservice tilgængelig 24/7, og vores supportteam vil besvare generelle spørgsmål eller yde teknisk assistance.",
  "32": "TILMELD DIG GRATIS",
  "33": "Hvordan virker Bitcoin 360 Ai",
  "34": "ILMELD DIG GRATIS",
  "35": "Det er helt gratis at tilmelde sig. Du skal blot udfylde vores korte tilmeldingsformular øverst på denne",
  "36": "Bitcoin Avapro 2.0 homepage",
  "37": "Der kræves grundlæggende oplysninger, herunder dit fulde juridiske navn, din e-mailadresse, dit telefonnummer og dit bopælsland. Når onlineformularen er accepteret, bliver du medlem af vores fællesskab af forhandlere. Du kan straks begynde at bruge vores app til handel med kryptovalutaer.",
  "38": "AKTIVERING AF KONTO",
  "39": "Så snart din Bitcoin 2.0 Avapro-handelskonto er blevet registreret, er du klar til at begynde at handle og investere. Du skal kun investere 250 € hos en af de understøttende mæglere for at kunne begynde at bruge appen. Du ejer alle de penge, du investerer, og alle de penge, du tjener. Midlerne kan hæves eller geninvesteres i handelsaktiviteter. Du kan bruge midlerne fra din konto til at finansiere kryptohandel.",
  "40": "HANDEL CRYPTO",
  "41": "Når din konto er oprettet og du har penge til rådighed, kan du begynde at træne og handle. Mæglerne vil håndtere alt med hensyn til at forbinde vores app med deres eksekveringsplatform. Appen scanner ikke kun markedet for sandsynlige muligheder, men kan også udføre handler for dig for at maksimere dine marginpotentialer. Du kan også skifte til manuel handel, hvis du foretrækker mere kontrol over dine handler.",
  "42": "Registrer dig sikkert på BTC 2.0 Avapro Bot nu",
  "43": "Bitcoin 360 Ai fidus – App kopi kopi advarsel advarsel",
  "44": "BTC 360 Ai scam alarm",
  "45": "Bitcoin 360 Ai scam er et scenarie, hvor upålidelige kilder laver kopier af vores app, i betragtning af den uregulerede karakter af cryptocurrencies verden over, software og produkter som vores app versioner, herunder Bitcoin Bot 2.0 er målrettet af misbrugere, som kopierer vores app i forskellige former og form. Du kan være sikker på, at du nu besøger",
  "46": " officielle hjemmeside, og det er gratis at registrere dig med vores app. Først når du beslutter dig for at starte handelsaktiviteten, skal du indbetale penge på din konto hos en af vores tredjeparts støttede mæglere, og efter dit samtykke vil vi videregive dine kontaktoplysninger til en af mæglerne, som vil vejlede og forklare dig om handels- og aktiveringsprocedurerne.",
  "47": "En uafhængig rapport om vores app kan findes",
  "48": "her",
  "49": "Er Bit Avapro 2.0 påvirket af de seneste negative medier om kryptoindustrien?",
  "50": "Absolut ikke!",
  "51": "Bitcoin 360 Ai er en legitim, pålidelig og velrenommeret krypto trading app, som er designet til at være enkel at bruge og alligevel levere enestående resultater. Den kan bruges som en automatiseret handelsmodus, der eliminerer menneskelige svagheder som uerfarenhed, følelser, tid og ubeslutsomhed. BTC Bot Ai 360 er mere end blot en handelsapp, det er faktisk et fællesskab, hvor handlende kan dele idéer og resultater med hinanden for at uddanne sig. Appen bruges dagligt af nybegyndere og erfarne erhvervsdrivende, som faktisk drager økonomisk fordel af den.",
  "52": "GRATIS REGISTRERING",
  "53": "Bitcoin Avapro Bot 2.0 Kunstig intelligens",
  "54": "BTC Avapro 2.0 er en app drevet af kunstig intelligens, der bruger de nyeste teknologier til at fremme din kryptohandel med større tillid og højere marginaler. Med sine avancerede algoritmer giver softwaren indsigt i markedet og analyser i realtid, så du kan træffe velinformerede beslutninger om handelsudførelse.",
  "55": "Avapro 360 Ai Bot opdateres konstant med de nyeste markedsfunktioner, så du altid har de mest opdaterede værktøjer til at foretage optimale investeringer. Du vil kunne se, hvordan markedet klarer sig i realtid og træffe beslutninger i overensstemmelse hermed. Disse data er vigtige for alle, der ønsker at tjene penge på kryptomarkederne.",
  "56": "Ved at analysere disse data kan du træffe informerede beslutninger om, hvilken mønt du skal købe og sælge, og hvornår du skal gøre det.",
  "57": "",
  "58": "Her",
  "59": "finder du flere nyttige oplysninger om kunstig intelligens på kryptovalutamarkederne",
  "60": "BTC Ai Avapro 360 demokonto",
  "61": "Når du handler på aktiemarkedet, er det vigtigt at vide, hvornår du skal købe og sælge. Dette kan hjælpe dig med at maksimere din fortjeneste og minimere dine tab. En måde at øve sig på er ved at bruge en",
  "62": "demokonto",
  "63": "En demokonto er en god måde at lære om aktiemarkedet og hvordan det fungerer. Du kan også bruge demoen til at afprøve nye strategier.",
  "64": "Bitcoin 360 Ai demo er en app-version, der bruges til at teste markederne på enhver enhed, der er forbundet til internettet.",
  "65": "Dette omfatter stationære computere, tablets og mobile enheder, som alle ikke kræver, at du downloader appen.",
  "66": "BTC 360 Ai-demoprogrammet er et risikofrit miljø, der simulerer handel på det virkelige marked.I demo-versionen får du alle fordelene ved live-handelsappen, såsom: hurtig analyse, præcise signaler og automatiserede handler.",
  "67": "Selv den manuelle demo-handelstilstand indeholder alle fordelene og funktionerne i den live Bitcoin 360 Ai app, og denne manuelle demo-handelsmulighed giver dig større kontrol over dine handler, hvis du ønsker mere øvelse på demo-tilstand, før du går live.",
  "68": "UK App Bitcoin 360 Ai Martin Lewis medier referencer",
  "69": "Bitcoin 360 Ai er en populær krypto trading app, der er blevet populær på verdensplan og specifikt i Storbritannien, og derfor tiltrækker den medieomtale, sådanne mediehenvisninger er også genereret af misbrugere, der “rider” på den store begejstring omkring vores navn med det formål at få besøgende til deres kopierede Bitcoin 360 Ai sider, en af deres strategier er at bruge kendissernes navne sammen med vores app navn – de gør dette for at få kunderne til at registrere sig hos dem. Vi er for nylig stødt på henvisninger i de britiske medier om Martin Lewis’ investering i Bitcoin 360 Ai. Vi vil gerne præcisere, at denne medieomtale af Martin Lewis ikke er offentliggjort af os og under ingen omstændigheder er relateret til os.",
  "70": "Som det fremgår af",
  "71": "denne",
  "72": "pålidelige rapport, er enhver reklame, der taler om investeringer foretaget af Matin Lewis i Bitcoin 360 Ai og sandsynligvis enhver anden krypto trading app, falsk.",
  "73": "Elon Musk Bitcoin 360 Ai mediedækning",
  "74": "BTC Ai Bot 2.0 er en populær app til handel med kryptoaktiver, og succesen for vores app, som opererer i nichen for kryptovalutaer – en usikker lovgivningsmæssig niche i de fleste dele af verden – er en succes, der tiltrækker presse fra alle forskellige slags parter, desværre også fra nogle misbrugere, der bruger vores navn uetisk og ulovligt. Vi har bemærket en del mediedækning om en forbindelse mellem Elon Musk og Bitcoin 360 Ai – og vi vil gerne oplyse, at denne presse ikke kom fra os, og selvom vi gerne vil offentliggøre vores investorliste, kan vi ikke gøre det på grund af de aftaler om beskyttelse af personlige oplysninger, som vi har indgået. Vi vil gerne præcisere, at vi ikke har offentliggjort nogen form for forbindelse mellem Elon Musk og Bitcoin360ai.com i medierne, og at en sådan forbindelse ikke eksisterer.",
  "75": "Vores Bit 2.0 Avapro hybrid auto-manual-trading App-version kombinerer humen manuelle og automatiserede handelsfunktioner, hvilket gør den bedre end konkurrenterne.",
  "76": "Bitcoin 360 Ai standard og 2.0 Avapro App version vigtigste funktioner",
  "77": "Bitcoin 360 Ai prisen er nul",
  "78": "Bitcoin 360 Ai prisen er nul. Der er intet registreringsgebyr, og alle handelsaktiviteter og brugen af vores funktioner er helt gratis. vi vil tjene vores gebyrer på den fremtidige funktion, som vi vil indføre i løbet af 2. og 3. kvartal 2023.",
  "79": "Ingen obligatorisk download",
  "80": "BTC 2.0 Avapro 360 Ai webversionen kræver ingen installation eller download, fordi det er en internetbaseret platform, der kan betjenes fra enhver internetforbundet browser og fra enhver enhed eller placering.",
  "81": "Bitcoin 360 Ai registrering uden besvær",
  "82": "Det er nemt og hurtigt at tilmelde sig Bitcoin 360 Ai. Registreringsprocessen er nem og hurtig, og når den er gennemført, kan du forbinde den med en af mæglerne, hvor du kan udføre handlerne.",
  "83": "Hurtig",
  "84": "og",
  "85": "nem verifikation",
  "86": "Bitcoin 360 Ai gør det nemt og sikkert at verificere din konto. Ved registreringen vil vi med dit samtykke overføre dine kontaktoplysninger til en af de understøttende mæglere, som vil kontakte dig for at verificere og aktivere din handelskonto.",
  "87": "Brugervenlig grænseflade",
  "88": "Bitcoin 360 Ai auto-handelsplatformen har en meget intuitiv grænseflade og er let at betjene. Den blev oprettet med det formål at støtte uerfarne fagfolk. Som følge heraf er appen nem at bruge, men indeholder alligevel avancerede handelsfunktioner.",
  "89": "Krav om minimumsmidler",
  "90": "Det indledende indskudskrav hos de fleste af vores app-støttende mæglere er på €250. Dette beløb vil kun blive brugt til at finansiere handler og ikke til app-gebyrer, som i øjeblikket er helt gratis.",
  "91": "Valg af flere aktiver",
  "92": "Ved at bruge vores app kan du få handelsadvarsler om fiatvalutaer, aktier, råvarer og flere kryptovalutaer (Bitcoin Cash, XBT, Ethereum Monero, Ripple og Dash).Denne funktion er tilgængelig for alle BTC 360 Ai medlemmer.",
  "93": "Bitcoin 360 Ai reddit og andre fællesskaber",
  "94": "Bitcoin 360 Ai medlemmer er ved at blive et fællesskab, der brainstormer, deler idéer eller bare taler om generelle livstemaer på platforme som reddit, discord og andre. efterhånden som vores projekt udvikler sig, vil vi administrere sådanne fællesskabskanaler og tilskynde til samtaler mellem vores medlemmer.",
  "95": "Tidseffektivitet i forbindelse med udgivelser af nye funktioner",
  "96": "Bitcoin Bot 360 Ai-medlemmer er altid et skridt foran!. Dette er blot en af de mange fordele, der giver softwaren dens forspring og evnen til at opnå så stor popularitet verden over.",
  "97": "Konservative eller højere risikoindstillinger",
  "98": "Bitcoin 360 Ai er designet til at identificere potentielle handelsmuligheder og omdanne dem til handelssignaler. Appen giver dig mulighed for at indstille risikoniveauet for advarslerne, hvilket betyder at hver erhvervsdrivende kan tilpasse appens funktioner baseret på individuel risikovillighed.",
  "99": "Nemme og sikre ind- og udbetalinger",
  "100": "For at finansiere og hæve din 2.0 Avapro 360 Ai støttende mæglerkonto kan du bruge et kreditkort eller betalingskort, pengeoverførsler, bankoverførsler og endda elektroniske tegnebøger. Enhver udbetaling vil blive betalt tilbage til den oprindelige betalingsmetode, som du oprindeligt brugte til at indbetale penge på din konto.",
  "101": "Strenge datasikkerhed",
  "102": "Alle dine økonomiske og personlige oplysninger og handler opbevares strengt i et sikkert miljø. Din sikkerhed er vores omdømme, og det er vores højeste prioritet at holde dine oplysninger i overensstemmelse med de højeste sikkerhedsstandarder.",
  "103": "BTC 360 Ai-demokonto",
  "104": "Du kan afprøve dine valgte regler med Bitcoin 360 Ai Demo Account og øve dig i dine færdigheder uden risiko. Når du er blevet god til at handle med demobutikker, kan du begynde at foretage rigtige transaktioner.",
  "105": "Moderne backtesting-funktion",
  "106": "Backtesting-funktionen i Bitcoin Bot 360 Ai-appen versoin giver dig mulighed for at teste dine handelsstrategier på tidligere markedsforhold. På den måde kan du til enhver tid ændre og optimere dine indstillinger.",
  "107": "Fleksibel tilpasning",
  "108": "Bitcoin 360 Ai tilbyder mange handelsformer og variabler, der kan tilpasses. Dette giver mulighed for maksimal tilpasning til dine handelspræferencer.",
  "109": "24/7 kundesupport",
  "110": "Kundernes og klienternes succes, komfort og tilfredshed er vores højeste prioritet. Derfor har vi kundeservicerepræsentanter til rådighed 24/7 for at hjælpe dig.",
  "111": "TILMELD DIG NU",
  "112": "Kyndige ressourcer",
  "113": "Bitcoin Bot 360 Ai ønsker, at du skal have alle de uddannelsesressourcer, du har brug for, samlet på ét sted.",
  "114": "Dette vil give dig mulighed for at holde dig ajour med de seneste nyheder og tendenser, uddanne dig selv, få den viden og de værktøjer, du har brug for for at få succes på markedet for digitale aktiver og maksimere dit potentiale til at tjene penge.",
  "115": "Deltag i vores fællesskab, og få mere at vide om markedets historie, handelsstrategier og tips, kryptovaluta-minedrift, detaljerede vejledninger og andre nyttige oplysninger.",
  "116": "OFTE STILLEDE SPØRGSMÅL",
  "117": "Hvad er Bitcoin 360 Ai?",
  "118": "Bitcoin 360 Ai er en krypto trading Ai drevet app, der producerer handelsmuligheder advarsler drevet af algoritmer, der scanner live markedsbevægelser i en søgen efter mønstre og korrelationer og sammenligner dem med historiske back-testing scanninger, så når visse betingelser er opfyldt – en handelsmulighed advarsel udløses på app front-end.",
  "119": "Hvad er Bitcoin 2.0 Avapro 360 Ai?",
  "120": "Bitcoin 2.0 Avapro 360 Ai er en app-version, der indeholder hybridmodeller, hvor handlende kan vælge mellem automatiseret udførelse af handler eller manuel udførelse af handler; iFex-versionen er tilgængelig for alle handlende og kræver ingen ekstra opsætning eller omkostninger.",
  "121": "Hvad er Bitcoin 360 Ai 2.0 Avapro legitimitet indikationer?",
  "122": "Bitcoin 360 Ai 2.0 Avapro er en legitim krypto trading app,",
  "123": "flere misbrugte app-operatører udnytter vores navn og omdømme",
  "124": ", men du kan nemt sikre dig, at du registrerer dig med den korrekte app ved at kontrollere, at du registrerer dig med den autentiske bitcoin360ai.com URL. Desuden vil vi aldrig bede dig om nogen form for gebyrer. Den eneste betaling, du skal foretage, er at indbetale penge til din handelskonto hos en af de mæglere, der støtter appen, og det kan du først gøre, når du føler dig sikker nok til at handle, mens andre misbrugte apps kræver forudbetaling.",
  "125": "Er XBT App 2.0 Avapro 360 Ai det samme som BTC 360 Ai?",
  "126": "Ja, XBT App 2.0 Avapro 360 Ai er den samme som Bitcoin 360 Ai. Vores app indeholder flere alternative navne. I nogle regioner i verden er udtrykket XBT f.eks. mere populært end “Bitcoin”, men begge udtryk er faktisk det samme.",
  "127": "Hvem er ejeren af Bitcoin 360 Ai?",
  "128": "På grund af investoraftaler har vi på plads. Vi kan i øjeblikket ikke offentliggøre vores investorliste til offentligheden. Vi kan dog bekræfte, at vores investorer omfatter venturekapitalfonde fra Asien samt enkelte højtstående kryptospillere.",
  "129": "Er XBT App 360 Ai reguleret?",
  "130": "Kryptovalutaer er ikke reguleret i de fleste dele af verden. Der er derfor ingen officiel tilsynsmyndighed for app-aktiviteten. Men som en virksomhed med langsigtet vision udfører vi løbende selvregulerende foranstaltninger, hvilket omfatter revisioner foretaget af velrenommerede firmaer, cybersikkerhedskontrol og strenge protokoller om “kend din klient eller partner” for at sikre, at vores leverandører, klienter og tjenesteudbydere arbejder i overensstemmelse med lovmæssige og professionelle standarder.",
  "131": "Hvad er prisen på Bitcoin 350 Ai 2.0 Avapro?",
  "132": "Bitcoin 360 Ai 2.0 Avapro er gratis for alle vores medlemmer. Vi opkræver i øjeblikket ingen gebyrer eller provisioner; vores forretningsmodel er baseret på en vision om at skabe et langsigtet forhold til vores fællesskab. På et senere tidspunkt i vores app live vil vi indføre særlige funktioner, som vil gøre det muligt for handlende, der er interesserede i at betale for deres brug. Vi informerer alle vores kunder på forhånd om ændringer i prispolitikken.",
  "133": "Sidste ord",
  "134": "Vi har eksisteret i et stykke tid og har opbygget et fremragende ry blandt vores brugere. Mange af dem, der har tjent gode marginaler ved at bruge vores app-tjenester, er almindelige mennesker uden erfaring med handel med kryptovalutaer.",
  "135": "Vi mener, at den bedste måde at handle kryptovalutaer på ved hjælp af en af vores versioner, dvs. BTC, XBT, 2.0 Avapro App, er ved at lære at bruge den korrekt. Du kan finde masser af oplysninger om appen på vores websted, så hvis du bruger lidt tid på at kigge den igennem, kan du komme godt i gang. Vi har også en omfattende FAQ-sektion, hvor du kan finde svar på alle dine spørgsmål.",
  "136": "Der er en vis risiko forbundet med handel med BTC, XBT og andre kryptomønter, men hvis det gøres korrekt, kan risikoen mindskes, og marginpotentialet kan være højere.",
  "137": "Bitcoin 360 AI & 2.0",
  "138": "Avapro Version Højdepunkter",
  "139": "Handelsplatform",
  "140": "Crypto",
  "141": "Omkostninger til platformen",
  "142": "Ingen omkostninger",
  "143": "Udbetalingsgebyr",
  "144": "Gratis",
  "145": "Type af platform",
  "146": "Webbaseret, proprietær platform, Googles Android og Apples iOS",
  "147": "Indbetalingsmulighed",
  "148": "PayPal, Skrill, Neteller, UnionPay, Webmoney, Yandex, Visa, Mastercard, AMEX, Diners Club",
  "149": "Lande",
  "150": "Alle – undtagen USA",
  "151": "Forside",
  "152": "Log på",
  "153": "Om os",
  "154": "Fortrolighedspolitik",
  "155": "Vilkår og betingelser",
  "156": "Ansvarsfraskrivelse",
  "157": "Kontakt os",
  "158": "Bitcoin 360 AI – Anmeldelse",
  "159": "REGULIERUNG & RISIKOREICHE ANLAGEWARNUNG: Der Handel mit Forex, CFDs und Kryptowährungen kann erhebliche Vorteile bringen, birgt aber auch ein gewisses Risiko und ist möglicherweise nicht für alle Anleger geeignet.Sie sollten nicht mit Kapital spekulieren, dessen Verlust Sie sich nicht leisten können.Wir empfehlen Ihnen dringend, unsere ALLGEMEINEN GESCHÄFTSBEDINGUNGEN und den vollständigen HAFTUNGSAUSSCHLUSS zu lesen, bevor Sie eine Investition tätigen.Kunden müssen sich ihrer individuellen Kapitalertragsteuerpflicht in ihrem Wohnsitzland bewusst sein.Es verstößt gegen das Gesetz, US-Bürger zum Kauf und Verkauf von Rohstoffoptionen aufzufordern, auch wenn sie als “Vorhersagekontrakte” bezeichnet werden, es sei denn, sie sind zum Handel notiert und werden an einer CFTC-registrierten Börse gehandelt oder sind gesetzlich davon ausgenommen.Wir haben COOKIES auf Ihrem Computer platziert, um Ihre Erfahrung beim Besuch dieser Website zu verbessern.Sie können die Cookie-Einstellungen auf Ihrem Computer jederzeit ändern.Mit der Nutzung dieser Website erklären Sie sich mit der DATENSCHUTZRICHTLINIE dieser Website einverstanden."
}