{
  "1": "Bitcoin 360 Ai – Pojednostavljeno kripto trgovanje, uključujući verziju BTC Avapro 2.0 Bot",
  "2": "Pridružite se BTC 360 Ai danas",
  "3": "Pozdrav, mi smo",
  "4": "Bitcoin 360 Ai",
  "5": "App ",
  "6": "Što je Bitcoin 360 Ai?",
  "7": "",
  "8": "BTC 360 Ai",
  "9": " je aplikacija za automatsko trgovanje vođena algoritmom umjetne inteligencije koja pokreće upozorenja o trgovanju kada su ispunjeni određeni kriteriji, ima jedinstveno korisničko sučelje što je čini privlačnom i za početnike i za napredne trgovce. Bitcoin Bot 360 Ai pruža sigurnu, ali ipak lako dostupnu i prenosivu platformu za kripto trgovanje, pridružite se našoj rastućoj zajednici trgovaca i otkrijte potencijal XBT-a i drugih kriptovaluta.",
  "10": "Registrirajte se sigurno",
  "11": "Bitcoin 360 AI 21",
  "12": "Mi smo aplikacija za upozorenja o mogućnostima kripto trgovine",
  "13": "Bitcoin 360 Ai je alat za kripto trgovanje koji pruža upozorenja o mogućnostima trgovanja na temelju algoritama koje pokreće AI. Naša je vizija postati najveća platforma za zajednicu kripto trgovaca podržana društvenim trgovanjem naše aplikacije i drugim značajkama koje se odnose na masovnu trgovinu.",
  "14": "Bitcoin 360 AI 22",
  "15": "Predstavljamo našu verziju Bit Avapro 2.0 Bot za automatsko trgovanje",
  "16": "Bit Avapro 2.0 Bot je verzija aplikacije koja uključuje dva načina trgovanja, potpuno automatski način trgovanja i ručni način. Automatsko trgovanje ovlašćuje aplikaciju za obavljanje svih aktivnosti trgovanja bez ljudske intervencije, dok ručni način rada ne izvršava trgovanja, već umjesto toga upozorava trgovce kada se mogućnosti trgovanja pokreću našim Ai algoritmima.",
  "17": "Bitcoin 360 AI 23",
  "18": "Koristimo jedinstvene AI algoritme",
  "19": "Sofisticirani algoritmi umjetne inteligencije osnažuju Bitcoin 2.0 Avapro strategije trgovanja. Kako bi pružila optimalne, ali ipak konzervativne rezultate, aplikacija neprestano skenira preko 100 kripto tržišta u stvarnom vremenu, tražeći povijesno dokazane uzorke i korelacije kako bi pokrenula upozorenja o kvalitetnim trgovinskim prilikama.",
  "20": "Bit 360 Ai – Napravljen za početnike i iskusne kripto trgovce",
  "21": "Bitcoin 360 Ai je aplikacija pojednostavljenog dizajna, ali ipak uključuje napredne značajke trgovanja što je čini prikladnom i za početnike i za napredne trgovce.",
  "22": "Kripto brzo stječe priznanje i priznanje jer se njime trguje više od desetljeća i stoga privlači sve vrste ulagača; grupa investitora BTC Bot Ai 360 sastoji se od svih razina investitora, naša zajednica uključuje visoko kvalificirane investitore kao i početnike koji su se prvi put susreli s kripto trgovanjem.",
  "23": "S našom verzijom Bitcoin Avapro 2.0 svatko može kreirati automatizirane, ručne ili hibridne modele trgovanja kriptovalutama bez prethodnog znanja.",
  "24": "dugoročnih trgovanja 24 sata dnevno. To im omogućuje da maksimalno iskoriste potencijal kripto tržišta i imaju više vremena za uživanje u svojoj financijskoj slobodi i uspjehu. Aplikacija može automatizirati skeniranje tržišta i izvršavanje profitabilnih trgovina u skladu s pravilima koje je postavio investitor ili trgovac.",
  "25": "Registrirajte se za naš Bitcoin 360 Ai i pridružite se našoj zajednici trgovaca već danas",
  "26": "MODERNO ALGO TRGOVANJE",
  "27": "BTC 360 Ai koristi ultramoderne tehnologije za postizanje prednosti u izvršenju trgovine u odnosu na druge botove za algo trgovanje. Ovo je jedna od najnaprednijih platformi za trgovanje koja postoji, kontinuirano koristi sofisticirane računalne algoritme za praćenje i analizu tržišta za najbolje uvjete. Kao rezultat toga, naš AI može se pohvaliti kontinuirano optimiziranim rezultatima.",
  "28": "NAPREDNA TEHNOLOGIJA",
  "29": "BTC 2.0 Avapro Bot je vodeća aplikacija za trgovanje kriptovalutama, nudi više od 100 kripto sredstava kojima se može trgovati. To je kompletan paket. Dostupan je za sve razine iskustva i ima intuitivno sučelje. Osim toga, temelji se na provjerama algoritama povijesnih zapisa s ciljem stvaranja optimalnih upozorenja o trgovanju.",
  "30": "PRETHODNO NA BAZI",
  "31": "Udruge, trgovci, brokeri i članovi visoko ocjenjuju BTC Bot 360 Ai zbog njegovih dokazanih rezultata i visokih performansi čak i u ekstremnim tržišnim uvjetima. Osim toga, korisnička služba dostupna je 24/7, naš tim za podršku odgovorit će na opća pitanja ili pružiti tehničku pomoć.",
  "32": "PRIJAVITE SE BESPLATNO",
  "33": "Kako radi Bitcoin 360 Ai",
  "34": "PRIJAVITE SE BESPLATNO",
  "35": "Registracija je potpuno besplatna, samo ispunite naš kratki obrazac za registraciju koji se nalazi na vrhu ovog",
  "36": "Bitcoin Avapro 2.0 homepage",
  "37": "Potrebni su osnovni podaci, uključujući vaše puno službeno ime, adresu e-pošte, broj telefona i zemlju prebivališta. Nakon što online obrazac bude prihvaćen, postat ćete član naše zajednice trgovaca. Možete odmah početi koristiti našu aplikaciju za trgovanje kriptovalutama.",
  "38": "AKTIVACIJA NALOGA",
  "39": "Čim registrirate svoj račun za trgovanje Bitcoin 2.0 Avapro, spremni ste za početak trgovanja i ulaganja. Morate uložiti samo 250 € kod jednog od pratećih brokera kako biste počeli koristiti aplikaciju. Vi posjedujete sav novac koji uložite i sav novac koji dobijete. Sredstva se mogu povući ili ponovno uložiti u aktivnosti trgovanja. Možete koristiti sredstva sa svog računa za financiranje kripto trgovanja.",
  "40": "TRGUJTE KRIPTOM",
  "41": "Nakon što je vaš račun postavljen i raspoloživa sredstva, možete početi trenirati i trgovati. Broker će se pobrinuti za sve što se tiče povezivanja naše aplikacije s njihovom izvršnom platformom. Aplikacija ne samo da skenira tržište u potrazi za vjerojatnim prilikama, već također može izvršavati trgovine umjesto vas kako bi povećali svoje potencijale marže. Također se možete prebaciti na ručno trgovanje ako želite veću kontrolu nad svojim trgovinama.",
  "42": "Sada se sigurno registrirajte na BTC 2.0 Avapro Bot",
  "43": "Bitcoin 360 Ai prijevara – upozorenje o kopiranju aplikacije",
  "44": "BTC 360 Ai upozorenje o prijevari",
  "45": "Bitcoin 360 Ai prijevara scenarij je u kojem nepouzdani izvori izrađuju kopije naše aplikacije, s obzirom na nereguliranu prirodu kriptovaluta u cijelom svijetu, softvera i proizvoda kao što su naše verzije aplikacija uključujući Bitcoin Bot 2.0 meta su zlorabitelja koji kopiraju našu aplikaciju u različitim oblicima i oblicima. Budite sigurni da sada posjećujete službenu web stranicu",
  "46": ", registracija u našoj aplikaciji je besplatna. Tek kada odlučite započeti aktivnost trgovanja, morat ćete financirati svoj račun kod jednog od naših brokera koje podržava treća strana, uz vaš pristanak, proslijedit ćemo vaše podatke za kontakt jednom od brokera koji će vas voditi i objasniti o trgovanje kao i postupci aktivacije.",
  "47": "Neovisno izvješće o našoj aplikaciji možete pronaći",
  "48": "ovdje",
  "49": "Utječu li na Bit Avapro 2.0 nedavni negativni mediji o kripto industriji?",
  "50": "Apsolutno ne!",
  "51": "Bitcoin 360 Ai je legitimna, pouzdana i ugledna aplikacija za kripto trgovanje, osmišljena je da bude jednostavna za korištenje, a opet daje iznimne rezultate. Može se koristiti kao automatizirani način trgovanja, eliminirajući ljudske slabosti kao što su neiskustvo, emocije, vrijeme i neodlučnost. BTC Bot Ai 360 je više od same aplikacije za trgovanje, to je zapravo zajednica u kojoj trgovci mogu međusobno dijeliti ideje i rezultate kako bi se educirali. Aplikaciju svakodnevno koriste početnici i iskusni trgovci koji zapravo imaju financijsku korist od nje",
  "52": "BESPLATNA REGISTRACIJA",
  "53": "Bitcoin Avapro Bot 2.0 Umjetna inteligencija",
  "54": "BTC Avapro 2.0 je aplikacija vođena umjetnom inteligencijom koja koristi najnovije tehnologije za unapređenje vašeg kripto trgovanja s više samopouzdanja i većim potencijalom marže. Sa svojim vrhunskim algoritmima, softver pruža uvid u tržište i analizu u stvarnom vremenu, tako da možete donositi informirane odluke o izvršenju trgovanja.",
  "55": "Avapro 360 Ai Bot se stalno ažurira najnovijim tržišnim značajkama, tako da ćete uvijek imati najsuvremenije alate za optimalna ulaganja. Moći ćete vidjeti kako tržište radi u stvarnom vremenu i u skladu s tim donositi odluke. Ovi su podaci ključni za svakoga tko želi zaraditi na kripto tržištima.",
  "56": "Analizom ovih podataka možete donijeti informirane odluke o tome koji coin kupiti i prodati i kada to učiniti.",
  "57": "",
  "58": "Ovdje",
  "59": "pronađite još neke korisne informacije o umjetnoj inteligenciji na tržištima kriptovaluta",
  "60": "BTC Ai Avapro 360 demo račun",
  "61": "Kada trgujete na burzi, važno je znati kada kupiti, a kada prodati. To vam može pomoći da povećate svoj profit i smanjite gubitke. Jedan od načina da to prakticirate jest korištenje",
  "62": "demo računa",
  "63": "Demo račun je sjajan način da naučite o tržištu dionica i kako ono funkcionira. Također možete koristiti demo za testiranje novih strategija.",
  "64": "Bitcoin 360 Ai demo verzija je aplikacije koja se koristi za testiranje tržišta na bilo kojem uređaju koji je spojen na internet.",
  "65": "To uključuje stolna računala, tablete i mobilne uređaje, svi oni ne zahtijevaju preuzimanje aplikacije.",
  "66": "Demo aplikacija BTC 360 Ai okruženje je bez rizika koje simulira pravo trgovanje na tržištu, u demo verziji dobivate sve prednosti aplikacije za trgovanje uživo, kao što su: brza analiza, precizni signali i automatizirana trgovanja.",
  "67": "Čak i ručni demo način trgovanja uključuje sve prednosti i značajke žive aplikacije Bitcoin 360 Ai, ova opcija demo ručnog trgovanja daje vam veću kontrolu nad vašim trgovanjem ako želite više prakse u demo načinu rada prije nego što krenete uživo.",
  "68": "UK App Bitcoin 360 Ai Martin Lewis medijske reference",
  "69": "Bitcoin 360 Ai je popularna aplikacija za kripto trgovanje koja je stekla popularnost diljem svijeta, a posebno u Ujedinjenom Kraljevstvu, stoga privlači medijsku pokrivenost, takve medijske reference također generiraju zlostavljači koji “jašu” oko našeg imena s ciljem pridobijanja posjetitelja na njihove kopirane Bitcoin 360 Ai stranice, jedna od njihovih strategija je korištenje imena slavnih zajedno s nazivom naše aplikacije – to čine kako bi stekli povjerenje klijenata da se registriraju kod njih. Nedavno smo u britanskim medijima naišli na reference o ulaganju Martina Lewisa u Bitcoin 360 Ai. Željeli bismo pojasniti da takav medijski tisak u vezi s Martinom Lewisom nismo objavili mi i ni u kojem slučaju nije povezan s nama.",
  "70": "Kao što se može vidjeti u",
  "71": "ovom",
  "72": "pouzdanom izvješću, svaka reklama koja govori o ulaganjima Matina Lewisa u Bitcoin 360 Ai i vjerojatno bilo koju drugu aplikaciju za kripto trgovanje je lažna.",
  "73": "Elon Musk Bitcoin 360 Ai medijska pokrivenost",
  "74": "BTC Ai Bot 2.0 je popularna aplikacija za trgovanje kripto imovinom, uspjeh naše aplikacije, koja radi u niši kriptovaluta – nesigurnoj regulatornoj niši u većini dijelova svijeta, uspjeh je koji privlači medije sa svih strana, nažalost i od nekih zlostavljača koji koriste naše ime neetički i nečitko. Primijetili smo medijsku pokrivenost o vezi između Elona Muska i Bitcoin 360 Ai – i želimo izjaviti da takav tisak nije došao od nas i koliko god željeli otkriti naš popis investitora, nismo u mogućnosti zbog ugovora o privatnosti imati na mjestu. Želimo pojasniti da mi nismo objavili nikakav medijski tisak koji se odnosi na bilo kakvu vezu između Elona Muska i Bitcoin360ai.com i takva veza ne postoji.",
  "75": "Our Bit 2.0 Avapro hybrid auto-manual-trading App version combines humen manual and automated trading features which make it stand out above competitors.",
  "76": "Zadane postavke Bitcoin 360 Ai i glavne značajke verzije aplikacije 2.0 Avapro",
  "77": "Cijena Bitcoin 360 Ai je nula",
  "78": "Cijena Bitcoin 360 Ai je nula. Nema naknade za registraciju, sve aktivnosti trgovanja i korištenje naših značajki potpuno su besplatni. zaradit ćemo svoje naknade od budućih značajki koje ćemo uvesti tijekom drugog i trećeg kvartala 2023.",
  "79": "Nema obaveznog preuzimanja",
  "80": "BTC 2.0 Avapro 360 Ai web verzija ne zahtijeva instalaciju ili preuzimanje, jer je to internetska web platforma kojom se može upravljati iz bilo kojeg preglednika povezanog s internetom i s bilo kojeg uređaja ili lokacije.",
  "81": "Bitcoin 360 Ai registracija bez muke",
  "82": "Lako se i brzo registrirati za Bitcoin 360 Ai. Proces registracije je jednostavan i brz, nakon što završite, moći ćete ga povezati s jednim od brokera kod kojih možete izvršiti trgovanje.",
  "83": "Brza",
  "84": "i",
  "85": " jednostavna provjera",
  "86": "Bitcoin 360 Ai čini jednostavnu i sigurnu provjeru vašeg računa. Nakon registracije, uz vaš pristanak, prenijet ćemo vaše podatke za kontakt jednom od brokera za podršku koji će vas kontaktirati kako bi potvrdili i aktivirali vaš račun za trgovanje.",
  "87": "Sučelje prilagođeno korisniku",
  "88": "Platforma za automatsko trgovanje Bitcoin 360 Ai ima vrlo intuitivno sučelje i jednostavna je za rukovanje. Napravljen je s ciljem da podrži obrte neiskustva. Kao rezultat toga, aplikacija je jednostavna za korištenje, ali ipak uključuje napredne značajke trgovanja.",
  "89": "Minimalna potrebna sredstva",
  "90": "Zahtjev za početni depozit kod većine naših brokera koji podržavaju aplikacije iznosi 250 €. Taj će se iznos koristiti samo za financiranje trgovanja, a ne za naknade za aplikacije koje su trenutačno potpuno besplatne.",
  "91": "Odabir više sredstava",
  "92": "Koristeći našu aplikaciju, možete dobiti upozorenja o mogućnostima trgovanja za fiat valute, dionice, robe i više kriptovaluta (Bitcoin Cash, XBT, Ethereum Monero, Ripple i Dash). Ova je značajka dostupna svim članovima BTC 360 Ai.",
  "93": "Bitcoin 360 Ai reddit i druge zajednice",
  "94": "Članovi Bitcoin 360 Ai postaju zajednica koja razmišlja, dijeli ideje ili samo razgovara o općim životnim temama na platformama kao što su reddit, discord i druge. kako se naš projekt bude razvijao, upravljat ćemo takvim kanalima zajednica i poticati razgovore između naših članova.",
  "95": "Vremenska učinkovitost na izdanjima novih značajki",
  "96": "Članovi Bitcoin Bot 360 Ai uvijek su korak ispred!. Ovo je samo jedna od mnogih prednosti koje softveru daju prednost i mogućnost postizanja tako velike popularnosti u cijelom svijetu.",
  "97": "Konzervativne postavke ili postavke visokog rizika",
  "98": "Bitcoin 360 Ai dizajniran je za prepoznavanje potencijalnih prilika za trgovanje i njihovo pretvaranje u signale za trgovanje. Aplikacija vam omogućuje da postavite razinu rizika upozorenja, što znači da svaki trgovac može prilagoditi značajke aplikacije na temelju individualne sklonosti riziku.",
  "99": "Jednostavne i sigurne uplate i isplate",
  "100": "Za financiranje i povlačenje s vašeg 2.0 Avapro 360 Ai brokerskog računa možete koristiti kreditnu karticu ili debitnu karticu, prijenos novca, bankovne doznake, pa čak i bilo koji elektronički novčanik. Sva povlačenja bit će vraćena na izvorni način plaćanja koji ste koristili za inicijalno financiranje računa.",
  "101": "Stroga sigurnost podataka",
  "102": "Sve vaše financijske, osobne informacije i trgovinske radnje strogo se čuvaju u sigurnom okruženju. Vaša sigurnost je naš ugled, naš je glavni prioritet držati vaše podatke u skladu s najvišim sigurnosnim standardima.",
  "103": "BTC 360 Ai demo račun",
  "104": "Možete testirati odabrana pravila s Bitcoin 360 Ai demo računom i vježbati svoje vještine bez rizika. Nakon što postanete vješti u demo trgovinama, možete započeti prave transakcije.",
  "105": "Moderna značajka testiranja unatrag",
  "106": "Značajka Backtesting u verziji aplikacije Bitcoin Bot 360 Ai omogućuje vam da testirate svoje strategije trgovanja na prošlim tržišnim uvjetima. To će vam omogućiti izmjenu i optimizaciju vaših postavki u bilo kojem trenutku.",
  "107": "Fleksibilna prilagodba",
  "108": "Bitcoin 360 Ai nudi mnoge načine trgovanja i varijable koje se mogu prilagoditi. To omogućuje maksimalnu prilagodbu vašim preferencijama trgovanja.",
  "109": "Korisnička podrška 24/7",
  "110": "Uspjeh, udobnost i zadovoljstvo kupaca i klijenata naš su najveći prioritet. Zbog toga imamo predstavnike korisničke službe koji su dostupni 24/7 da vam pomognu.",
  "111": "PRIJAVI SE SAD",
  "112": "Stručni resursi",
  "113": "Bitcoin Bot 360 Ai želi da imate sve obrazovne resurse koji su vam potrebni na jednom mjestu.",
  "114": "To će vam omogućiti da budete u toku s najnovijim vijestima i trendovima, da se educirate, steknete znanje i alate koji su vam potrebni za uspjeh na tržištu digitalne imovine i povećate svoj potencijal zarađivanja novca.",
  "115": "Pridružite se našoj zajednici i saznajte više o povijesti tržišta, strategijama trgovanja i savjetima, rudarenju kriptovaluta, detaljnim vodičima i drugim korisnim informacijama.",
  "116": "ČESTO POSTAVLJANA PITANJA",
  "117": "Što je Bitcoin 360 Ai?",
  "118": "Bitcoin 360 Ai je aplikacija vođena umjetnom inteligencijom za kripto trgovanje koja proizvodi upozorenja o mogućnostima trgovanja pokretana algoritmima koji skeniraju tržišna kretanja uživo u potrazi za obrascima i korelacijama i uspoređujući ih s povijesnim skeniranjem unatrag, tako da kada se ispune određeni uvjeti – trgovanje upozorenje o mogućnosti pokreće se na sučelju aplikacije.",
  "119": "Što je Bitcoin 2.0 Avapro 360 Ai?",
  "120": "Bitcoin 2.0 Avapro 360 Ai verzija je aplikacije koja uključuje hibridne modele u kojima trgovci mogu birati između automatiziranog izvršenja trgovine ili ručnog izvršenja trgovine; iFex verzija dostupna je svim trgovcima i ne zahtijeva nikakve dodatne postavke ili troškove.",
  "121": "Koje su indikacije legitimnosti Bitcoin 360 Ai 2.0 Avapro?",
  "122": "Bitcoin 360 Ai 2.0 Avapro legitimna je aplikacija za kripto trgovanje,",
  "123": "nekoliko zlonamjernih operatera aplikacija iskorištava naše ime i ugled,",
  "124": "ali možete jednostavno osigurati da se registrirate s ispravnom aplikacijom jednostavnom provjerom da se registrirate s autentičnim URL-om bitcoin360ai.com . Štoviše, nikada nećemo tražiti nikakve naknade od vas. Jedina uplata koju ćete morati izvršiti jest financiranje vašeg računa za trgovanje kod jednog od brokera koji podržavaju aplikacije, a to možete učiniti samo kada se osjećate dovoljno sigurnim da trgujete, dok će druge zlonamjerne aplikacije zahtijevati plaćanja unaprijed.",
  "125": "Je li XBT App 2.0 Avapro 360 Ai isto što i BTC 360 Ai?",
  "126": "Da, XBT App 2.0 Avapro 360 Ai je isti kao Bitcoin 360 Ai. Naša aplikacija uključuje nekoliko alternativnih imena. Na primjer, u nekim regijama svijeta pojam XBT je popularniji od ‘Bitcoina’, ali su oba pojma zapravo ista.",
  "127": "Tko je vlasnik Bitcoin 360 Ai?",
  "128": "Zbog dogovora s investitorima imamo mjesto. Trenutno ne možemo otkriti javnosti naš popis investitora. Međutim, možemo potvrditi da naši investitori uključuju VC-ove iz Azije, kao i pojedinačne visokorangirane kripto igrače.",
  "129": "Je li XBT App 360 Ai reguliran?",
  "130": "Kriptovalute nisu regulirane u većini dijelova svijeta. Stoga ne postoji službeni regulator za aktivnost aplikacije. Međutim, kao tvrtka s dugotrajnom vizijom, provodimo stalne samoregulacijske radnje, što uključuje revizije od strane uglednih tvrtki, provjere kibernetičke sigurnosti i stroge protokole ‘upoznaj svog klijenta ili partnera’ kako bismo osigurali da naši dobavljači, klijenti i pružatelji usluga rade u liniji s regulatornim i profesionalnim standardima.",
  "131": "Koja je cijena Bitcoin 350 Ai 2.0 Avapro?",
  "132": "Bitcoin 360 Ai 2.0 Avapro je besplatan za sve naše članove. Trenutno ne naplaćujemo nikakve naknade ni provizije; naša vizija poslovnog modela je stvoriti dugoročan odnos s našom zajednicom. U kasnijoj fazi naše aplikacije uživo, uvest ćemo posebne značajke koje će trgovcima zainteresiranima omogućiti plaćanje za njihovu upotrebu. Sve naše klijente ćemo unaprijed obavijestiti o promjenama cjenovne politike.",
  "133": "Završne riječi",
  "134": "Postojimo već neko vrijeme i izgradili smo izvrsnu reputaciju među našim korisnicima. Mnogi od njih koji su ostvarili dobre marže koristeći naše usluge aplikacije obični su ljudi bez iskustva u trgovanju kriptovalutama.",
  "135": "Vjerujemo da je najbolji način trgovanja kriptovalutama koristeći bilo koju od naših verzija, npr. BTC, XBT, 2.0 Avapro App, učenje kako se pravilno koristiti. Na našem web-mjestu možete pronaći mnogo informacija o aplikaciji, pa bi vam malo vremena pregledavanja trebalo pomoći da počnete. Nudimo i opsežan odjeljak s često postavljanim pitanjima u kojem ćete pronaći odgovore na sva pitanja.",
  "136": "Postoji određeni rizik uključen u trgovanje BTC-om, XBT-om i drugim kripto kovanicama, ali ako se radi ispravno, rizici se mogu ublažiti, a potencijal marže može biti veći.",
  "137": "Istaknute karakteristike",
  "138": " Bitcoin 360 AI & 2.0 Avapro verzije",
  "139": "Platforma za trgovanje",
  "140": "Kripto",
  "141": "Cijena platforme",
  "142": "Nema cijene",
  "143": "Naknada za povlačenje",
  "144": "Besplatno",
  "145": "Vrsta platforme",
  "146": "Web-bazirana, vlasnička platforma, Googleov Android i Appleov iOS",
  "147": "Mogućnost depozita",
  "148": "PayPal, Skrill, Neteller, UnionPay, Webmoney, Yandex, Visa, Mastercard, AMEX, Diners Club",
  "149": "Zemlje",
  "150": "Sve – osim SAD-a",
  "151": "Glavna stranica",
  "152": "Prijaviti se",
  "153": "O nama",
  "154": "Pravila o privatnosti",
  "155": "Uvjeti i odredbe",
  "156": "Odricanje",
  "157": "Kontaktirajte nas",
  "158": "Bitcoin 360 AI pregled",
  "159": "REGULACIJA I UPOZORENJE O VISOKOM RIZIKU ULAGANJA: Trgovanje Forexom, CFD-ovima i kriptovalutama može generirati značajnu zaradu, ali također nosi određenu razinu rizika i možda nije prikladno za sve ulagače. Ne biste trebali špekulirati s kapitalom koji si ne možete priuštiti izgubiti. Toplo preporučamo da pročitate naše ODREDBE I UVJETE i cijelu stranicu ODRICANJA ODGOVORNOSTI prije bilo kakvog ulaganja. Klijenti bi trebali biti svjesni svojih pojedinačnih obveza poreza na kapitalnu dobit u zemlji prebivališta. protivzakonito je nagovaranje osoba iz SAD-a na kupnju i prodaju robnih opcija, čak i ako se one nazivaju 'predviđačkim ugovorima', osim ako nisu navedene za trgovanje i njima se trguje na burzi registriranoj kod CFTC-a ili ako nisu zakonski izuzete. Postavili smo KOLAČIĆE na vaše računalo kako bismo poboljšali vaše iskustvo kada posjećujete ovu web stranicu. Postavke kolačića na svom računalu možete promijeniti u bilo kojem trenutku. Korištenje ove web stranice označava vaše prihvaćanje ove web stranice DS POLITIKA PRIVATNOSTI."
}