{
  "1": "Bitcoin 360 Ai – Förenklad handel med krypto, inklusive BTC Avapro 2.0 Bot-versionen",
  "2": "Gå med i BTC 360 Ai idag",
  "3": "Hej, vi är",
  "4": "Bitcoin 360 Ai",
  "5": "App",
  "6": "Vad är Bitcoin 360 Ai?",
  "7": "",
  "8": "BTC 360 Ai",
  "9": "är en AI-algoritmdriven app som utlöser handelsvarningar när vissa kriterier uppfylls.Den har ett unikt användarvänligt gränssnitt som gör den attraktiv för både nybörjare och avancerade handlare. Bitcoin Bot 360 Ai erbjuder en säker men ändå lättillgänglig och portabel plattform för handel med kryptovalutor.Gå med i vårt växande handelssamhälle och upptäck potentialen hos XBT och andra kryptovalutor.",
  "10": "Registrera dig på ett säkert sätt",
  "11": "Bitcoin 360 AI 21",
  "12": "Vi är en Crypto Trade Opportunities Alerts App",
  "13": "Bitcoin 360 Ai är ett verktyg för handel med krypto som ger varningar om handelsmöjligheter baserat på algoritmer som drivs av Ai. Vår vision är att bli den största plattformen för kryptohandlare som stöds av vår apps sociala handel och andra funktioner för crowd trade.",
  "14": "Bitcoin 360 AI 22",
  "15": "Vi presenterar vår Bit Avapro 2.0 Bot-version för automatisk handel",
  "16": "it Avapro 2.0 Bot är en appversion som innehåller två handelslägen, ett helt automatiskt handelsläge och ett manuellt läge. Automatisk handel tillåter appen att utföra alla handelsaktiviteter utan mänskligt ingripande, medan det manuella läget inte utför affärerna utan istället varnar handlare när handelsmöjligheter utlöses av våra Ai-algoritmer.",
  "17": "Bitcoin 360 AI 23",
  "18": "Vi använder unika Ai-algoritmer",
  "19": "Sofistikerade algoritmer för artificiell intelligens ger Bitcoin 2.0 Avapro-handelsstrategier. För att leverera optimala men ändå konservativa resultat skannar appen ständigt över 100 kryptomarknader i realtid och söker efter historiskt bevisade mönster och korrelationer för att utlösa varningar om handelsmöjligheter av hög kvalitet.",
  "20": "Bit 360 Ai – För både nybörjare och erfarna kryptohandlare",
  "21": "Bitcoin 360 Ai är en förenklad app men innehåller ändå avancerade handelsfunktioner som gör den lämplig för både nybörjare och avancerade handlare.",
  "22": "Krypto får snabbt erkännande och bekräftelse, eftersom det har handlats i mer än ett decennium nu och därför lockar alla typer av investerare; BTC Bot Ai 360-investerargruppen består av alla nivåer av investerare, vår gemenskap omfattar både mycket skickliga investerare och nybörjare som kom över kryptohandel för första gången.",
  "23": "Med vår Bitcoin Avapro 2.0-version kan vem som helst skapa automatiserade, manuella eller hybridmodeller för handel med kryptovalutor utan att ha några förkunskaper.",
  "24": "Handlare kan utföra ett obegränsat antal kort- eller långsiktiga affärer 24 timmar om dygnet. Detta gör att de kan maximera potentialen på kryptomarknaderna och få mer tid att njuta av sin ekonomiska frihet och framgång. Appen kan automatisera genomgången av marknaderna och utförandet av lönsamma affärer enligt investerarens eller näringsidkarens fastställda regler.",
  "25": "Registrera dig på vår Bitcoin 360 Ai och gå med i vårt handlarsamfund idag.",
  "26": "MODERN ALGO TRADING",
  "27": "BTC 360 Ai använder ultra-modern teknik för att uppnå en fördel i förhållande till andra algo trading bots. Detta är en av de mest högteknologiska handelsplattformar som finns, den använder kontinuerligt sofistikerade datoralgoritmer för att övervaka och analysera marknaderna för att hitta de bästa förutsättningarna. Som ett resultat av detta kan vår Ai skryta med kontinuerligt optimerade resultat.",
  "28": "AVANCERAD TEKNIK",
  "29": "BTC 2.0 Avapro Bot är en ledande app för handel med kryptovalutor och erbjuder mer än 100 handelbara kryptotillgångar. Det är ett komplett paket. Den är tillgänglig för alla erfarenhetsnivåer och har ett intuitivt gränssnitt. Dessutom är den baserad på en historisk registrering av algoritmkontroller i syfte att producera optimala handelsvarningar.",
  "30": "FÖRFOGAD BASERAD.",
  "31": "Föreningar, handlare, mäklare och medlemmar uppskattar BTC Bot 360 Ai mycket på grund av dess beprövade resultat och höga prestanda även under extrema marknadsförhållanden. Dessutom är kundtjänsten tillgänglig dygnet runt, vårt supportteam svarar på allmänna frågor eller ger teknisk hjälp.",
  "32": "REGISTRERA DIG GRATIS",
  "33": "Hur fungerar Bitcoin 360 Ai",
  "34": "REGISTRERA DIG GRATIS",
  "35": "Det är helt gratis att registrera sig. Du behöver bara fylla i vårt korta registreringsformulär längst upp på denna",
  "36": "Bitcoin Avapro 2.0 homepage",
  "37": "Grundläggande information, inklusive ditt fullständiga juridiska namn, e-postadress, telefonnummer och bosättningsland, krävs. När du har godkänt formuläret online blir du medlem i vår gemenskap av handlare. Du kan genast börja använda vår app för handel med kryptovalutor.",
  "38": "AKTIVERING AV KONTO",
  "39": "Så snart ditt Bitcoin 2.0 Avapro-handelskonto har registrerats är du redo att börja handla och investera. Du behöver bara investera 250 euro hos en av de stödjande mäklarna för att börja använda appen. Du äger alla pengar som du investerar och alla pengar som du vinner. Medlen kan tas ut eller återinvesteras i handelsverksamhet. Du kan använda pengarna från ditt konto för att finansiera kryptohandel.",
  "40": "HANDEL CRYPTO",
  "41": "När ditt konto är upprättat och du har tillgång till pengar kan du börja träna och handla. Mäklarna kommer att hantera allt när det gäller att ansluta vår app till deras plattform för utförande. Appen skannar inte bara marknaden efter sannolika möjligheter utan kan också utföra affärer åt dig för att maximera din marginalpotential. Du kan också byta till manuell handel om du vill ha mer kontroll över dina affärer.",
  "42": "Registrera dig på ett säkert sätt för BTC 2.0 Avapro Bot nu",
  "43": "Bitcoin 360 Ai bluff – Varning för appkopiering",
  "44": "BTC 360 Ai bluffvarning",
  "45": "Bitcoin 360 Ai scam är ett scenario där opålitliga källor gör kopior av vår app, med tanke på den oreglerade karaktären av kryptovalutor världen över, är programvaror och produkter som våra appversioner, inklusive Bitcoin Bot 2.0, målgrupp för missbrukare som kopierar vår app i olika former. Du kan vara säker på att du nu besöker den officiella webbplatsen för",
  "46": "och att det är gratis att registrera dig i vår app. Först när du bestämmer dig för att börja handla behöver du sätta in pengar på ditt konto hos en av våra mäklare som stöds av tredje part, och efter ditt samtycke kommer vi att vidarebefordra dina kontaktuppgifter till en av mäklarna som kommer att vägleda och förklara för dig hur du ska handla och hur du aktiverar ditt konto.",
  "47": "En oberoende rapport om vår app finns",
  "48": "här",
  "49": "Påverkas Bit Avapro 2.0 av den senaste tidens negativa media om kryptoindustrin?",
  "50": "Absolut inte!",
  "51": "Bitcoin 360 Ai är en legitim, pålitlig och välrenommerad app för kryptohandel, den har utformats för att vara enkel att använda och ändå ge exceptionella resultat. Den kan användas som ett automatiserat handelsläge och eliminerar mänskliga svagheter som oerfarenhet, känslor, tid och obeslutsamhet. BTC Bot Ai 360 är mer än bara en handelsapp, det är faktiskt en gemenskap där handlare kan dela idéer och resultat med varandra för att utbilda sig själva. Appen används dagligen av nybörjare och erfarna näringsidkare som faktiskt drar nytta av den ekonomiskt.",
  "52": "KOSTNADSFRI REGISTRERING",
  "53": "Bitcoin Avapro Bot 2.0 Artificiell intelligens",
  "54": "BTC Avapro 2.0 är en app som drivs av artificiell intelligens och som använder den senaste tekniken för att främja din kryptohandel med större självförtroende och högre marginaler. Med sina banbrytande algoritmer ger programvaran insikter och analyser av marknaden i realtid, så att du kan fatta välgrundade beslut om handel.",
  "55": "Avapro 360 Ai Bot uppdateras ständigt med de senaste marknadsfunktionerna, så du har alltid de senaste verktygen för att göra optimala investeringar. Du kan se hur marknaden utvecklas i realtid och fatta beslut därefter. Dessa uppgifter är viktiga för alla som vill tjäna pengar på kryptomarknaderna.",
  "56": "Genom att analysera dessa uppgifter kan du fatta välgrundade beslut om vilka mynt du ska köpa och sälja och när du ska göra det.",
  "57": "",
  "58": "Här",
  "59": "hittar du mer användbar information om artificiell intelligens på kryptovalutamarknaden.",
  "60": "BTC Ai Avapro 360 demo konto",
  "61": "När du handlar på aktiemarknaden är det viktigt att veta när du ska köpa och sälja. Detta kan hjälpa dig att maximera dina vinster och minimera dina förluster. Ett sätt att öva på detta är att använda ett",
  "62": "demokonto",
  "63": "Ett demokonto är ett utmärkt sätt att lära sig om aktiemarknaden och hur den fungerar. Du kan också använda demotjänsten för att testa nya strategier.",
  "64": "Bitcoin 360 Ai demo är en appversion som används för att testa marknaderna på alla enheter som är anslutna till internet.",
  "65": "Detta inkluderar stationära datorer, surfplattor och mobila enheter, som alla inte kräver att du laddar ner appen.",
  "66": "BTC 360 Ai-demoprogrammet är en riskfri miljö som simulerar handel på en riktig marknad.I demoversionen får du alla fördelar med live-handelsappen, till exempel: snabb analys, exakta signaler och automatiserade affärer.",
  "67": "Även det manuella demohandelsläget innehåller alla fördelar och funktioner som Bitcoin 360 Ai-appen har i live.Det manuella demohandelsalternativet ger dig större kontroll över dina affärer om du vill öva mer i demoläget innan du går live.",
  "68": "UK App Bitcoin 360 Ai Martin Lewis referenser i media",
  "69": "Bitcoin 360 Ai är en populär kryptohandelsapp som blivit populär över hela världen och särskilt i Storbritannien, vilket gör att den lockar till sig mediebevakning.Sådana mediereferenser genereras också av missbrukare som “rider” på den stora uppståndelsen kring vårt namn i syfte att få besökare till sina kopierade Bitcoin 360 Ai-sajter.En av deras strategier är att använda kändisars namn tillsammans med vår app – de gör detta för att få kunder att lita på att de ska registrera sig hos dem. Vi stötte nyligen på hänvisningar i brittiska medier om Martin Lewis investering i Bitcoin 360 Ai. Vi vill förtydliga att denna press om Martin Lewis inte har publicerats av oss och inte heller har någon koppling till oss.",
  "70": "Som framgår av den",
  "71": "här",
  "72": "tillförlitliga rapporten är alla annonser som talar om Matin Lewis investeringar i Bitcoin 360 Ai och troligen någon annan kryptohandelsapp falska.",
  "73": "Elon Musk Bitcoin 360 Ai medietäckning",
  "74": "BTC Ai Bot 2.0 är en populär app för handel med kryptotillgångar.Framgången för vår app, som är verksam inom kryptovalutor – en osäker reglering i de flesta delar av världen – är en framgång som lockar till sig press från alla olika typer av parter, tyvärr också från vissa missbrukare som använder vårt namn på ett oetiskt och olagligt sätt. Vi har uppmärksammat en del medierapportering om en koppling mellan Elon Musk och Bitcoin 360 Ai – och vi vill upplysa om att sådan press inte kom från oss och även om vi skulle vilja avslöja vår investerarlista kan vi inte göra det på grund av de sekretessavtal som vi har på plats. Vi vill förtydliga att vi inte har publicerat någon press i media om någon form av koppling mellan Elon Musk och Bitcoin360ai.com och att en sådan koppling inte existerar.",
  "75": "Vår Bit 2.0 Avapro hybridversion av automatisk-manuell handel App-version kombinerar mänskliga manuella och automatiserade handelsfunktioner som gör att den sticker ut från konkurrenterna.",
  "76": "Bitcoin 360 Ai standard och 2.0 Avapro App version huvudfunktioner",
  "77": "Bitcoin 360 Ai priset är noll",
  "78": "Priset för Bitcoin 360 Ai är noll. Det finns ingen registreringsavgift, all handel och användning av våra funktioner är helt gratis. Vi kommer att tjäna våra avgifter på framtida funktioner som vi kommer att införa under andra och tredje kvartalet 2023.",
  "79": "Ingen obligatorisk nedladdning",
  "80": "Webbversionen av BTC 2.0 Avapro 360 Ai kräver ingen installation eller nedladdning, eftersom det är en webbaserad plattform som kan användas från vilken internetansluten webbläsare som helst, från vilken enhet eller plats som helst.",
  "81": "Bitcoin 360 Ai-registrering utan krångel",
  "82": "Det är enkelt och snabbt att registrera sig för Bitcoin 360 Ai. Registreringsprocessen är enkel och snabb, och när du har gjort det kan du ansluta den till en av mäklarna där du kan utföra affärerna.",
  "83": "Snabb",
  "84": "och",
  "85": "enkel verifiering",
  "86": "Bitcoin 360 Ai gör det enkelt och säkert att verifiera ditt konto. När du registrerar dig kommer vi, med ditt samtycke, att överföra dina kontaktuppgifter till en av de stödjande mäklarna som kommer att kontakta dig för att verifiera och aktivera ditt handelskonto.",
  "87": "Användarvänligt gränssnitt",
  "88": "Den automatiska handelsplattformen Bitcoin 360 Ai har ett mycket intuitivt gränssnitt och är lätt att använda. Den skapades för att stödja oerfarna yrkesutövare. Appen är därför lätt att använda men innehåller ändå avancerade handelsfunktioner.",
  "89": "Krav på minsta medel",
  "90": "Kravet på en första insättning hos de flesta av våra appstödjande mäklare är 250 euro. Detta belopp kommer endast att användas för att finansiera affärer och inte alls för appavgifter som för närvarande är helt gratis.",
  "91": "Val av flera tillgångar",
  "92": "Genom att använda vår app kan du få varningar om handelsmöjligheter för fiatvalutor, aktier, råvaror och flera kryptovalutor (Bitcoin Cash, XBT, Ethereum Monero, Ripple och Dash).Denna funktion är tillgänglig för alla BTC 360 Ai medlemmar.",
  "93": "Bitcoin 360 Ai reddit och andra gemenskaper",
  "94": "Bitcoin 360 Ai:s medlemmar blir en gemenskap som brainstormar, delar idéer eller bara pratar om allmänna livsfrågor på plattformar som reddit, discord och andra. När vårt projekt utvecklas kommer vi att administrera sådana gemenskapskanaler och uppmuntra till samtal mellan våra medlemmar.",
  "95": "Tidseffektivitet vid lansering av nya funktioner",
  "96": "Bitcoin Bot 360 Ai-medlemmar ligger alltid ett steg före!. Detta är bara en av de många fördelar som ger programvaran dess försprång och förmågan att uppnå en så hög popularitet över hela världen.",
  "97": "Konservativa inställningar eller inställningar med högre risk",
  "98": "Bitcoin 360 Ai är utformad för att identifiera potentiella handelsmöjligheter och omvandla dem till handelssignaler. Appen gör det möjligt att ställa in risknivån för varningarna, vilket innebär att varje näringsidkare kan anpassa appens funktioner utifrån sin individuella riskvilja.",
  "99": "Enkla och säkra betalningar och utbetalningar",
  "100": "För att finansiera och ta ut pengar från ditt 2.0 Avapro 360 Ai stödjande mäklarkonto kan du använda kreditkort eller betalkort, penningöverföringar, banköverföringar och till och med elektroniska plånböcker. Alla uttag kommer att betalas tillbaka till den ursprungliga betalningsmetoden som du använde för att sätta in pengar på ditt konto.",
  "101": "Strikt datasäkerhet",
  "102": "All din ekonomi, personliga information och dina affärer förvaras strikt i en säker miljö. Din säkerhet är vårt rykte och det är vår högsta prioritet att hålla din information på högsta säkerhetsnivå.",
  "103": "BTC 360 Ai Demokonto",
  "104": "Du kan testa dina valda regler med Bitcoin 360 Ai Demo Account och öva på dina färdigheter utan risk. När du har blivit duktig på demohandel kan du börja med riktiga transaktioner.",
  "105": "Modern Backtesting-funktion",
  "106": "Backtesting-funktionen i Bitcoin Bot 360 Ai-appen versoin gör det möjligt för dig att testa dina handelsstrategier på tidigare marknadsförhållanden. På så sätt kan du ändra och optimera dina inställningar när som helst.",
  "107": "Flexibel anpassning",
  "108": "Bitcoin 360 Ai erbjuder många handelslägen och variabler som kan anpassas. Detta gör det möjligt att anpassa sig maximalt för att passa dina handelspreferenser.",
  "109": "Kundsupport dygnet runt",
  "110": "Kundernas och klienternas framgång, komfort och tillfredsställelse är vår högsta prioritet. Därför har vi kundtjänstmedarbetare som är tillgängliga dygnet runt för att hjälpa dig.",
  "111": "ANMÄL DIG NU",
  "112": "Kunniga resurser",
  "113": "Bitcoin Bot 360 Ai vill att du ska ha alla utbildningsresurser du behöver på ett och samma ställe.",
  "114": "På så sätt kan du hålla dig uppdaterad om de senaste nyheterna och trenderna, utbilda dig själv, få den kunskap och de verktyg du behöver för att lyckas på marknaden för digitala tillgångar och maximera din potential att tjäna pengar.",
  "115": "Gå med i vår gemenskap och lär dig mer om marknadens historia, handelsstrategier och tips, kryptovalutabrytning, detaljerade guider och annan nyttig information.",
  "116": "OFTA STÄLLDA FRÅGOR",
  "117": "Vad är Bitcoin 360 Ai?",
  "118": "Bitcoin 360 Ai är en kryptohandel Ai-driven app som producerar varningar om handelsmöjligheter som drivs av algoritmer som skannar levande marknadsrörelser i en sökning efter mönster och korrelationer och jämför dem med historiska back-testing skanningar, så när vissa villkor är uppfyllda – en varning om handelsmöjligheter utlöses på appens front-end.",
  "119": "Vad är Bitcoin 2.0 Avapro 360 Ai?",
  "120": "Bitcoin 2.0 Avapro 360 Ai är en app-version som innehåller hybridmodeller där handlare kan välja mellan automatiserat eller manuellt handelsutförande; iFex-versionen är tillgänglig för alla handlare och kräver ingen extra installation eller kostnad.",
  "121": "Vad är Bitcoin 360 Ai 2.0 Avapro indikationer på legitimitet?",
  "122": "Bitcoin 360 Ai 2.0 Avapro är en legitim app för kryptohandel.",
  "123": "Flera oseriösa appoperatörer utnyttjar vårt namn och rykte,",
  "124": "men du kan enkelt se till att du registrerar dig i rätt app genom att kontrollera att du registrerar dig med den autentiska webbadressen bitcoin360ai.com. Dessutom kommer vi aldrig att begära några avgifter från dig. Den enda betalning du måste göra är att sätta in pengar på ditt handelskonto hos en av de mäklare som stöder appen, och det kan du göra först när du känner dig tillräckligt säker för att handla, medan andra missbrukande appar kräver förskottsbetalningar.",
  "125": "Är XBT App 2.0 Avapro 360 Ai samma sak som BTC 360 Ai?",
  "126": "Ja, XBT App 2.0 Avapro 360 Ai är samma sak som Bitcoin 360 Ai. Vår app innehåller flera alternativa namn. I vissa delar av världen är till exempel termen XBT populärare än “Bitcoin”, men de båda termerna är i själva verket samma sak.",
  "127": "Vem äger Bitcoin 360 Ai?",
  "128": "På grund av investeraravtalen har vi. Vi kan för närvarande inte lämna ut vår investerarlista till allmänheten. Vi kan dock bekräfta att våra investerare inkluderar riskkapitalbolag från Asien och enskilda högt rankade kryptospelare.",
  "129": "Är XBT App 360 Ai reglerat?",
  "130": "Kryptovalutor är inte reglerade i de flesta delar av världen. Därför finns det ingen officiell tillsynsmyndighet för appverksamheten. Som ett företag med en långsiktig vision genomför vi dock löpande självreglerande åtgärder, vilket inkluderar revisioner av välrenommerade företag, cybersäkerhetskontroller och strikta protokoll för att se till att våra leverantörer, kunder och tjänsteleverantörer arbetar i enlighet med regler och professionella standarder.",
  "131": "Vad är priset på Bitcoin 350 Ai 2.0 Avapro?",
  "132": "Bitcoin 360 Ai 2.0 Avapro är gratis för alla våra medlemmar. Vi tar för närvarande inte ut några avgifter eller provisioner överhuvudtaget, utan vår affärsmodell är att skapa en långsiktig relation med vår gemenskap. I ett senare skede av vår app kommer vi att införa särskilda funktioner som gör det möjligt för handlare som är intresserade av att betala för sin användning. Vi informerar alla våra kunder i förväg om ändringar i prispolitiken.",
  "133": "Slutord",
  "134": "Vi har funnits länge och har byggt upp ett utmärkt rykte bland våra användare. Många av dem som har gjort bra marginaler genom att använda våra apptjänster är vanliga människor utan erfarenhet av handel med kryptovalutor.",
  "135": "Vi tror att det bästa sättet att handla med kryptovalutor med någon av våra versioner, t.ex. BTC, XBT, 2.0 Avapro App, är att lära sig hur man använder den på rätt sätt. Du hittar mycket information om appen på vår webbplats, så om du tar dig lite tid att bläddra igenom den kan det hjälpa dig att komma igång. Vi har också en omfattande FAQ-sektion där du hittar svar på alla dina frågor.",
  "136": "Det finns en viss risk med att handla med BTC, XBT och andra kryptomynt, men om det görs på rätt sätt kan riskerna minskas och marginalpotentialen kan vara högre.",
  "137": "Bitcoin 360 AI och 2.0",
  "138": "Avapro-versionen höjdpunkter",
  "139": "Handelsplattform",
  "140": "Krypto",
  "141": "Kostnad för plattformen",
  "142": "Ingen kostnad",
  "143": "Avgift för uttag",
  "144": "Gratis",
  "145": "Typ av plattform",
  "146": "Webbaserad, proprietär plattform, Googles Android och Apples iOS",
  "147": "Insättningsalternativ",
  "148": "ayPal, Skrill, Neteller, UnionPay, Webmoney, Yandex, Visa, Mastercard, AMEX, Diners Club",
  "149": "Länder",
  "150": "Alla – utom USA",
  "151": "Hemsida",
  "152": "Logga in",
  "153": "Handla om",
  "154": "Integritetspolicy",
  "155": "Villkor",
  "156": "Varning",
  "157": "Kontakta oss",
  "158": "Bitcoin 360 Ai recension",
  "159": "REGLERING & HÖGRISKINVESTERING VARNING: Handel med Forex, CFD: er och kryptovalutor kan generera betydande fördelar men medför också en risknivå och kanske inte är lämplig för alla investerare.Du bör inte spekulera med kapital som du inte har råd att förlora.Vi rekommenderar starkt att du läser våra villkor och hela ansvarsfriskrivningssidan innan du gör någon investering.Kunderna måste vara medvetna om sin individuella kapitalvinstskatt i sitt hemland.Det strider mot lagen att uppmana amerikanska personer att köpa och sälja råvaruoptioner, även om de kallas ”förutsägelsekontrakt”, såvida de inte är noterade för handel och handlas på en CFTC-registrerad börs eller om de inte är lagligt undantagna.Vi har placerat COOKIES på din dator för att förbättra din upplevelse när du besöker denna webbplats.Du kan när som helst ändra cookie-inställningarna på din dator.Användningen av denna webbplats indikerar att du accepterar denna webbplats SEKRETESSPOLICY."
}