{
  "1": "Bitcoin 360 Ai – Yksinkertaistettu kryptokauppaa, mukaan lukien BTC Avapro 2.0 Bot-versio",
  "2": "Liity BTC 360 Ai:hin tänään",
  "3": "Hei, olemme",
  "4": "Bitcoin 360 Ai",
  "5": "App",
  "6": "Mikä on Bitcoin 360 Ai?",
  "7": "",
  "8": "BTC 360 Ai",
  "9": "on automaattinen kaupankäynnin AI-algoritmipohjainen sovellus, joka laukaisee kaupankäynnin hälytykset, kun tietyt kriteerit täyttyvät, sillä on ainutlaatuinen käyttäjäystävällinen käyttöliittymä, joka tekee siitä houkuttelevan sekä aloittelijoille että edistyneille kauppiaille. Bitcoin Bot 360 Ai tarjoaa turvallisen, mutta silti helposti saatavilla olevan ja kannettavan kryptokauppapaikan, liity kasvavaan kauppiaiden yhteisöön ja tutustu XBT:n ja muiden kryptovaluuttojen mahdollisuuksiin.",
  "10": "Rekisteröidy turvallisesti",
  "11": "Bitcoin 360 AI 21",
  "12": "Olemme Crypto Trade Mahdollisuudet Hälytykset App",
  "13": "Bitcoin 360 Ai on kryptokauppatyökalu, joka tarjoaa kaupankäyntimahdollisuuksia koskevia hälytyksiä, jotka perustuvat Ai:n käyttämiin algoritmeihin. Visiomme on tulla suurimmaksi alustaksi kryptokauppiaiden yhteisölle, jota tukee sovelluksemme sosiaalinen kaupankäynti ja muut väkijoukkokauppaan liittyvät ominaisuudet.",
  "14": "Bitcoin 360 AI 22",
  "15": "Esittelyssä Bit Avapro 2.0 Bot Automaattisen kaupankäynnin versio",
  "16": "Bit Avapro 2.0 Bot on sovellusversio, joka sisältää kaksi kaupankäyntitilaa, täysin automaattisen kaupankäyntitilan ja manuaalisen tilan. Automaattinen kaupankäynti valtuuttaa sovelluksen suorittamaan kaikki kaupankäyntitoiminnot ilman ihmisen väliintuloa, kun taas manuaalinen tila ei suorita kauppoja, mutta sen sijaan se varoittaa kauppiaita, kun Ai-algoritmit käynnistävät kaupankäyntimahdollisuuksia.",
  "17": "Bitcoin 360 AI 23",
  "18": "Käytämme ainutlaatuisia Ai-algoritmeja",
  "19": "Hienostuneet tekoälyalgoritmit antavat Bitcoin 2.0 Avapro-kaupankäyntistrategioille mahdollisuuden. Optimaalisten, mutta silti konservatiivisten tulosten aikaansaamiseksi sovellus skannaa jatkuvasti yli 100 kryptomarkkinoita reaaliajassa ja etsii historiallisesti todistettuja malleja ja korrelaatioita laukaistakseen laadukkaita kaupankäyntimahdollisuushälytyksiä.",
  "20": "Bit 360 Ai – Tehty sekä aloittelijoille että kokeneille kryptokauppiaille.",
  "21": "Bitcoin 360 Ai on yksinkertaistettu suunniteltu sovellus, mutta sisältää kuitenkin kehittyneitä kaupankäyntiominaisuuksia, mikä tekee siitä sopivan sekä aloittelijoille että edistyneille kauppiaille.",
  "22": "Krypto on saamassa tunnustusta ja tunnustusta nopeasti, on ollut kaupankäynnin yli vuosikymmenen ajan nyt ja siksi houkuttelee kaikentyyppisiä sijoittajia; BTC Bot Ai 360 sijoittajat ryhmä koostuu kaikentasoisista sijoittajista, yhteisömme sisältää erittäin ammattitaitoisia sijoittajia sekä aloittelijoita, jotka törmäsivät krypto kaupankäynnin aivan ensimmäistä kertaa.",
  "23": "Bitcoin Avapro 2.0-versiomme avulla kuka tahansa voi luoda automatisoituja, manuaalisia tai hybridejä kryptovaluuttakaupankäyntimalleja ilman ennakkotietoja.",
  "24": "Kauppiaat voivat tehdä rajoittamattoman määrän lyhyen tai pitkän aikavälin kauppoja 24 tuntia vuorokaudessa. Näin he voivat maksimoida kryptomarkkinoiden potentiaalin ja saada enemmän aikaa nauttia taloudellisesta vapaudestaan ja menestyksestään. Sovellus voi automatisoida markkinoiden skannauksen ja kannattavien kauppojen toteuttamisen sijoittajan tai kauppiaan asettamien sääntöjen mukaisesti.",
  "25": "Rekisteröidy meidän Bitcoin 360 Ai ja liittyä meidän kauppiaiden yhteisö tänään",
  "26": "MODERNI ALGO KAUPANKÄYNNIN",
  "27": "BTC 360 Ai käyttää huippumodernia teknologiaa saavuttaakseen kaupan toteuttamisen edun muihin algo-kaupankäyntibotteihin nähden. Tämä on yksi olemassa olevista huipputekniikan kaupankäyntialustoista, joka käyttää jatkuvasti kehittyneitä tietokonealgoritmeja markkinoiden seuraamiseen ja analysointiin parhaiden olosuhteiden löytämiseksi. Tämän ansiosta Ai:lla on jatkuvasti optimoidut tulokset.",
  "28": "KEHITTYNYT TEKNOLOGIA",
  "29": "BTC 2.0 Avapro Bot on johtava kryptovaluuttakaupankäyntisovellus, joka tarjoaa yli 100 kaupattavaa kryptovarallisuutta. Se on täydellinen paketti. Se on helppokäyttöinen kaikentasoisille käyttäjille, ja sen käyttöliittymä on intuitiivinen. Lisäksi se perustuu historiatietueeseen algoritmeja tarkastuksia tavoitteena tuottaa optimaalisen kaupankäynnin hälytyksiä.",
  "30": "PREFOMANCED-POHJAINEN",
  "31": "Yhdistykset, kauppiaat, välittäjät ja jäsenet arvostavat BTC Bot 360 Ai:ta korkealle, koska sen suorituskyky on todistetusti hyvä jopa äärimmäisissä markkinaolosuhteissa. Lisäksi asiakaspalvelu on käytettävissä 24/7, tukitiimimme vastaa yleisiin kysymyksiin tai antaa teknistä apua.",
  "32": "REKISTERÖITYÄ ILMAISEKSI",
  "33": "Miten Bitcoin 360 Ai toimii",
  "34": "REKISTERÖITYÄ ILMAISEKSI",
  "35": "Rekisteröityminen on täysin ilmaista, täytä vain lyhyt rekisteröintilomake, joka on tämän",
  "36": "Bitcoin Avapro 2.0 homepage:n",
  "37": "yläosassa. Perustiedot, kuten täydellinen virallinen nimesi, sähköpostiosoitteesi, puhelinnumerosi ja asuinmaasi, vaaditaan. Kun verkkolomake on hyväksytty, sinusta tulee kauppiaiden yhteisömme jäsen. Voit heti aloittaa kryptovaluuttakaupan sovelluksen käytön.",
  "38": "ILIN AKTIVOINTI",
  "39": "Heti kun Bitcoin 2.0 Avapro-kaupankäyntitilisi on rekisteröity, olet valmis aloittamaan kaupankäynnin ja sijoittamisen. Sinun tarvitsee sijoittaa vain 250 euroa yhteen tukevista välittäjistä, jotta voit aloittaa sovelluksen käytön. Omistat kaikki sijoittamasi rahat ja kaikki saamasi voitot. Varat voidaan nostaa tai sijoittaa uudelleen kaupankäyntitoimintaan. Voit käyttää tilisi varoja kryptokauppaan.",
  "40": "TRADE CRYPTO",
  "41": "Kun tilisi on perustettu ja käytettävissäsi on varoja, voit aloittaa harjoittelun ja kaupankäynnin. Välittäjä hoitaa kaiken, mikä liittyy sovelluksemme yhdistämiseen heidän toteutusalustaansa. sovellus ei ainoastaan skannaa markkinoita todennäköisten mahdollisuuksien varalta, vaan se voi myös toteuttaa kaupat puolestasi maksimoidaksesi marginaalipotentiaalisi. Voit myös siirtyä manuaaliseen kaupankäyntiin, jos haluat hallita kauppojasi paremmin.",
  "42": "Rekisteröidy turvallisesti BTC 2.0 Avapro Bot:een nyt",
  "43": "Bitcoin 360 Ai huijaus – App kopioi varoitus varoitusilmoitus",
  "44": "BTC 360 Ai huijaushälytys",
  "45": "Bitcoin 360 Ai huijaus on skenaario, jossa epäluotettavat lähteet tekevät kopioita sovelluksestamme, koska kryptovaluuttojen sääntelemätön luonne maailmanlaajuisesti, ohjelmistot ja tuotteet, kuten sovelluksemme versiot, mukaan lukien Bitcoin Bot 2.0, ovat väärinkäyttäjien kohteena, jotka kopioivat sovelluksemme eri muodoissa ja muodoissa. Voit olla varma, että olet nyt vierailevat",
  "46": "virallisilla verkkosivuilla, rekisteröityminen meidän sovellus on maksuton. Vasta kun päätät aloittaa kaupankäynnin, sinun täytyy rahoittaa tilisi yhden kolmannen osapuolen tukemien välittäjien kanssa, suostumuksellasi, välitämme yhteystietosi yhdelle välittäjistä, joka opastaa ja selittää sinulle kaupankäynnin sekä aktivointimenettelyt.",
  "47": "Sovelluksestamme laadittu riippumaton raportti löytyy",
  "48": "täältä",
  "49": "Onko Bit Avapro 2.0 vaikuttaa viimeaikaiset negatiiviset tiedotusvälineet krypto teollisuudelle?",
  "50": "Ehdottomasti EI!",
  "51": "Bitcoin 360 Ai on laillinen, luotettava ja hyvämaineinen kryptokauppasovellus, joka on suunniteltu helppokäyttöiseksi ja silti tuottamaan poikkeuksellisia tuloksia. Sitä voidaan käyttää automaattisena kaupankäyntitilana, joka poistaa ihmisen heikkoudet, kuten kokemattomuuden, tunteet, ajan ja päättämättömyyden. BTC Bot Ai 360 on enemmän kuin pelkkä kaupankäyntisovellus, se on itse asiassa yhteisö, jossa kauppiaat voivat jakaa ideoita ja tuloksia toistensa kanssa kouluttaakseen itseään. Sovellusta käyttävät päivittäin aloittelijat ja kokeneet kauppiaat, jotka todella hyötyvät siitä taloudellisesti.",
  "52": "ILMAINEN REKISTERÖINTI",
  "53": "Bitcoin Avapro Bot 2.0 Tekoäly",
  "54": "BTC Avapro 2.0 on tekoälypohjainen sovellus, joka käyttää viimeisintä teknologiaa edistääkseen kryptokauppaa varmemmin ja suuremmilla voittomarginaaleilla.",
  "55": "Huippuluokan algoritmiensa avulla ohjelmisto tarjoaa reaaliaikaisia markkinainformaatioita ja -analyysejä, jotta voit tehdä tietoon perustuvia päätöksiä kaupankäynnin toteuttamisesta.",
  "56": "Avapro 360 Ai Bot päivitetään jatkuvasti markkinoiden uusimmilla ominaisuuksilla, joten sinulla on aina ajan tasalla olevat työkalut optimaalisten investointien tekemiseen. Näet reaaliaikaisesti, miten markkinat toimivat, ja voit tehdä päätöksiä sen mukaisesti. Nämä tiedot ovat välttämättömiä kaikille, jotka haluavat hyötyä kryptomarkkinoilla.
  Analysoimalla näitä tietoja voit tehdä tietoon perustuvia päätöksiä siitä, mitä kolikoita kannattaa ostaa ja myydä ja milloin.",
  "57": "",
  "58": "Täältä",
  "59": "löydät lisää hyödyllistä tietoa tekoälystä kryptovaluuttamarkkinoilla.",
  "60": "BTC Ai Avapro 360 demo-tili",
  "61": "Kun käydään kauppaa osakemarkkinoilla, on tärkeää tietää, milloin kannattaa ostaa ja myydä. Näin voit maksimoida voittosi ja minimoida tappiot. Yksi tapa harjoitella tätä on käyttää",
  "62": "demotiliä",
  "63": "Demotili on erinomainen tapa oppia osakemarkkinoista ja niiden toiminnasta. Voit myös käyttää demoa uusien strategioiden testaamiseen.",
  "64": "Bitcoin 360 Ai demo on sovellusversio, jota käytetään markkinoiden testaamiseen millä tahansa laitteella, joka on yhteydessä internetiin.",
  "65": "Tämä sisältää pöytätietokoneet, tabletit ja mobiililaitteet, jotka kaikki eivät vaadi sovelluksen lataamista.",
  "66": "BTC 360 Ai -demosovellus on riskitön ympäristö, joka simuloi todellista markkinakaupankäyntiä, demoversiossa saat kaikki live-kaupankäyntisovelluksen edut, kuten nopean analyysin, tarkat signaalit ja automaattiset kaupat.",
  "67": "Jopa manuaalinen demo kaupankäyntitila sisältää kaikki edut ja ominaisuudet live Bitcoin 360 Ai sovellus, tämä demo manuaalinen kaupankäynnin vaihtoehto antaa sinulle paremman hallinnan kauppoja, jos haluat enemmän käytäntöä demo tilassa ennen kuin menee live.",
  "68": "UK App Bitcoin 360 Ai Martin Lewis mediaviittaukset",
  "69": "Bitcoin 360 Ai on suosittu kryptokauppasovellus, joka on saavuttanut suosiota maailmanlaajuisesti ja erityisesti Isossa-Britanniassa, joten se houkuttelee medianäkyvyyttä.Tällaisia mediaviittauksia tuottavat myös väärinkäyttäjät, jotka “ratsastavat” nimemme ympärillä vallitsevalla pörinällä saadakseen kävijöitä kopioituihin Bitcoin 360 Ai -sivustoihinsa.Yksi heidän strategioistaan on käyttää julkkisten nimiä yhdessä sovelluksemme nimen kanssa – he tekevät tämän saadakseen asiakkailta luottamusta rekisteröityä heidän kanssaan. Törmäsimme hiljattain brittiläisessä mediassa viittauksiin Martin Lewisin Bitcoin 360 Ai:iin tekemistä sijoituksista. Haluamme täsmentää, että me emme ole julkaisseet Martin Lewisia koskevaa lehdistöä, eikä se missään tapauksessa liity meihin.",
  "70": "Kuten",
  "71": "tästä",
  "72": "luotettavasta raportista käy ilmi, kaikki mainokset, joissa puhutaan Matin Lewisin tekemistä sijoituksista Bitcoin 360 Ai:iin ja todennäköisesti mihin tahansa muuhun kryptokauppasovellukseen, ovat vääriä.",
  "73": "Elon Musk Bitcoin 360 Ai medianäkyvyys",
  "74": "BTC Ai Bot 2.0 on suosittu krypto-omaisuuden kaupankäyntisovellus, sovelluksemme menestys, joka toimii kryptovaluuttojen kapealla – epävarmalla sääntelyn kapealla useimmilla maailman osilla, on menestys, joka houkuttelee lehdistöä kaikilta erilaisilta osapuolilta, valitettavasti myös joiltakin väärinkäyttäjiltä, jotka käyttävät nimeämme epäeettisesti ja laittomasti. Huomasimme, että tiedotusvälineissä on uutisoitu Elon Muskin ja Bitcoin 360 Ai:n välisestä yhteydestä – ja haluamme todeta, että tällainen lehdistö ei tullut meiltä, ja vaikka haluaisimmekin paljastaa sijoittajaluettelomme, emme voi tehdä sitä voimassa olevien yksityisyydensuojasopimusten vuoksi. Haluamme selventää, että emme ole julkaisseet mitään medialehdistöä, joka liittyisi minkäänlaiseen yhteyteen Elon Muskin ja Bitcoin360ai.comin välillä, eikä tällaista yhteyttä ole olemassa.",
  "75": "Bit 2.0 Avapro-hybridi-automaattisen manuaalisen kaupankäynnin App-versiossamme yhdistyvät humen manuaaliset ja automaattiset kaupankäyntiominaisuudet, joiden ansiosta se erottuu kilpailijoista.",
  "76": "Bitcoin 360 Ai oletusarvo ja 2.0 Avapro App version pääominaisuudet",
  "77": "Bitcoin 360 Ai hinta on nolla",
  "78": "Bitcoin 360 Ai hinta on nolla. Rekisteröintimaksua ei ole, kaikki kaupankäynti ja ominaisuuksien käyttö on täysin ilmaista. ansaitsemme palkkiomme tulevasta ominaisuudesta, jonka otamme käyttöön vuoden 2023 q2, q3 aikana.",
  "79": "Ei pakollista latausta",
  "80": "BTC 2.0 Avapro 360 Ai -verkkoversio ei vaadi asennusta tai latausta, koska se on internetpohjainen verkkopohjainen alusta, jota voidaan käyttää millä tahansa internet-yhteydellä varustetulla selaimella ja millä tahansa laitteella tai paikasta.",
  "81": "Bitcoin 360 Ai rekisteröinti ilman vaivaa",
  "82": "Bitcoin 360 Ai -rekisteröityminen on helppoa ja nopeaa. Rekisteröitymisprosessi on helppo ja nopea, ja kun se on tehty, voit yhdistää sen yhteen välittäjään, jossa voit suorittaa kaupat.",
  "83": "Nopea",
  "84": "ja",
  "85": "helppo todentaminen",
  "86": "Bitcoin 360 Ai tekee tilisi vahvistamisesta helppoa ja turvallista. Rekisteröitymisen jälkeen siirrämme suostumuksellasi yhteystietosi yhdelle tukevista välittäjistä, joka ottaa sinuun yhteyttä vahvistaakseen ja aktivoidakseen kaupankäyntitilisi.",
  "87": "Käyttäjäystävällinen käyttöliittymä",
  "88": "Bitcoin 360 Ai -automaattisen kaupankäyntialustan käyttöliittymä on erittäin intuitiivinen ja helppokäyttöinen. Se luotiin tukemaan kokemattomia ammattilaisia. Tämän ansiosta sovellus on helppokäyttöinen, mutta sisältää silti kehittyneitä kaupankäyntiominaisuuksia.",
  "89": "Vähimmäisvarojen vaatimus",
  "90": "Alkutalletusvaatimus useimmilla sovellusta tukevilla välittäjillä on 250 euroa. Tätä summaa käytetään vain kauppojen rahoittamiseen eikä lainkaan sovellusmaksuihin, jotka ovat tällä hetkellä täysin maksuttomia.",
  "91": "Useiden omaisuuserien valinta",
  "92": "Käyttämällä App, voit saada kaupan mahdollisuus hälytyksiä fiat valuutat, varastot, hyödykkeet ja useita kryptovaluutat (Bitcoin Cash, XBT, Ethereum Monero, väre, ja Dash) tämä ominaisuus on saatavilla kaikille BTC 360 Ai jäsenille.",
  "93": "Bitcoin 360 Ai reddit ja muut yhteisöt",
  "94": "Bitcoin 360 Ai:n jäsenistä on tulossa yhteisö, joka ideoi, jakaa ideoita tai vain puhuu yleisestä elämästä alustoilla kuten redditissä, discordissa ja muissa. projektimme kehittyessä hallinnoimme tällaisia yhteisökanavia ja kannustamme jäseniemme välisiä keskusteluja.",
  "95": "Uusien ominaisuuksien julkaisujen aikatehokkuus",
  "96": "Bitcoin Bot 360 Ai-jäsenet ovat aina askeleen edellä!. Tämä on vain yksi monista eduista, jotka antavat ohjelmistolle sen etulyöntiaseman ja kyvyn saavuttaa niin suuri suosio maailmanlaajuisesti.",
  "97": "Konservatiiviset tai korkeamman riskin asetukset",
  "98": "Bitcoin 360 Ai on suunniteltu tunnistamaan mahdolliset kaupankäyntimahdollisuudet ja muuttamaan ne kaupankäyntisignaaleiksi. Sovelluksen avulla voit asettaa hälytysten riskitason, mikä tarkoittaa, että jokainen kauppias voi mukauttaa sovelluksen ominaisuuksia yksilöllisen riskinottohalun mukaan.",
  "99": "Helppo ja turvallinen maksaminen ja maksut",
  "100": "Voit käyttää 2.0 Avapro 360 Ai tukevaa välittäjätiliäsi rahoittamiseen ja nostamiseen luottokorttia tai pankkikorttia, rahansiirtoja, pankkisiirtoja ja jopa sähköisiä lompakoita. Kaikki nostot maksetaan takaisin alkuperäiselle maksutavalle, jota käytit alun perin tilisi rahoittamiseen.",
  "101": "Tiukka tietoturva",
  "102": "Kaikki taloutesi, henkilökohtaiset tietosi ja kaupat säilytetään tiukasti turvallisessa ympäristössä. Turvallisuutesi on maineemme, ja on ensisijainen tavoitteemme pitää tietosi korkeimpien turvallisuusstandardien mukaisina.",
  "103": "BTC 360 Ai Demo-tili",
  "104": "Voit testata valitsemiasi sääntöjä Bitcoin 360 Ai -demotilillä ja harjoitella taitojasi ilman riskiä. Kun olet oppinut demo kaupat, voit aloittaa aidot kaupat.",
  "105": "Moderni backtesting ominaisuus
  ",
  "106": "Bitcoin Bot 360 Ai-sovelluksen Backtesting-ominaisuuden avulla voit testata kaupankäyntistrategioitasi aiemmissa markkinaolosuhteissa. Näin voit muuttaa ja optimoida asetuksia milloin tahansa.",
  "107": "Joustava mukauttaminen",
  "108": "Bitcoin 360 Ai tarjoaa monia kaupankäyntitiloja ja muuttujia, joita voidaan mukauttaa. Tämä mahdollistaa maksimaalisen mukauttamisen kaupankäynnin mieltymyksiisi sopivaksi.",
  "109": "24/7 asiakastuki",
  "110": "Asiakkaiden ja asiakkaiden menestys, mukavuus ja tyytyväisyys ovat etusijalla. Siksi meillä on asiakaspalvelun edustajia, jotka ovat käytettävissäsi 24/7 ja auttavat sinua.",
  "111": "REKISTERÖIDY NYT",
  "112": "Asiantuntevat resurssit",
  "113": "Bitcoin Bot 360 Ai haluaa, että sinulla on kaikki tarvitsemasi koulutusresurssit yhdessä paikassa.",
  "114": "Näin voit pysyä ajan tasalla uusimmista uutisista ja trendeistä, kouluttaa itseäsi, hankkia tietoa ja työkaluja, joita tarvitset menestyäksesi digitaalisten varojen markkinoilla, ja maksimoida rahan ansaitsemispotentiaalisi.",
  "115": "Liity yhteisöömme ja opi lisää markkinoiden historiasta, kaupankäyntistrategioista ja -vihjeistä, kryptovaluutan louhinnasta, yksityiskohtaisista oppaista ja muista hyödyllisistä tiedoista.",
  "116": "USEIN KYSYTYT KYSYMYKSET",
  "117": "Mikä on Bitcoin 360 Ai?",
  "118": "Bitcoin 360 Ai on krypto kaupankäynnin Ai ajettu sovellus, joka tuottaa kaupankäyntimahdollisuuksia hälytyksiä powered by algoritmeja, jotka ovat skannaus live markkinoiden liikkeet etsimään kuvioita ja korrelaatioita ja vertaamalla niitä historiallisen back-testing skannaa, joten kun tietyt ehdot täyttyvät – kaupankäyntimahdollisuus hälytys laukaistaan sovelluksen front-end.",
  "119": "Mikä on Bitcoin 2.0 Avapro 360 Ai?",
  "120": "Bitcoin 2.0 Avapro 360 Ai on sovellusversio, joka sisältää hybridimallit, joissa kauppiaat voivat valita automaattisen kaupankäynnin toteuttamisen tai manuaalisen kaupankäynnin toteuttamisen välillä. iFex-versio on kaikkien kauppiaiden saatavilla, eikä se vaadi lisäasetuksia tai -kuluja.",
  "121": "Mitkä ovat Bitcoin 360 Ai 2.0 Avapro laillisuus merkkejä?",
  "122": "Bitcoin 360 Ai 2.0 Avapro on laillinen kryptokauppasovellus,",
  "123": "useat väärinkäyttösovellusoperaattorit käyttävät nimeämme ja mainettamme hyväkseen,",
  "124": "mutta voit helposti varmistaa, että rekisteröidyt oikeaan sovellukseen yksinkertaisesti tarkistamalla, että rekisteröidyt aitoon bitcoin360ai.com URL-osoitteeseen. Lisäksi emme koskaan pyydä sinulta mitään maksuja. Ainoa maksu, joka sinun on suoritettava, on rahoittaa kaupankäyntitiliäsi jollakin sovellusta tukevalla välittäjällä, ja voit tehdä sen vasta, kun tunnet itsesi tarpeeksi varmaksi kaupankäynnin harjoittamiseen, kun taas muut väärinkäytökset sisältävät sovellukset vaativat ennakkomaksuja.",
  "125": "Onko XBT App 2.0 Avapro 360 Ai sama kuin BTC 360 Ai?",
  "126": "Kyllä, XBT App 2.0 Avapro 360 Ai on sama kuin Bitcoin 360 Ai. Sovelluksessamme on useita vaihtoehtoisia nimiä. Esimerkiksi joillakin maailman alueilla termi XBT on suositumpi kuin “Bitcoin”, mutta molemmat termit ovat itse asiassa samoja.",
  "127": "Kuka omistaa Bitcoin 360 Ai:n?",
  "128": "Sijoittajasopimusten vuoksi meillä on käytössä. Emme voi tällä hetkellä julkistaa sijoittajaluetteloamme yleisölle. Voimme kuitenkin vahvistaa, että sijoittajiimme kuuluu riskisijoittajia Aasiasta sekä yksittäisiä korkea-arvoisia kryptopelaajia.",
  "129": "Onko XBT App 360 Ai säännelty?",
  "130": "Kryptovaluuttoja ei säännellä suurimmassa osassa maailmaa. Sen vuoksi sovelluksen toiminnalle ei ole olemassa virallista sääntelyviranomaista. Pitkän aikavälin visioyhtiönä toteutamme kuitenkin jatkuvia itsesääntelytoimia, joihin kuuluu hyvämaineisten yritysten suorittamia tarkastuksia, kyberturvallisuustarkastuksia ja tiukkoja “tunne asiakkaasi tai kumppanisi” -käytäntöjä sen varmistamiseksi, että toimittajamme, asiakkaamme ja palveluntarjoajamme työskentelevät sääntelyn ja ammatillisten standardien mukaisesti.",
  "131": "Mikä on Bitcoin 350 Ai 2.0 Avapro hinta?",
  "132": "Bitcoin 360 Ai 2.0 Avapro on ilmainen kaikille jäsenillemme. Tällä hetkellä emme peri minkäänlaisia maksuja tai palkkioita; liiketoimintamallimme visiona on luoda pitkäaikainen suhde yhteisöömme. Myöhemmässä vaiheessa sovelluksemme live, otamme käyttöön erityisiä ominaisuuksia, jotka mahdollistavat kauppiaiden kiinnostunut maksaa niiden käytöstä. Ilmoitamme kaikille asiakkaillemme etukäteen hinnoittelupolitiikan muutoksista.",
  "133": "Viimeiset sanat",
  "134": "Olemme toimineet jo jonkin aikaa, ja olemme luoneet erinomaisen maineen käyttäjiemme keskuudessa. Monet heistä, jotka ovat tehneet hyviä katteita käyttämällä sovelluspalveluitamme, ovat tavallisia ihmisiä, joilla ei ole kokemusta kryptovaluuttakaupasta.",
  "135": "Uskomme, että paras tapa käydä kauppaa kryptovaluutoilla käyttämällä mitä tahansa versiotamme, eli BTC, XBT, 2.0 Avapro App on oppia käyttämään sitä oikein. Löydät verkkosivuiltamme paljon tietoa sovelluksesta, joten pieni selailu auttaa sinua pääsemään alkuun. Tarjoamme myös laajan FAQ-osion, josta löydät vastaukset kaikkiin kysymyksiin.",
  "136": "BTC:n, XBT:n ja muiden kryptokolikoiden kaupankäyntiin liittyy jonkin verran riskejä, mutta jos se tehdään oikein, riskejä voidaan pienentää ja marginaalipotentiaali voi olla suurempi.",
  "137": "Bitcoin 360 AI & 2.0",
  "138": "Avapro Version kohokohdat",
  "139": "Kaupankäyntialusta",
  "140": "Crypto",
  "141": "Alustan kustannukset",
  "142": "Ei kustannuksia",
  "143": "Peruuttamismaksu",
  "144": "Vapaa",
  "145": "Alustan tyyppi",
  "146": "Verkkopohjainen, oma alusta, Googlen Android ja Applen iOS.",
  "147": "Talletusmahdollisuus",
  "148": "PayPal, Skrill, Neteller, UnionPay, Webmoney, Webmoney, Yandex, Visa, Mastercard, AMEX, Diners Club",
  "149": "Maat",
  "150": "Kaikki – paitsi Yhdysvallat",
  "151": "Etusivu",
  "152": "Kirjaudu sisään",
  "153": "Meistä",
  "154": "Tietosuojakäytäntö",
  "155": "Käyttöehdot",
  "156": "Vastuuvapauslauseke",
  "157": "Ota meihin yhteyttä",
  "158": "Bitcoin 360 AI – arvostelu",
  "159": "SÄÄNTELY JA KORKEAN RISKIN SIJOITUS VAROITUS: Forex-, CFD- ja kryptovaluuttakauppa voi tuottaa huomattavia voittoja, mutta siihen liittyy myös riski, eikä se välttämättä sovellu kaikille sijoittajille. Sinun ei tulisi spekuloida pääomalla, jota sinulla ei ole varaa menettää.Suosittelemme vahvasti, että luet EHDOT ja VASTUUVAPAUSLAUSEKKEET -sivumme ennen kuin teet mitään sijoituksia.Asiakkaiden tulisi olla tietoisia henkilökohtaisesta pääomavoittojen verovelvollisuudestaan asuinmaassaan.On lainvastaista kehottaa yhdysvaltalaisia henkilöitä ostamaan ja myymään hyödykeoptioita, vaikka niitä kutsuttaisiinkin 'ennustussopimuksiksi', paitsi jos ne on noteerattu kaupankäyntiä varten ja niillä käydään kauppaa CFTC:n rekisteröimässä pörssissä tai jos ne eivät ole laillisesti vapautettuja. Olemme sijoittaneet tietokoneellesi COOKIES-tietoja, jotta voimme parantaa kokemustasi, kun vierailet tällä verkkosivustolla. Voit muuttaa tietokoneesi evästeasetuksia milloin tahansa. Tämän verkkosivuston käyttö merkitsee tämän verkkosivuston ds PRIVACY POLICY hyväksymistäsi."
}