{
  "1": "Bitcoin 360 Ai – Zjednodušené obchodování s kryptoměnami, včetně verze BTC Avapro 2.0 Bot",
  "2": "Připojte se k BTC 360 Ai ještě dnes",
  "3": "Dobrý den, jsme",
  "4": "Bitcoin 360 Ai",
  "5": "App",
  "6": "Co je Bitcoin 360 Ai?",
  "7": "",
  "8": "BTC 360 Ai",
  "9": "je automatická obchodní aplikace řízená algoritmem AI, která spouští obchodní upozornění, když jsou splněna určitá kritéria, má jedinečné uživatelsky přívětivé rozhraní, které ji činí atraktivní jak pro začátečníky, tak pro pokročilé obchodníky. Bitcoin Bot 360 Ai poskytuje zabezpečenou, ale zároveň snadno dostupnou a přenosnou platformu pro obchodování s kryptoměnami, připojte se k naší rostoucí komunitě obchodníků a objevte potenciál XBT a dalších kryptoměn.",
  "10": "Bezpečná registrace",
  "11": "Bitcoin 360 AI 21",
  "12": "Jsme Crypto obchodní příležitosti upozornění App",
  "13": "Bitcoin 360 Ai je nástroj pro obchodování s kryptoměnami, který poskytuje upozornění na obchodní příležitosti na základě algoritmů Ai. Naší vizí je stát se největší platformou pro komunitu obchodníků s kryptoměnami, kterou podporuje sociální obchodování v naší aplikaci a další funkce související s davovým obchodováním.",
  "14": "Bitcoin 360 AI 22",
  "15": "Představujeme naši verzi Bit Avapro 2.0 Bot Auto-trading",
  "16": "Bit Avapro 2.0 Bot je verze aplikace, která obsahuje dva obchodní režimy, plně automatický obchodní režim a manuální režim. Automatické obchodování opravňuje aplikaci k provádění všech obchodních činností bez lidského zásahu, zatímco manuální režim neprovádí obchody, ale upozorňuje obchodníky, když jsou obchodní příležitosti spuštěny našimi algoritmy Ai.",
  "17": "Bitcoin 360 AI 23",
  "18": "Používáme jedinečné algoritmy Ai",
  "19": "Sofistikované algoritmy umělé inteligence posilují obchodní strategie Bitcoin 2.0 Avapro. Aby aplikace poskytovala optimální, ale přesto konzervativní výsledky, neustále skenuje více než 100 kryptografických trhů v reálném čase a hledá historicky ověřené vzorce a korelace, aby mohla spouštět upozornění na kvalitní obchodní příležitosti.",
  "20": "Bit 360 Ai – Stvořeno pro začátečníky i zkušené obchodníky s kryptoměnami",
  "21": "Bitcoin 360 Ai je zjednodušená aplikace, která však obsahuje pokročilé obchodní funkce, díky nimž je vhodná jak pro začátečníky, tak pro pokročilé obchodníky.",
  "22": "Kryptoměny rychle získávají na uznání, obchoduje se s nimi již více než deset let, a proto přitahují všechny typy investorů; skupina investorů BTC Bot Ai 360 zahrnuje všechny úrovně investorů, naše komunita zahrnuje vysoce kvalifikované investory i nováčky, kteří se s obchodováním s kryptoměnami setkali poprvé.",
  "23": "S naší verzí Bitcoin Avapro 2.0 může kdokoli vytvářet automatické, manuální nebo hybridní modely obchodování s kryptoměnami bez jakýchkoli předchozích znalostí.",
  "24": "Obchodníci mohou provádět neomezené množství krátkodobých nebo dlouhodobých obchodů 24 hodin denně. Díky tomu mohou maximálně využít potenciál kryptografických trhů a mít více času na užívání si finanční svobody a úspěchu. Aplikace dokáže automatizovat skenování trhů a provádění ziskových obchodů podle nastavených pravidel investora nebo obchodníka.",
  "25": "Zaregistrujte se do naší Bitcoin 360 Ai a připojte se k naší komunitě obchodníků ještě dnes",
  "26": "MODERNÍ OBCHODOVÁNÍ ALGO",
  "27": "BTC 360 Ai využívá ultramoderní technologie k dosažení výhody při provádění obchodů oproti jiným obchodním botům algo. Jedná se o jednu z nejmodernějších obchodních platforem, která neustále využívá sofistikované počítačové algoritmy k monitorování a analýze trhů za nejlepších podmínek. Díky tomu se naše Ai může pochlubit průběžně optimalizovanými výsledky.",
  "28": "POKROČILÉ TECHNOLOGIE",
  "29": "BTC 2.0 Avapro Bot je přední aplikace pro obchodování s kryptoměnami, která nabízí více než 100 obchodovatelných kryptoaktiv. Je to kompletní balíček. Je přístupný pro všechny úrovně zkušeností a má intuitivní rozhraní. Kromě toho je založen na kontrole algoritmů historických záznamů s cílem vytvářet optimální obchodní upozornění.",
  "30": "PREFOMANCED BASED",
  "31": "Asociace, obchodníci, makléři a členové mají BTC Bot 360 Ai vysoce hodnocený díky jeho osvědčeným výsledkům a vysoké výkonnosti i v extrémních tržních podmínkách. Kromě toho je zákaznický servis k dispozici 24 hodin denně, 7 dní v týdnu a náš tým podpory vám zodpoví obecné dotazy nebo poskytne technickou pomoc.",
  "32": "PŘIHLÁSIT SE ZDARMA",
  "33": "Jak funguje Bitcoin 360 Ai",
  "34": "PŘIHLÁSIT SE ZDARMA",
  "35": "Registrace je zcela zdarma, stačí vyplnit náš krátký registrační formulář v horní části tohoto",
  "36": "Bitcoin Avapro 2.0 homepage",
  "37": "Vyžadují se základní informace, včetně vašeho celého zákonného jména, e-mailové adresy, telefonního čísla a země bydliště. Po přijetí online formuláře se stanete členem naší komunity obchodníků. Naši aplikaci pro obchodování s kryptoměnami můžete začít používat okamžitě.",
  "38": "AKTIVACE ÚČTU",
  "39": "Jakmile je váš obchodní účet Bitcoin 2.0 Avapro zaregistrován, můžete začít obchodovat a investovat. Abyste mohli začít aplikaci používat, stačí investovat 250 EUR u jednoho z podporujících makléřů. Všechny peníze, které investujete, a všechny peníze, které získáte, patří vám. Prostředky lze vybrat nebo reinvestovat do obchodních aktivit. Prostředky z účtu můžete použít k financování obchodování s kryptoměnami.",
  "40": "TRADE CRYPTO",
  "41": "Jakmile je váš účet zřízen a máte k dispozici finanční prostředky, můžete začít trénovat a obchodovat. Makléři se postarají o propojení naší aplikace s jejich prováděcí platformou. Aplikace nejen vyhledává na trhu pravděpodobné příležitosti, ale může za vás také provádět obchody, abyste maximalizovali své maržové potenciály. Pokud dáváte přednost větší kontrole nad svými obchody, můžete také přejít na ruční obchodování.",
  "42": "Bezpečně se zaregistrujte do BTC 2.0 Avapro Bot",
  "43": "Bitcoin 360 Ai scam – Upozornění na kopírování aplikací",
  "44": "Upozornění na podvod BTC 360 Ai",
  "45": "Bitcoin 360 Ai podvod je scénář, kde nespolehlivé zdroje, které kopírují naši aplikaci, vzhledem k neregulované povaze kryptoměn po celém světě, software a produkty, jako jsou naše verze aplikace včetně Bitcoin Bot 2.0, jsou cílem zneužití, které kopírují naši aplikaci v různých formách a tvaru. Ujišťujeme vás, že nyní navštěvujete oficiální webové stránky",
  "46": ", registrace v naší aplikaci je zdarma. Teprve když se rozhodnete zahájit obchodní činnost, budete muset financovat svůj účet u jednoho z našich makléřů podporovaných třetími stranami, po vašem souhlasu předáme vaše kontaktní údaje jednomu z makléřů, který vás provede a vysvětlí vám postupy obchodování i aktivace.",
  "47": "Nezávislou zprávu o naší aplikaci naleznete",
  "48": "zde",
  "49": "Má Bit Avapro 2.0 vliv na nedávné negativní média o kryptografickém průmyslu?",
  "50": "Rozhodně NE!",
  "51": "Bitcoin 360 Ai je legitimní, spolehlivá a seriózní aplikace pro obchodování s kryptoměnami, která byla navržena tak, aby byla snadno použitelná a zároveň přinášela výjimečné výsledky. Lze jej použít jako automatický obchodní režim, který eliminuje lidské slabiny, jako je nezkušenost, emoce, čas a nerozhodnost. BTC Bot Ai 360 je více než jen obchodní aplikace, je to vlastně komunita, kde mohou obchodníci sdílet své nápady a výsledky a vzájemně se vzdělávat. Aplikaci denně používají nováčci i zkušení obchodníci, kteří z ní skutečně finančně těží.",
  "52": "BEZPLATNÁ REGISTRACE",
  "53": "Bitcoin Avapro Bot 2.0 Umělá inteligence",
  "54": "BTC Avapro 2.0 je aplikace řízená umělou inteligencí, která využívá nejnovější technologie k pokroku v obchodování s kryptoměnami s větší jistotou a vyšším potenciálem marží. Díky špičkovým algoritmům poskytuje software přehled a analýzu trhu v reálném čase, takže můžete činit informovaná rozhodnutí o realizaci obchodů.",
  "55": "Avapro 360 Ai Bot je neustále aktualizován o nejnovější funkce na trhu, takže budete mít vždy k dispozici nejaktuálnější nástroje pro optimální investice. Budete moci sledovat, jak si trh vede v reálném čase, a podle toho se rozhodovat. Tyto údaje jsou zásadní pro každého, kdo chce na kryptografických trzích vydělávat.",
  "56": "Analýzou těchto dat můžete činit informovaná rozhodnutí o tom, které mince koupit a kdy prodat.",
  "57": "",
  "58": "Zde",
  "59": "najdete další užitečné informace o umělé inteligenci na kryptoměnových trzích.",
  "60": "BTC Ai Avapro 360 demo účet",
  "61": "Při obchodování na akciovém trhu je důležité vědět, kdy nakupovat a kdy prodávat. To vám pomůže maximalizovat zisky a minimalizovat ztráty. Jedním ze způsobů, jak si to procvičit, je použít",
  "62": "demo účet",
  "63": "Demo účet je skvělý způsob, jak se seznámit s akciovým trhem a jeho fungováním. Demo můžete použít také k testování nových strategií.",
  "64": "Bitcoin 360 Ai demo je verze aplikace, která slouží k testování trhů na jakémkoli zařízení připojeném k internetu.",
  "65": "Jedná se o stolní počítače, tablety a mobilní zařízení, které nevyžadují stažení aplikace.",
  "66": "Demo aplikace BTC 360 Ai je bezrizikové prostředí, které simuluje obchodování na reálném trhu.V demo verzi získáte všechny výhody reálné obchodní aplikace, jako jsou rychlá analýza, přesné signály a automatické obchody.",
  "67": "I manuální demo režim obchodování zahrnuje všechny výhody a funkce živé aplikace Bitcoin 360 Ai, tato možnost manuálního obchodování demo vám dává větší kontrolu nad vašimi obchody, pokud chcete více praxe v demo režimu předtím, než přejdete na živé.",
  "68": "UK Aplikace Bitcoin 360 Ai Martin Lewis reference v médiích",
  "69": "Bitcoin 360 Ai je populární aplikace pro obchodování s kryptoměnami, která si získala popularitu po celém světě a konkrétně ve Spojeném království, a proto přitahuje pozornost médií.Tyto mediální zmínky jsou také generovány zneuživateli, kteří se “vezou” na rozruchu kolem našeho jména s cílem získat návštěvníky na své zkopírované stránky Bitcoin 360 Ai.Jednou z jejich strategií je používat jména celebrit společně s názvem naší aplikace – dělají to proto, aby získali důvěru klientů, kteří se u nich chtějí zaregistrovat. Nedávno jsme v britských médiích narazili na zmínky o investici Martina Lewise do společnosti Bitcoin 360 Ai. Rádi bychom objasnili, že tyto mediální zprávy týkající se Martina Lewise jsme nezveřejnili my a v žádném případě s námi nesouvisí.",
  "70": "Jak je vidět v",
  "71": "této",
  "72": "spolehlivé zprávě, jakákoli reklama, která hovoří o investicích Matina Lewise do Bitcoin 360 Ai a pravděpodobně i jakékoli jiné aplikace pro obchodování s kryptoměnami, je nepravdivá.",
  "73": "Elon Musk Bitcoin 360 Ai mediální pokrytí",
  "74": "BTC Ai Bot 2.0 je populární aplikace pro obchodování s kryptoaktivy, úspěch naší aplikace, která působí ve výklenku kryptoměn – nejistém regulačním výklenku ve většině částí světa, je úspěch, který přitahuje tisk z nejrůznějších stran, bohužel také od některých zneuživatelů, kteří používají naše jméno neeticky a nelegálně. Všimli jsme si, že média informovala o spojení mezi Elonem Muskem a společností Bitcoin 360 Ai – rádi bychom uvedli, že tento tisk nepochází od nás, a i když bychom rádi zveřejnili seznam našich investorů, nemůžeme tak učinit kvůli dohodám o ochraně osobních údajů, které jsme uzavřeli. Rádi bychom objasnili, že jsme nezveřejnili žádné mediální informace týkající se jakéhokoli spojení mezi Elonem Muskem a společností Bitcoin360ai.com a že takové spojení neexistuje.",
  "75": "Naše hybridní verze aplikace Bit 2.0 Avapro pro automatické ruční obchodování kombinuje humánní ruční a automatické obchodní funkce, díky nimž vyniká nad konkurencí.",
  "76": "Hlavní funkce výchozí verze Bitcoin 360 Ai a verze aplikace 2.0 Avapro",
  "77": "Bitcoin 360 Ai cena je nulová",
  "78": "Cena bitcoinu 360 Ai je nulová. Neplatíte žádný registrační poplatek, veškeré obchodní aktivity a používání našich funkcí jsou zcela zdarma. poplatky získáme z budoucích funkcí, které zavedeme v průběhu 2. a 3. čtvrtletí roku 2023.",
  "79": "Žádné povinné stahování",
  "80": "Webová verze BTC 2.0 Avapro 360 Ai nevyžaduje instalaci ani stahování, protože se jedná o internetovou webovou platformu, kterou lze ovládat z jakéhokoli prohlížeče připojeného k internetu a z jakéhokoli zařízení nebo místa.",
  "81": "Registrace Bitcoin 360 Ai bez potíží",
  "82": "Registrace do služby Bitcoin 360 Ai je snadná a rychlá. Proces registrace je snadný a rychlý a po jeho dokončení se budete moci spojit s jedním z makléřů, u kterého můžete provádět obchody.",
  "83": "Rychlé",
  "84": "a",
  "85": "snadné ověření",
  "86": "Bitcoin 360 Ai umožňuje snadné a bezpečné ověření vašeho účtu. Po registraci s vaším souhlasem předáme vaše kontaktní údaje jednomu z podpůrných makléřů, který vás bude kontaktovat za účelem ověření a aktivace vašeho obchodního účtu.",
  "87": "Uživatelsky přívětivé rozhraní",
  "88": "Automatická obchodní platforma Bitcoin 360 Ai má velmi intuitivní rozhraní a snadno se ovládá. Byl vytvořen s cílem podpořit nezkušené obchodníky. Díky tomu je aplikace snadno ovladatelná, ale zároveň obsahuje pokročilé obchodní funkce.",
  "89": "Požadované minimální finanční prostředky",
  "90": "Požadavek na počáteční vklad u většiny našich makléřů podporujících aplikace je 250 €. Tato částka bude použita pouze na financování obchodů, nikoli na poplatky za aplikace, které jsou v současné době zcela zdarma.",
  "91": "Výběr více aktiv",
  "92": "Pomocí naší aplikace můžete dostávat upozornění na obchodní příležitosti s fiat měnami, akciemi, komoditami a několika kryptoměnami (Bitcoin Cash, XBT, Ethereum Monero, Ripple a Dash).Tato funkce je k dispozici všem členům BTC 360 Ai.",
  "93": "Bitcoin 360 Ai reddit a další komunity",
  "94": "Členové Bitcoin 360 Ai se stávají komunitou, která brainstormuje, sdílí nápady nebo jen mluví o obecném životním tématu na platformách, jako je reddit, discord a další. s rozvojem našeho projektu budeme spravovat tyto komunitní kanály a podporovat rozhovory mezi našimi členy.",
  "95": "Časová efektivita při vydávání nových funkcí",
  "96": "Členové Bitcoin Bot 360 Ai jsou vždy o krok napřed!. To je jen jedna z mnoha výhod, které dávají softwaru náskok a schopnost dosáhnout tak vysoké popularity po celém světě.",
  "97": "Konzervativní nebo rizikovější nastavení",
  "98": "Bitcoin 360 Ai je navržen tak, aby identifikoval potenciální obchodní příležitosti a proměnil je v obchodní signály. Aplikace umožňuje nastavit úroveň rizika výstrah, což znamená, že každý obchodník si může přizpůsobit funkce aplikace na základě individuální ochoty riskovat.",
  "99": "Snadné a bezpečné platby a výplaty",
  "100": "Pro financování a výběr peněz ze svého účtu 2.0 Avapro 360 Ai supportive broker můžete použít kreditní nebo debetní kartu, převody peněz, bankovní převody a dokonce i elektronické peněženky. Případné výběry budou vyplaceny zpět na původní platební metodu, kterou jste původně použili k financování svého účtu.",
  "101": "Přísné zabezpečení dat",
  "102": "Veškeré vaše finanční údaje, osobní informace a obchodní akce jsou přísně uchovávány v zabezpečeném prostředí. Vaše bezpečnost je naší pověstí, proto je naší nejvyšší prioritou udržovat vaše informace na nejvyšší úrovni zabezpečení.",
  "103": "BTC 360 Ai Demo účet",
  "104": "Vybraná pravidla si můžete vyzkoušet na demo účtu Bitcoin 360 Ai a procvičit si své dovednosti bez rizika. Až se zdokonalíte v demo obchodech, můžete začít se skutečnými transakcemi.",
  "105": "Moderní funkce zpětného testování",
  "106": "Funkce Backtesting v aplikaci Bitcoin Bot 360 Ai versoin umožňuje testovat obchodní strategie na minulých tržních podmínkách. To vám umožní kdykoli upravit a optimalizovat nastavení.",
  "107": "Flexibilní přizpůsobení",
  "108": "Bitcoin 360 Ai nabízí mnoho obchodních režimů a proměnných, které lze přizpůsobit. To umožňuje maximální přizpůsobení vašim obchodním preferencím.",
  "109": "Zákaznická podpora 24/7",
  "110": "Úspěch, pohodlí a spokojenost zákazníků a klientů jsou naší nejvyšší prioritou. Proto máme k dispozici zástupce zákaznického servisu, kteří vám pomohou 24 hodin denně, 7 dní v týdnu.",
  "111": "ZAREGISTRUJTE SE NYNÍ",
  "112": "Znalé zdroje",
  "113": "Bitcoin Bot 360 Ai chce, abyste měli všechny vzdělávací zdroje na jednom místě.",
  "114": "To vám umožní sledovat nejnovější zprávy a trendy, vzdělávat se, získávat znalosti a nástroje, které potřebujete k úspěchu na trhu s digitálními aktivy, a maximalizovat svůj potenciál vydělávat peníze.",
  "115": "Připojte se k naší komunitě a dozvíte se více o historii trhu, obchodních strategiích a tipech, těžbě kryptoměn, podrobných průvodcích a dalších užitečných informacích.",
  "116": "ČASTO KLADENÉ OTÁZKY",
  "117": "Co je Bitcoin 360 Ai?",
  "118": "Bitcoin 360 Ai je krypto obchodování Ai řízený aplikace, která produkují obchodní příležitosti upozornění poháněné algoritmy, které jsou skenování živé pohyby na trhu při hledání vzorů a korelací a jejich porovnání s historickými back-testování skenování, takže když jsou splněny určité podmínky – obchodní příležitost upozornění se spustí na app front-end.",
  "119": "Co je Bitcoin 2.0 Avapro 360 Ai?",
  "120": "Bitcoin 2.0 Avapro 360 Ai je verze aplikace, která zahrnuje hybridní modely, v nichž si obchodníci mohou vybrat mezi automatickým prováděním obchodů nebo manuálním prováděním obchodů; verze iFex je k dispozici všem obchodníkům a nevyžaduje žádné další nastavení ani náklady.",
  "121": "Jaké jsou náznaky legitimity Bitcoin 360 Ai 2.0 Avapro?",
  "122": "Bitcoin 360 Ai 2.0 Avapro je legitimní krypto obchodování aplikace,",
  "123": "několik zneužívající provozovatelé aplikací využívají našeho jména a pověsti,",
  "124": "ale můžete snadno zajistit, že se zaregistrujete se správnou aplikací jednoduše tím, že zkontrolujete, že jste se zaregistrovali s autentickou bitcoin360ai.com URL. Navíc po vás nikdy nebudeme chtít žádné poplatky. Jediná platba, kterou budete muset provést, je financování vašeho obchodního účtu u jednoho z makléřů podporujících aplikaci, a to můžete udělat až ve chvíli, kdy se cítíte dostatečně sebevědomí na obchodování, zatímco jiné zneužívající aplikace budou vyžadovat platby předem.",
  "125": "Je aplikace XBT 2.0 Avapro 360 Ai stejná jako BTC 360 Ai?",
  "126": "Ano, aplikace XBT 2.0 Avapro 360 Ai je stejná jako Bitcoin 360 Ai. Naše aplikace obsahuje několik alternativních názvů. Například v některých oblastech světa je termín XBT populárnější než “Bitcoin”, ale oba termíny jsou ve skutečnosti stejné.",
  "127": "Kdo je vlastníkem společnosti Bitcoin 360 Ai?",
  "128": "Vzhledem k dohodám s investory jsme uzavřeli. V současné době nemůžeme seznam našich investorů zveřejnit. Můžeme však potvrdit, že mezi naše investory patří rizikoví investoři z Asie i jednotliví vysoce postavení kryptografičtí hráči.",
  "129": "Je XBT App 360 Ai regulována?",
  "130": "Kryptoměny nejsou ve většině zemí světa regulovány. Proto neexistuje žádný oficiální regulátor činnosti aplikace. Jako společnost s dlouhodobou vizí však provádíme průběžná samoregulační opatření, která zahrnují audity renomovaných firem, kontroly kybernetické bezpečnosti a přísné protokoly “poznej svého klienta nebo partnera”, abychom zajistili, že naši dodavatelé, klienti a poskytovatelé služeb pracují v souladu s regulačními a profesními standardy.",
  "131": "Jaká je cena Bitcoin 350 Ai 2.0 Avapro?",
  "132": "Bitcoin 360 Ai 2.0 Avapro je pro všechny naše členy zdarma. V současné době si neúčtujeme žádné poplatky ani provize; vizí našeho obchodního modelu je vytvořit dlouhodobý vztah s naší komunitou. V pozdější fázi živého provozu naší aplikace představíme speciální funkce, které umožní obchodníkům, kteří mají zájem o placení za jejich používání. O změnách cenové politiky budeme všechny naše klienty předem informovat.",
  "133": "Závěrečná slova",
  "134": "Jsme na trhu již nějakou dobu a mezi našimi uživateli jsme si vybudovali vynikající pověst. Mnozí z nich, kteří pomocí služeb naší aplikace dosáhli dobrých marží, jsou obyčejní lidé bez zkušeností s obchodováním s kryptoměnami.",
  "135": "Věříme, že nejlepší způsob, jak obchodovat s kryptoměnami pomocí některé z našich verzí, tedy BTC, XBT, 2.0 Avapro App, je naučit se je správně používat. Mnoho informací o aplikaci najdete na našich webových stránkách, takže když si je budete chvíli prohlížet, pomůže vám to začít. Nabízíme také rozsáhlou sekci FAQ, kde najdete odpovědi na všechny otázky.",
  "136": "Obchodování s BTC, XBT a dalšími kryptoměnami s sebou nese určitá rizika, ale pokud se provádí správně, lze rizika zmírnit a potenciál marže může být vyšší.",
  "137": "Bitcoin 360 AI a verze 2.0",
  "138": "Avapro Nejdůležitější informace",
  "139": "Obchodní platforma",
  "140": "Crypto",
  "141": "Náklady na platformu",
  "142": "Žádné náklady",
  "143": "Poplatek za odstoupení od smlouvy",
  "144": "Zdarma",
  "145": "Typ platformy",
  "146": "Webová,vlastní platforma, Android od Googlu a iOS od Applu",
  "147": "Možnost vkladu",
  "148": "PayPal, Skrill, Neteller, UnionPay, Webmoney, Yandex, Visa, Mastercard, AMEX, Diners Club",
  "149": "Země",
  "150": "Všechny – kromě USA",
  "151": "Hlavní strana",
  "152": "Přihlášení",
  "153": "O nás",
  "154": "Zásady ochrany osobních údajů",
  "155": "Pravidla a podmínky",
  "156": "Zřeknutí se odpovědnosti",
  "157": "Kontaktujte nás",
  "158": "Bitcoin 360 AI – Recenzi",
  "159": "REGULACE A VYSOKÉ RIZIKO INVESTOVÁNÍ UPOZORNĚNÍ: Obchodování na forexu, CFD a kryptoměnách může přinést značné zisky, ale také s sebou nese určitou míru rizika a nemusí být vhodné pro všechny investory. Neměli byste spekulovat s kapitálem, který si nemůžete dovolit ztratit . před jakoukoli investicí důrazně doporučujeme, abyste si přečetli naše PODMÍNKY a úplnou stránku ZŘEKNUTÍ se odpovědnosti. klienti by si měli být vědomi své individuální daňové povinnosti z kapitálových zisků v zemi svého bydliště. je protizákonné nabádat osoby v USA k nákupu a prodeji komoditních opcí, i když se nazývají 'predikční kontrakty', pokud nejsou kótovány k obchodování a obchodovány na burze registrované CFTC nebo pokud nejsou ze zákona osvobozeny. Do vašeho počítače jsme umístili soubory COOKIES, abychom vám pomohli zlepšit zážitek z návštěvy těchto webových stránek. Nastavení souborů cookie ve svém počítači můžete kdykoli změnit. Používání těchto webových stránek znamená, že souhlasíte s těmito webovými stránkami ds ZÁSADY OCHRANY OSOBNÍCH ÚDAJŮ."
}