{
  "1": "Bitcoin 360 Ai – Egyszerűsített kriptokereskedés, beleértve a BTC Avapro 2.0 Bot verziót is",
  "2": "Csatlakozzon a BTC 360 Ai-hoz még ma",
  "3": "Hello, mi vagyunk a",
  "4": "Bitcoin 360 Ai",
  "5": "App",
  "6": "Mi az a Bitcoin 360 Ai?",
  "7": "A",
  "8": "BTC 360 Ai",
  "9": "egy automatikus kereskedési AI-algoritmus által vezérelt alkalmazás, amely bizonyos kritériumok teljesülése esetén kereskedési riasztásokat indít, és egyedülállóan felhasználóbarát felülettel rendelkezik, amely mind a kezdők, mind a haladó kereskedők számára vonzóvá teszi. A Bitcoin Bot 360 Ai biztonságos, de mégis könnyen hozzáférhető és hordozható kriptokereskedési platformot biztosít, csatlakozzon növekvő kereskedői közösségünkhöz, és fedezze fel az XBT és más kriptovaluták lehetőségeit.",
  "10": "Biztonságos regisztráció",
  "11": "Bitcoin 360 AI 21",
  "12": "Mi vagyunk a Crypto kereskedelmi lehetőségek figyelmeztetések App",
  "13": "A Bitcoin 360 Ai egy kriptokereskedési eszköz, amely az Ai által működtetett algoritmusokon alapuló kereskedelmi lehetőségeket jelez. Célunk, hogy a kriptokereskedők közösségének legnagyobb platformjává váljunk, amelyet az alkalmazásunk közösségi kereskedési és egyéb tömegkereskedelemmel kapcsolatos funkciói támogatnak.",
  "14": "Bitcoin 360 AI 22",
  "15": "Bemutatjuk a Bit Avapro 2.0 Bot automatikus kereskedési változatunkat",
  "16": "A Bit Avapro 2.0 Bot egy alkalmazásváltozat, amely két kereskedési módot tartalmaz, egy teljesen automatikus kereskedési módot és egy manuális módot. Az automatikus kereskedés felhatalmazza az alkalmazást, hogy emberi beavatkozás nélkül végezzen el minden kereskedési tevékenységet, míg a kézi üzemmód nem hajtja végre a kereskedéseket, hanem figyelmezteti a kereskedőket, amikor a kereskedési lehetőségeket az Ai algoritmusaink kiváltják.",
  "17": "Bitcoin 360 AI 23",
  "18": "Egyedi Ai algoritmusokat használunk",
  "19": "A kifinomult mesterséges intelligencia algoritmusok lehetővé teszik a Bitcoin 2.0 Avapro kereskedési stratégiákat. Az optimális, de mégis konzervatív eredmények elérése érdekében az alkalmazás folyamatosan több mint 100 kriptopiacot vizsgál valós időben, történelmileg bizonyított mintákat és korrelációkat keres, hogy minőségi kereskedelmi lehetőségeket jelezzen.",
  "20": "Bit 360 Ai – Kezdőknek és tapasztalt kriptokereskedőknek egyaránt készült",
  "21": "A Bitcoin 360 Ai egy egyszerűsített kialakítású alkalmazás, de mégis fejlett kereskedési funkciókat tartalmaz, ami alkalmassá teszi a kezdők és a haladó kereskedők számára egyaránt.",
  "22": "A kripto gyorsan nyer elismerést és elismerést, mivel már több mint egy évtizede kereskednek vele, és ezért minden típusú befektetőt vonz; a BTC Bot Ai 360 befektetői csoport minden szintű befektetőt magában foglal, a közösségünkben vannak magasan képzett befektetők és újoncok is, akik először találkoztak a kriptokereskedéssel.",
  "23": "A Bitcoin Avapro 2.0 verzióval bárki létrehozhat automatizált, kézi vagy hibrid kriptovaluta kereskedési modelleket, mindenféle előzetes tudás nélkül.",
  "24": "A kereskedők korlátlan mennyiségű rövid vagy hosszú távú kereskedést hajthatnak végre a nap 24 órájában. Ez lehetővé teszi számukra, hogy maximalizálják a kriptopiacokban rejlő lehetőségeket, és több idejük marad a pénzügyi szabadság és siker kiélvezésére. Az alkalmazás képes automatizálni a piacok beolvasását és a nyereséges kereskedések végrehajtását a befektető vagy a kereskedő által meghatározott szabályok szerint.",
  "25": "Regisztráljon a Bitcoin 360 Ai és csatlakozzon kereskedői közösségünkhöz még ma",
  "26": "MODERN ALGO KERESKEDÉS",
  "27": "A BTC 360 Ai ultramodern technológiákat használ a kereskedés végrehajtásának előnye érdekében más algo kereskedési botokkal szemben. Ez az egyik legmodernebb kereskedési platform, amely folyamatosan kifinomult számítógépes algoritmusokat használ a piacok megfigyelésére és elemzésére a legjobb feltételek érdekében. Ennek eredményeképpen Ai folyamatosan optimalizált teljesítményt mutat fel.",
  "28": "A BTC 360 Ai ultramodern technológiákat használ a kereskedés végrehajtásának előnye érdekében más algo kereskedési botokkal szemben. Ez az egyik legmodernebb kereskedési platform, amely folyamatosan kifinomult számítógépes algoritmusokat használ a piacok megfigyelésére és elemzésére a legjobb feltételek érdekében. Ennek eredményeképpen Ai folyamatosan optimalizált teljesítményt mutat fel.",
  "29": "A BTC 360 Ai ultramodern technológiákat használ a kereskedés végrehajtásának előnye érdekében más algo kereskedési botokkal szemben. Ez az egyik legmodernebb kereskedési platform, amely folyamatosan kifinomult számítógépes algoritmusokat használ a piacok megfigyelésére és elemzésére a legjobb feltételek érdekében. Ennek eredményeképpen Ai folyamatosan optimalizált teljesítményt mutat fel.",
  "30": "PREFOMANCED ALAPÚ",
  "31": "A szövetségek, kereskedők, brókerek és tagok nagyra értékelik a BTC Bot 360 Ai-t, mert bizonyítottan jó teljesítményt nyújt még szélsőséges piaci körülmények között is. Ezen kívül az ügyfélszolgálat a nap 24 órájában rendelkezésre áll, ügyfélszolgálatunk válaszol általános kérdésekre vagy technikai segítséget nyújt.",
  "32": "REGISZTRÁLJON INGYENESEN",
  "33": "Hogyan működik a Bitcoin 360 Ai",
  "34": "INGYENES REGISZTRÁCIÓ",
  "35": "A regisztráció teljesen ingyenes, csak töltse ki rövid regisztrációs űrlapunkat, amely a",
  "36": "Bitcoin Avapro 2.0 homepage",
  "37": "tetején található. Alapvető adatokra van szükség, beleértve a teljes nevét, e-mail címét, telefonszámát és a lakóhelye szerinti országot. Az online űrlap elfogadása után Ön kereskedői közösségünk tagjává válik. Azonnal elkezdheti használni kriptovaluta kereskedési alkalmazásunkat.",
  "38": "FIÓKAKTIVÁLÁS",
  "39": "Amint a Bitcoin 2.0 Avapro kereskedési számla regisztrálva lett, készen áll a kereskedés és a befektetés megkezdésére. Az alkalmazás használatának megkezdéséhez mindössze 250 eurót kell befektetnie a támogató brókerek egyikénél. Minden befektetett pénz és minden megszerzett pénz az Öné. A pénzeszközök kivehetők vagy újra befektethetők kereskedési tevékenységbe. A számlájáról származó pénzeszközöket kriptokereskedés finanszírozására használhatja.",
  "40": "TRADE CRYPTO",
  "41": "Amint a számlája be van állítva és a rendelkezésre álló pénzeszközökkel rendelkezik, elkezdheti a képzést és a kereskedést. A brókerek mindent elintéznek, ami az alkalmazásunk és a végrehajtási platformjuk összekapcsolását illeti. az alkalmazás nem csak a piacot vizsgálja a valószínűsíthető lehetőségek után, hanem a kereskedéseket is végre tudja hajtani az Ön számára, hogy maximalizálja az árrés-potenciálokat. Kézi kereskedésre is válthat, ha jobban szeretné ellenőrizni a kereskedéseit.",
  "42": "Regisztráljon biztonságosan a BTC 2.0 Avapro Bot-re most",
  "43": "Bitcoin 360 Ai átverés – App másolás óvatossági figyelmeztetés",
  "44": "BTC 360 Ai átverés riasztás",
  "45": "Bitcoin 360 Ai átverés egy olyan forgatókönyv, ahol megbízhatatlan források másolatok készítése a mi app, mivel a szabályozatlan természetét cryptocurrencies világszerte, szoftverek és termékek, mint a mi app verziók, beleértve a Bitcoin Bot 2.0 célzott visszaélők, amelyek másolják a mi app különböző formában és formában. Nyugodt lehetsz, hogy most a",
  "46": "hivatalos weboldalát látogatod meg, az alkalmazásunkkal való regisztráció ingyenes. Csak akkor, ha úgy dönt, hogy elkezdi a kereskedési tevékenységet, akkor kell befizetnie a számláját az egyik harmadik fél által támogatott brókernél, az Ön beleegyezésével továbbítjuk az Ön elérhetőségét az egyik brókernek, aki eligazítja és elmagyarázza Önnek a kereskedési és aktiválási eljárásokat.",
  "47": "Egy független jelentés az alkalmazásunkról",
  "48": "itt található.",
  "49": "Vajon Bit Avapro 2.0 érinti a közelmúltban negatív média a kripto ipar?",
  "50": "Egyáltalán NEM!",
  "51": "A Bitcoin 360 Ai egy törvényes, megbízható és jó hírű kriptokereskedelmi alkalmazás, amelyet úgy terveztek, hogy egyszerűen használható legyen, mégis kivételes eredményeket nyújtson. Automatizált kereskedési módként használható, kiküszöbölve az olyan emberi gyengeségeket, mint a tapasztalatlanság, az érzelmek, az idő és a határozatlanság. A BTC Bot Ai 360 több mint egy kereskedési alkalmazás, valójában egy közösség, ahol a kereskedők megoszthatják egymással az ötleteiket és az eredményeiket, hogy képezzék magukat. Az alkalmazást naponta használják az újoncok és a tapasztalt kereskedők, akik valóban hasznot húznak belőle pénzügyileg.",
  "52": "INGYENES REGISZTRÁCIÓ",
  "53": "Bitcoin Avapro Bot 2.0 Mesterséges intelligencia",
  "54": "A BTC Avapro 2.0 egy mesterséges intelligencia által vezérelt alkalmazás, amely a legújabb technológiákat használja, hogy a kriptokereskedelmet nagyobb bizalommal és magasabb árréspotenciállal fejlessze. A szoftver élvonalbeli algoritmusainak köszönhetően valós idejű piaci betekintést és elemzést nyújt, így Ön megalapozott kereskedési döntéseket hozhat.",
  "55": "A Avapro 360 Ai Bot folyamatosan frissül a legújabb piaci jellemzőkkel, így mindig a legfrissebb eszközökkel rendelkezik az optimális befektetésekhez. Így valós időben láthatja, hogyan alakul a piac, és ennek megfelelően hozhat döntéseket. Ezek az adatok nélkülözhetetlenek mindazok számára, akik a kriptopiacokon szeretnének profitálni.",
  "56": "Ezen adatok elemzésével megalapozott döntéseket hozhat arról, hogy milyen érmét vásároljon és adjon el, és mikor tegye ezt.",
  "57": "Találjon",
  "58": "itt",
  "59": "további hasznos információkat a mesterséges intelligenciáról a kriptopénz piacokon.",
  "60": "BTC Ai Avapro 360 demo számla",
  "61": "A tőzsdei kereskedés során alapvető fontosságú, hogy tudja, mikor kell vásárolni és eladni. Ez segíthet maximalizálni a nyereséget és minimalizálni a veszteségeket. Ennek egyik módja a gyakorlásra a",
  "62": "demószámla használata",
  "63": "A demószámla remek módja annak, hogy megismerje a tőzsdét és annak működését. A demót új stratégiák tesztelésére is használhatja.",
  "64": "A Bitcoin 360 Ai demo egy olyan alkalmazásváltozat, amely a piacok tesztelésére szolgál bármilyen, internethez csatlakoztatott eszközön.",
  "65": "Ez asztali számítógépekre, táblagépekre és mobileszközökre egyaránt vonatkozik, mindegyikhez nem szükséges az alkalmazás letöltése.",
  "66": "A BTC 360 Ai demo alkalmazás egy kockázatmentes környezet, amely szimulálja a valós piaci kereskedést, a demó verzióban az élő kereskedési alkalmazás minden előnyét megkapja, mint például: gyors elemzés, pontos jelzések és automatizált kereskedések.",
  "67": "Még a kézi demo kereskedési mód is tartalmazza az élő Bitcoin 360 Ai alkalmazás minden előnyét és funkcióját, ez a demo kézi kereskedési lehetőség nagyobb ellenőrzést biztosít a kereskedések felett, ha több gyakorlatot szeretne demo módban, mielőtt élesbe lépne.",
  "68": "UK App Bitcoin 360 Ai Martin Lewis média referenciák",
  "69": "A Bitcoin 360 Ai egy népszerű kriptokereskedési alkalmazás, amely világszerte és különösen az Egyesült Királyságban népszerűvé vált, ezért a média is foglalkozik vele, az ilyen média hivatkozásokat a visszaélők is generálják, akik “meglovagolják” a nevünk körüli pezsgést azzal a céllal, hogy látogatókat szerezzenek másolt Bitcoin 360 Ai oldalaikra, az egyik stratégiájuk az, hogy hírességek nevét használják az alkalmazásunk nevével együtt – ezt azért teszik, hogy az ügyfelek bizalmát megnyerjék, és regisztráljanak náluk. Nemrégiben a brit médiában találkoztunk a Martin Lewis által a Bitcoin 360 Ai vállalatba történt befektetésről szóló hivatkozásokkal. Szeretnénk tisztázni, hogy a Martin Lewisra vonatkozó ilyen sajtóhíreket nem mi tettük közzé, és semmiképpen sem állnak kapcsolatban velünk.",
  "70": "Amint az",
  "71": "ebből a",
  "72": "megbízható jelentésből kiderül, minden olyan hirdetés, amely Matin Lewis Bitcoin 360 Ai és valószínűleg bármely más kriptokereskedési alkalmazásba történő befektetéseiről beszél, hamis.",
  "73": "Elon Musk Bitcoin 360 Ai médiamegjelenések",
  "74": "BTC Ai Bot 2.0 egy népszerű kripto eszközök kereskedési app, a siker a mi app, amely működik a kriptovaluták fülke – egy bizonytalan szabályozási fülke a legtöbb részén a világ, a siker, hogy vonzza a sajtó mindenféle pártok, sajnos is néhány visszaélők, hogy használja a nevünket etikátlanul és illegálisan. Észrevettük, hogy a médiában megjelent néhány hír Elon Musk és a Bitcoin 360 Ai közötti kapcsolatról – és szeretnénk kijelenteni, hogy az ilyen sajtó nem tőlünk származik, és bármennyire is szeretnénk nyilvánosságra hozni a befektetőink listáját, az adatvédelmi megállapodások miatt nem vagyunk képesek erre. Szeretnénk tisztázni, hogy semmilyen sajtónyilatkozatot nem tettünk közzé Elon Musk és a Bitcoin360ai.com közötti kapcsolatról, és ilyen kapcsolat nem is létezik.",
  "75": "A Bit 2.0 Avapro hibrid auto-manuális-kereskedési alkalmazásunk hibrid verziója egyesíti az emberi kézi és automatizált kereskedési funkciókat, amelyekkel a versenytársak közül kiemelkedik.",
  "76": "Bitcoin 360 Ai alapértelmezett és 2.0 Avapro App verzió fő jellemzői",
  "77": "Bitcoin 360 Ai ára nulla",
  "78": "A Bitcoin 360 Ai ára nulla. Nincs regisztrációs díj, minden kereskedési tevékenység és a funkciók használata teljesen ingyenes. a díjakat a jövőbeni funkcióból fogjuk megkeresni, amelyet 2023 második, harmadik negyedévében fogunk bevezetni.",
  "79": "Nincs kötelező letöltés",
  "80": "A BTC 2.0 Avapro 360 Ai webes verziója nem igényel telepítést vagy letöltést, mivel internetes webes platform, amely bármilyen internetkapcsolattal rendelkező böngészőből, bármilyen eszközről vagy helyről működtethető.",
  "81": "Bitcoin 360 Ai regisztráció gond nélkül",
  "82": "A Bitcoin 360 Ai regisztrációja egyszerű és gyors. A regisztráció folyamata egyszerű és gyors, ha megtörtént, akkor képes lesz csatlakozni az egyik brókerhez, ahol végre tudja hajtani a kereskedéseket.",
  "83": "Gyors",
  "84": "és",
  "85": "egyszerű ellenőrzés",
  "86": "A Bitcoin 360 Ai segítségével egyszerűen és biztonságosan ellenőrizheti számláját. A regisztrációt követően, az Ön beleegyezésével, átadjuk az Ön elérhetőségi adatait az egyik támogató brókernek, aki felveszi Önnel a kapcsolatot a kereskedési számla ellenőrzése és aktiválása érdekében.",
  "87": "Felhasználóbarát felület",
  "88": "A Bitcoin 360 Ai automatikus kereskedési platform nagyon intuitív felülettel rendelkezik, és könnyen kezelhető. Azzal a céllal hozták létre, hogy támogassa a tapasztalatlan kereskedőket. Ennek eredményeképpen az alkalmazás könnyen használható, mégis fejlett kereskedési funkciókat tartalmaz.",
  "89": "Minimális pénzeszközigény",
  "90": "A legtöbb alkalmazás-támogató brókernél a kezdeti befizetési követelmény 250 €. Ez az összeg csak a kereskedések finanszírozására lesz felhasználva, és egyáltalán nem az alkalmazás díjaira, amelyek jelenleg teljesen ingyenesek.",
  "91": "Több eszköz kiválasztása",
  "92": "Az alkalmazásunk használatával kereskedelmi lehetőségekre vonatkozó figyelmeztetéseket kaphat fiat valutákra, részvényekre, árucikkekre és több kriptovalutára (Bitcoin Cash, XBT, Ethereum Monero, Ripple és Dash), ez a funkció minden BTC 360 Ai tag számára elérhető.",
  "93": "Bitcoin 360 Ai reddit és más közösségek",
  "94": "A Bitcoin 360 Ai tagjai közösséggé válnak, akik ötletelnek, ötleteket osztanak meg, vagy csak beszélgetnek az általános életről olyan platformokon, mint a reddit, a discord és mások. ahogy a projektünk fejlődik, úgy fogjuk adminisztrálni az ilyen közösségi csatornákat, és ösztönözni fogjuk a tagjaink közötti beszélgetéseket.",
  "95": "Az új funkciók kiadásának időhatékonysága",
  "96": "A Bitcoin Bot 360 Ai tagjai mindig egy lépéssel előrébb járnak!. Ez csak egy a sok előny közül, amely a szoftver előnyét és a világszerte nagy népszerűségét biztosítja.",
  "97": "Konzervatív vagy magasabb kockázatú beállítások",
  "98": "A Bitcoin 360 Ai célja a potenciális kereskedési lehetőségek azonosítása és kereskedési jelekké alakítása. Az alkalmazás lehetővé teszi a riasztások kockázati szintjének beállítását, ami azt jelenti, hogy minden kereskedő testre szabhatja az alkalmazás funkcióit az egyéni kockázati hajlandóság alapján.",
  "99": "Egyszerű és biztonságos fizetés és kifizetések",
  "100": "A 2.0 Avapro 360 Ai támogató bróker számlájának finanszírozásához és visszavonásához használhat hitelkártyát vagy bankkártyát, pénzátutalást, banki átutalásokat, és még bármilyen elektronikus pénztárcát is. Bármilyen kifizetés az eredeti fizetési módra kerül visszafizetésre, amellyel eredetileg feltöltötte a számláját.",
  "101": "Szigorú adatbiztonság",
  "102": "Minden pénzügyi, személyes adatát és kereskedési műveletét szigorúan biztonságos környezetben tartjuk. Az Ön biztonsága a mi hírnevünk, az Ön adatainak a legmagasabb biztonsági szabványok szerinti megőrzése a legfőbb prioritásunk.",
  "103": "BTC 360 Ai Demo számla",
  "104": "A Bitcoin 360 Ai demószámlával kipróbálhatja a kiválasztott szabályokat, és kockázat nélkül gyakorolhatja készségeit. Miután már jártas a demó kereskedésekben, elkezdheti a valódi tranzakciókat.",
  "105": "Modern Backtesting funkció",
  "106": "A Bitcoin Bot 360 Ai app versoin Backtesting funkciója lehetővé teszi, hogy tesztelje kereskedési stratégiáit a múltbeli piaci feltételek alapján. Így bármikor módosíthatja és optimalizálhatja beállításait.",
  "107": "Rugalmas testreszabás",
  "108": "A Bitcoin 360 Ai számos kereskedési módot és változót kínál, amelyek testre szabhatók. Ez lehetővé teszi a maximális testreszabást az Ön kereskedési preferenciáinak megfelelően.",
  "109": "24/7 ügyfélszolgálat",
  "110": "Ügyfeleink és ügyfeleink sikere, kényelme és elégedettsége a legfontosabb számunkra. Éppen ezért ügyfélszolgálati munkatársaink a nap 24 órájában rendelkezésre állnak, hogy segítsenek Önnek.",
  "111": "REGISZTRÁCIÓ MOST",
  "112": "Tudatos erőforrások",
  "113": "A Bitcoin Bot 360 Ai azt szeretné, ha minden oktatási forrás egy helyen lenne.",
  "114": "Ez lehetővé teszi, hogy lépést tartson a legfrissebb hírekkel és trendekkel, képezze magát, megszerezze a digitális eszközök piacán való sikerhez szükséges ismereteket és eszközöket, és maximalizálja a pénzkereseti potenciált.",
  "115": "Csatlakozzon közösségünkhöz, és tudjon meg többet a piac történetéről, kereskedési stratégiákról és tippekről, kriptopénz bányászatról, részletes útmutatókról és egyéb hasznos információkról.",
  "116": "GYAKRAN ISMÉTELT KÉRDÉSEK",
  "117": "Mi az a Bitcoin 360 Ai?",
  "118": "Bitcoin 360 Ai egy kripto kereskedési Ai vezérelt alkalmazás, amely kereskedelmi lehetőségeket riasztások által hajtott algoritmusok, amelyek szkennelés élő piaci mozgások keresése a minták és korrelációk és összehasonlítva őket a történelmi back-tesztelés szkennelés, így amikor bizonyos feltételek teljesülnek – a kereskedelmi lehetőség riasztás kiváltja az alkalmazás front-end.",
  "119": "Mi az a Bitcoin 2.0 Avapro 360 Ai?",
  "120": "A Bitcoin 2.0 Avapro 360 Ai egy olyan alkalmazásváltozat, amely hibrid modelleket tartalmaz, amelyekben a kereskedők választhatnak az automatikus kereskedési végrehajtás vagy a manuális kereskedési végrehajtás között; az iFex verzió minden kereskedő számára elérhető, és nem igényel további beállításokat vagy költségeket.",
  "121": "Melyek a Bitcoin 360 Ai 2.0 Avapro törvényességi jelzések?",
  "122": "Melyek a Bitcoin 360 Ai 2.0 Avapro törvényességi jelzések?",
  "123": "számos visszaélő alkalmazás üzemeltetője kihasználja a nevünket és hírnevünket,",
  "124": "de könnyen biztosíthatja, hogy a megfelelő alkalmazásba regisztráljon, egyszerűen ellenőrizve, hogy a hiteles bitcoin360ai.com URL-címre regisztrál-e. Sőt, soha nem kérünk semmilyen díjat Öntől. Az egyetlen kifizetés, amit meg kell tennie, az a kereskedési számlájának feltöltése az alkalmazást támogató brókerek egyikénél, és ezt csak akkor teheti meg, ha elég magabiztosnak érzi magát a kereskedéshez, míg más visszaélésszerű alkalmazások előzetes kifizetéseket igényelnek.",
  "125": "Az XBT App 2.0 Avapro 360 Ai ugyanaz, mint a BTC 360 Ai?",
  "126": "Igen, az XBT App 2.0 Avapro 360 Ai ugyanaz, mint a Bitcoin 360 Ai. Alkalmazásunk több alternatív nevet is tartalmaz. Például a világ egyes régióiban az XBT kifejezés népszerűbb, mint a “Bitcoin”, de valójában mindkét kifejezés ugyanaz.",
  "127": "Ki a Bitcoin 360 Ai tulajdonosa?",
  "128": "A befektetői megállapodásoknak köszönhetően. Jelenleg nem tudjuk nyilvánosságra hozni a befektetőink listáját. Megerősíthetjük azonban, hogy befektetőink között ázsiai kockázatitőke-befektetők, valamint magas rangú kriptopiaci szereplők is vannak.",
  "129": "Az XBT App 360 Ai szabályozott?",
  "130": "A kriptovaluták a világ legtöbb részén nem szabályozottak. Ezért nincs hivatalos szabályozója az alkalmazás tevékenységének. Ugyanakkor hosszú távú jövőképpel rendelkező vállalatként folyamatos önszabályozási tevékenységet folytatunk, amely magában foglalja a neves cégek által végzett auditokat, a kiberbiztonsági ellenőrzéseket és a szigorú “ismerd meg az ügyfeled vagy partnered” protokollokat annak biztosítása érdekében, hogy beszállítóink, ügyfeleink és szolgáltatóink a szabályozási és szakmai előírásoknak megfelelően dolgozzanak.",
  "131": "Mennyi a Bitcoin 350 Ai 2.0 Avapro ára?",
  "132": "A Bitcoin 360 Ai 2.0 Avapro minden tagunk számára ingyenes. Jelenleg nem számítunk fel semmilyen díjat vagy jutalékot; üzleti modellünk célja, hogy hosszú távú kapcsolatot hozzunk létre a közösségünkkel. Egy későbbi szakaszban az alkalmazásunk élőben, bevezetjük a speciális funkciókat, amelyek lehetővé teszik a kereskedők érdekelt fizetni a használatukért. Minden ügyfelünket előzetesen tájékoztatjuk az árpolitika változásairól.",
  "133": "Utolsó szavak",
  "134": "Már jó ideje jelen vagyunk, és kiváló hírnevet szereztünk a felhasználóink körében. Sokan közülük, akik jó árrést értek el az alkalmazásunk szolgáltatásainak használatával, egyszerű emberek, akiknek nincs tapasztalatuk a kriptovaluta-kereskedelemben.",
  "135": "Úgy gondoljuk, hogy a legjobb módja a kriptovalutákkal való kereskedésnek bármelyik változatunk, azaz a BTC, XBT, 2.0 Avapro App használatával az, ha megtanulja, hogyan kell megfelelően használni. Az alkalmazással kapcsolatban rengeteg információt találsz a weboldalunkon, így egy kis idő eltöltése az alkalmazás böngészésével segíthet az elindulásban. Kiterjedt GYIK részt is kínálunk, ahol minden kérdésre választ kaphat.",
  "136": "A BTC, XBT és más kriptopénzek kereskedése némi kockázattal jár, de ha helyesen végzi, a kockázatok csökkenthetők, és az árrés lehetősége magasabb lehet.",
  "137": "Bitcoin 360 AI & 2.0",
  "138": "Avapro verzió kiemelkedő pontjai",
  "139": "Kereskedési platform",
  "140": "Crypto",
  "141": "Platform költség",
  "142": "Nincs költség",
  "143": "Visszavonási díj",
  "144": "Ingyenes",
  "145": "A platform típusa",
  "146": "Web-alapú, saját platform, Google Android és Apple iOS",
  "147": "Befizetési lehetőség",
  "148": "PayPal, Skrill, Neteller, UnionPay, Webmoney, Yandex, Visa, Mastercard, AMEX, Diners Club, Visa, Mastercard, AMEX.",
  "149": "Országok",
  "150": "Minden – kivéve USA",
  "151": "Kezdőlap",
  "152": "Bejelentkezés",
  "153": "Rólunk",
  "154": "Adatvédelmi irányelvek",
  "155": "Feltételek és feltételek",
  "156": "Nyilatkozat",
  "157": "Lépjen kapcsolatba velünk",
  "158": "Bitcoin 360 AI felülvizsgálat",
  "159": "SZABÁLYOZÁS ÉS NAGY KOCKÁZATOS BEFEKTETÉS FIGYELMEZTETÉS: A Forex, CFD-k és kriptovaluták kereskedése jelentős nyereséget hozhat, ugyanakkor bizonyos szintű kockázattal is jár, és nem minden befektető számára megfelelő. Nem szabad olyan tőkével spekulálnia, amelynek elvesztését nem engedheti meg magának .Erősen javasoljuk, hogy bármilyen befektetés előtt olvassa el a FELTÉTELEINKET és a teljes KIZÁRÓLAGOSSÁGI FELTÉTELEKET.Az ügyfeleknek tisztában kell lenniük a lakóhelyük szerinti országukban az egyéni tőkenyereség adókötelezettségével.Törvénybe ütközik az amerikai személyeket árualapú opciók vásárlására és eladására való felhívás, még akkor is, ha azokat 'előrejelzési szerződéseknek' nevezik, kivéve, ha azokat kereskedésre jegyzik és CFTC által regisztrált tőzsdén kereskednek velük, vagy ha törvényileg mentesek. COOKIES-t helyeztünk el az Ön számítógépén, hogy javítsuk az Ön élményét, amikor ezt a weboldalt látogatja. Ön bármikor megváltoztathatja a számítógépén a cookie-k beállításait. A weboldal használata azt jelenti, hogy Ön elfogadja a weboldal ds adatvédelmi szabályzatát."
}