{
  "1": "Bitcoin 360 Ai – lihtsustatud krüptokaubandus, sealhulgas BTC Avapro 2.0 Bot versioon",
  "2": "Liitu BTC 360 Ai’ga juba täna",
  "3": "Tere, me oleme",
  "4": "Bitcoin 360 Ai",
  "5": "App",
  "6": "Mis on Bitcoin 360 Ai?",
  "7": "",
  "8": "BTC 360 Ai",
  "9": "on automaatne kauplemine AI-algoritm juhitud App, mis käivitab kauplemise teateid, kui teatud kriteeriumid on täidetud, see on unikaalne kasutajasõbralik kasutajaliides, mis muudab selle atraktiivseks nii algajatele kui ka edasijõudnud kauplejatele. Bitcoin Bot 360 Ai pakub turvalist, kuid siiski kergesti ligipääsetavat ja kaasaskantavat krüptokaubanduse platvormi, liituge meie kasvava kauplejate kogukonnaga ja avastage XBT ja teiste krüptovaluutade potentsiaali",
  "10": "Registreeri turvaliselt",
  "11": "Bitcoin 360 AI 21",
  "12": "Me oleme krüptokaubanduse võimaluste hoiatused App",
  "13": "Bitcoin 360 Ai on krüptokaubanduse vahend, mis pakub kauplemisvõimalusi hoiatusi, mis põhinevad Ai-põhistel algoritmidel. Meie visiooniks on saada suurimaks platvormiks krüptokauplejate kogukonnale, mida toetab meie rakenduse sotsiaalne kauplemine ja muud rahvahulga kaubandusega seotud funktsioonid.",
  "14": "Bitcoin 360 AI 22",
  "15": "Tutvustame meie Bit Avapro 2.0 Bot Automaatne kauplemisversioon",
  "16": "Bit Avapro 2.0 Bot on rakenduse versioon, mis sisaldab kahte kauplemisrežiimi, täielikult automaatset kauplemisrežiimi ja manuaalset režiimi. Automaatne kauplemine lubab rakendusel teostada kõiki kauplemistoiminguid ilma inimese sekkumiseta, samas kui käsitsi režiim ei täida tehinguid, vaid hoiatab kauplejaid, kui meie Ai algoritmid käivitavad kauplemisvõimalusi.",
  "17": "Bitcoin 360 AI 23",
  "18": "Me kasutame unikaalseid Ai algoritme",
  "19": "Arenenud tehisintellekti algoritmid annavad Bitcoin 2.0 Avapro kauplemisstrateegiatele võimaluse. Optimaalsete, kuid siiski konservatiivsete tulemuste saavutamiseks skaneerib rakendus pidevalt üle 100 krüptoturu reaalajas, otsides ajalooliselt tõestatud mustreid ja korrelatsioone, et käivitada kvaliteetsete kauplemisvõimaluste hoiatusi.",
  "20": "Bit 360 Ai – Valmistatud nii algajatele kui ka kogenud krüptokaubitsejatele",
  "21": "Bitcoin 360 Ai on lihtsustatud disainiga rakendus, kuid sisaldab siiski täiustatud kauplemisfunktsioone, mis muudab selle sobivaks nii algajatele kui ka edasijõudnud kauplejatele.",
  "22": "Krüpto kogub kiiresti tunnustust ja tunnustust, olles kaubelnud juba üle kümne aasta ja seetõttu meelitab igat tüüpi investoreid; BTC Bot Ai 360 investorite grupp hõlmab kõiki investorite tasemeid, meie kogukond sisaldab nii kõrgelt kvalifitseeritud investoreid kui ka uustulnukaid, kes puutusid krüptokaubandusse esimest korda.",
  "23": "Meie Bitcoin Avapro 2.0 versiooniga saab igaüks luua automatiseeritud, käsitsi või hübriidseid krüptovaluuta kauplemismudeleid ilma eelnevate teadmisteta.",
  "24": "Kauplejad saavad teostada piiramatus koguses lühi- või pikaajalisi tehinguid 24 tundi päevas. See võimaldab neil maksimeerida krüptoturgude potentsiaali ja neil on rohkem aega oma finantsvabaduse ja edu nautimiseks. Rakendus võib automatiseerida turgude skaneerimist ja kasumlike tehingute teostamist vastavalt investori või kaupleja seatud reeglitele.",
  "25": "Registreeru meie Bitcoin 360 Ai ja liitu meie kauplejate kogukonnaga täna",
  "26": "KAASAEGNE ALGO KAUPLEMINE",
  "27": "BTC 360 Ai kasutab ülimoodsaid tehnoloogiaid, et saavutada kaubanduse täitmise eelis teiste algo kauplemisrobotite ees. See on üks kõige kõrgtehnoloogilisemaid kauplemisplatvorme, mis kasutab pidevalt keerukaid arvutialgoritme, et jälgida ja analüüsida turge parimate tingimuste leidmiseks. Selle tulemusena on meie Ai pidevalt optimeeritud tulemusi.",
  "28": "ARENENUD TEHNOLOOGIA",
  "29": "BTC 2.0 Avapro Bot on juhtiv krüptovaluuta kauplemisrakendus, see pakub rohkem kui 100 kaubeldavat krüptovara. See on täielik pakett. See on ligipääsetav kõikidele kogemustasemetele ja sellel on intuitiivne kasutajaliides. Lisaks põhineb see ajaloolise rekordi algoritmide kontrollimisel, mille eesmärk on toota optimaalseid kauplemishoiatusi.",
  "30": "PREFOMANCED PÕHINEV",
  "31": "Ühingud, kauplejad, maaklerid ja liikmed hindavad BTC Bot 360 Ai kõrgelt, sest see on tõestatud ja on väga tõhus isegi äärmuslikes turutingimustes. Lisaks sellele on klienditeenindus kättesaadav 24/7, meie tugimeeskond vastab üldistele küsimustele või pakub tehnilist abi.",
  "32": "REGISTREERU TASUTA",
  "33": "Kuidas Bitcoin 360 Ai töötab",
  "34": "REGISTREERU TASUTA",
  "35": "Registreerimine on täiesti tasuta, lihtsalt täitke meie lühike registreerimisvorm, mis asub selle",
  "36": "Bitcoin Avapro 2.0 homepage",
  "37": "ülaosas. Nõutav on põhiteave, sealhulgas teie täielik juriidiline nimi, e-posti aadress, telefoninumber ja elukohariik. Pärast online-vormi vastuvõtmist saate meie kauplejate kogukonna liikmeks. Võite kohe alustada meie krüptovaluuta kauplemisrakenduse kasutamist.",
  "38": "KONTO AKTIVEERIMINE",
  "39": "Niipea, kui teie Bitcoin 2.0 Avapro kauplemiskonto on registreeritud, olete valmis alustama kauplemist ja investeerimist. Rakenduse kasutamise alustamiseks on vaja investeerida vaid 250 eurot ühe toetava maakleri juures. Kogu investeeritud raha ja kogu teenitud tulu kuulub teile. Raha võib välja võtta või reinvesteerida kauplemisoperatsioonidesse. Saate kasutada oma konto vahendeid krüptokaubanduse rahastamiseks.",
  "40": "TRADE CRYPTO",
  "41": "Kui teie konto on loodud ja raha on saadaval, saate alustada koolitust ja kauplemist. Maakler tegeleb kõigega, mis puudutab meie rakenduse ühendamist nende täitmisplatvormiga. rakendus mitte ainult ei otsi turul tõenäolisi võimalusi, vaid võib ka teie jaoks tehinguid teostada, et maksimeerida oma marginaalipotentsiaali. Kui soovite oma tehinguid rohkem kontrollida, võite ka käsitsi kauplemisele üle minna.",
  "42": "Registreeru turvaliselt BTC 2.0 Avapro Bot nüüd",
  "43": "Bitcoin 360 Ai kelmuse – App kopeerida hoiatus hoiatus",
  "44": "BTC 360 Ai kelmuse hoiatus",
  "45": "Bitcoin 360 Ai pettus on stsenaarium, kus ebausaldusväärsed allikad, mis teevad meie rakenduse koopiaid, arvestades krüptovaluutade reguleerimata olemust kogu maailmas, tarkvara ja tooted, nagu meie rakenduse versioonid, sealhulgas Bitcoin Bot 2.0, on suunatud kuritarvitajatele, kes kopeerivad meie rakendust erineval kujul ja kujul. Võite olla kindel, et nüüd külastate",
  "46": "ametlikul kodulehel, registreerimine meie rakendus on tasuta. Ainult siis, kui otsustate alustada kauplemistegevust, peate rahastama oma kontot ühe meie poolt toetatud kolmanda osapoole maakleriga, teie nõusolekul edastame teie kontaktandmed ühele maaklerile, kes juhendab ja selgitab teile kauplemis- ja aktiveerimisprotseduure.",
  "47": "Iseseisev aruanne meie rakenduse kohta on leitav",
  "48": "siit",
  "49": "Kas Bit Avapro 2.0 mõjutab hiljutine negatiivne meedia krüptotööstus?",
  "50": "Absoluutselt EI!",
  "51": "Bitcoin 360 Ai on seaduslik, usaldusväärne ja usaldusväärne krüptokaubanduse rakendus, see on loodud nii, et seda oleks lihtne kasutada ja see annaks siiski erakordseid tulemusi. Seda saab kasutada automatiseeritud kauplemisrežiimina, kõrvaldades inimese nõrkused, nagu kogenematus, emotsioonid, aeg ja otsustusvõimetus. BTC Bot Ai 360 on rohkem kui lihtsalt kauplemisrakendus, see on tegelikult kogukond, kus kauplejad saavad üksteisega jagada ideid ja tulemusi, et end harida. Rakendust kasutavad igapäevaselt uustulnukad ja kogenud kauplejad, kes tegelikult sellest rahalist kasu saavad.",
  "52": "TASUTA REGISTREERIMINE",
  "53": "Bitcoin Avapro Bot 2.0 Tehisintellekt",
  "54": "BTC Avapro 2.0 on tehisintellektipõhine rakendus, mis kasutab uusimaid tehnoloogiaid, et edendada oma krüptokaubandust suurema usalduse ja kõrgema kasumimarginaaliga. Tänu oma tipptasemel algoritmidele pakub tarkvara reaalajas turuülevaateid ja analüüsi, et saaksite teha teadlikke kauplemisotsuseid.",
  "55": "Avapro 360 Ai Bot uuendatakse pidevalt turu uusimate funktsioonidega, nii et teil on alati kõige ajakohasemad vahendid optimaalsete investeeringute tegemiseks. Saate reaalajas näha, kuidas turg toimib, ja teha vastavalt sellele otsuseid. Need andmed on olulised kõigile, kes soovivad krüptoturgudel kasu saada.",
  "56": "Neid andmeid analüüsides saate teha teadlikke otsuseid selle kohta, milliseid münte osta ja müüa ning millal seda teha.",
  "57": "Leia",
  "58": "siit",
  "59": "veel kasulikku teavet tehisintellekti kohta krüptovaluutaturgudel",
  "60": "BTC Ai Avapro 360 demo konto",
  "61": "Aktsiaturul kauplemisel on oluline teada, millal osta ja müüa. See aitab teil maksimeerida oma kasumit ja vähendada kahjumit. Üks võimalus seda harjutada on kasutada",
  "62": "demokontot",
  "63": "Demokonto on suurepärane võimalus õppida aktsiaturgu ja selle toimimist. Saate kasutada demo ka uute strateegiate testimiseks",
  "64": "Bitcoin 360 Ai demo on rakenduse versioon, mida kasutatakse turgude testimiseks mis tahes seadmes, mis on ühendatud internetti.",
  "65": "See hõlmab lauaarvuteid, tahvelarvuteid ja mobiilseadmeid, kõik need ei nõua rakenduse allalaadimist.",
  "66": "BTC 360 Ai demorakendus on riskivaba keskkond, mis simuleerib reaalset turukaubandust, demoversioonis saate kõik reaalajas kauplemise rakenduse eelised, näiteks: kiire analüüs, täpsed signaalid ja automaatsed tehingud.",
  "67": "Isegi käsitsi demo kauplemise režiim sisaldab kõiki eeliseid ja funktsioone live Bitcoin 360 Ai app, see demo käsitsi kauplemise võimalus annab teile suurema kontrolli oma tehinguid, kui soovite rohkem harjutada demo režiimis enne läheb live.",
  "68": "UK App Bitcoin 360 Ai Martin Lewis meediaviited",
  "69": "Bitcoin 360 Ai on populaarne krüptokaubanduse rakendus, mis saavutas populaarsuse kogu maailmas ja eriti Ühendkuningriigis, seega meelitab see meediakajastust, sellised meediaviited on loodud ka kuritarvitajate poolt, kes “ratsutavad” meie nime ümber, et saada külastajaid oma kopeeritud Bitcoin 360 Ai saitidele, üks nende strateegiaid on kasutada kuulsuste nimesid koos meie rakenduse nimega – nad teevad seda selleks, et võita klientide usaldust, et registreerida end nende juures. Hiljuti leidsime Ühendkuningriigi meedias viiteid Martin Lewise investeeringutest Bitcoin 360 Ai’sse. Soovime selgitada, et me ei avaldanud sellist Martin Lewise kohta käivat ajakirjandust ja see ei ole mingil juhul meiega seotud.",
  "70": "Nagu",
  "71": "sellest",
  "72": "usaldusväärsest aruandest võib näha, on vale igasugune reklaam, mis räägib Matin Lewise investeeringutest Bitcoin 360 Ai ja tõenäoliselt mis tahes muu krüptokaubanduse rakenduses.",
  "73": "Elon Musk Bitcoin 360 Ai meediakajastus",
  "74": "BTC Ai Bot 2.0 on populaarne krüptovarade kauplemisrakendus, meie rakenduse edu, mis tegutseb krüptovaluutade niššis – ebakindel regulatiivne nišš enamikus maailma osades, on edu, mis meelitab ajakirjandust kõigilt erinevatelt osapooltelt, kahjuks ka mõnelt kuritarvitajalt, kes kasutavad meie nime ebaeetiliselt ja ebaseaduslikult. Märkasime, et meediakajastused on seotud Elon Muski ja Bitcoin 360 Ai vahel – ja me tahame öelda, et selline ajakirjandus ei tulnud meilt ja nii palju kui me tahaksime avalikustada meie investorite nimekirja, me ei saa seda teha meie kehtivate privaatsuslepingute tõttu. Soovime selgitada, et me ei avaldanud meedias ajakirjanduses mingit seost Elon Muski ja Bitcoin360ai.com vahel ning sellist seost ei ole olemas.",
  "75": "Meie Bit 2.0 Avapro hübriidne hübriidne auto-manuaal-kauplemisrakenduse versioon kombineerib humeni manuaalsed ja automatiseeritud kauplemisfunktsioonid, mis muudavad selle konkurentidest silmapaistvamaks.",
  "76": "Bitcoin 360 Ai vaikimisi ja 2.0 Avapro App versiooni peamised funktsioonid",
  "77": "Bitcoin 360 Ai hind on null",
  "78": "Bitcoin 360 Ai hind on null. Registreerimistasu ei ole, kogu kauplemistegevus ja meie funktsioonide kasutamine on täiesti tasuta. me teenime oma tasud tulevase funktsiooni eest, mille võtame kasutusele 2023. aasta q2, q3 jooksul.",
  "79": "Ei ole kohustuslik allalaadimine",
  "80": "BTC 2.0 Avapro 360 Ai veebiversioon ei vaja paigaldamist ega allalaadimist, sest see on internetipõhine veebiplatvorm, mida saab kasutada mis tahes internetiühendusega brauserist ja mis tahes seadmest või asukohast.",
  "81": "Bitcoin 360 Ai registreerimine ilma probleemideta",
  "82": "Bitcoin 360 Ai jaoks on lihtne ja kiire registreeruda. Registreerimisprotsess on lihtne ja kiire, kui see on tehtud, saate selle ühendada ühe maakleriga, kus saate tehinguid teostada.",
  "83": "Kiire",
  "84": "ja",
  "85": "lihtne kontrollimine",
  "86": "Bitcoin 360 Ai muudab teie konto kontrollimise lihtsaks ja turvaliseks. Pärast registreerimist edastame teie nõusolekul teie kontaktandmed ühele toetavale maaklerile, kes võtab teiega ühendust, et kontrollida ja aktiveerida teie kauplemiskonto.",
  "87": "Kasutajasõbralik kasutajaliides",
  "88": "Bitcoin 360 Ai automaatse kauplemisplatvormi kasutajaliides on väga intuitiivne ja seda on lihtne kasutada. See loodi eesmärgiga toetada kogenematuid kaupmehi. Selle tulemusena on rakendus lihtne kasutada, kuid sisaldab siiski täiustatud kauplemisfunktsioone.",
  "89": "Minimaalne nõutav summa",
  "90": "Enamiku meie rakendust toetavate maaklerite puhul on esialgne deposiidinõue 250 eurot. Seda summat kasutatakse ainult tehingute rahastamiseks ja mitte mingil juhul rakenduse tasude eest, mis on praegu täiesti tasuta.",
  "91": "Mitme vara valik",
  "92": "Kasutades meie App, saate kaubanduse võimalus teateid fiat valuuta, aktsiad, kaupade ja mitu cryptocurrencies (Bitcoin Cash, XBT, Ethereum Monero, Ripple, ja Dash) see funktsioon on saadaval kõigile BTC 360 Ai liikmed.",
  "93": "Bitcoin 360 Ai reddit ja muud kogukonnad",
  "94": "Bitcoin 360 Ai liikmed on muutumas kogukonnaks, kes ajurünnakuid, ideid jagavad või lihtsalt räägivad üldisest eluteemast sellistel platvormidel nagu reddit, discord ja teised. meie projekti arenedes hakkame haldama selliseid kogukondade kanaleid ja julgustame liikmetevahelisi kõnelusi.",
  "95": "Uute funktsioonide avaldamise ajaline tõhusus",
  "96": "Bitcoin Bot 360 Ai liikmed on alati ühe sammu võrra ees!. See on vaid üks paljudest eelistest, mis annavad tarkvarale eelise ja võime saavutada nii suurt populaarsust kogu maailmas.",
  "97": "Konservatiivsed või kõrgema riskiga seaded",
  "98": "Bitcoin 360 Ai eesmärk on tuvastada võimalikke kauplemisvõimalusi ja muuta need kauplemissignaalideks. Rakendus võimaldab teil määrata hoiatuste riskitaseme, mis tähendab, et iga kaupleja saab kohandada rakenduse funktsioone vastavalt individuaalsele riskivalmidusele.",
  "99": "Lihtne ja turvaline makse ja väljamaksed",
  "100": "Oma 2.0 Avapro 360 Ai toetava maakleri konto rahastamiseks ja väljavõtmiseks saate kasutada krediit- või deebetkaarti, rahaülekandeid, pangaülekandeid ja isegi mis tahes elektroonilisi rahakotte. Kõik väljamaksed makstakse tagasi algsele makseviisile, mida kasutasite algselt oma konto rahastamiseks.",
  "101": "Range andmeturve",
  "102": "Kõik teie finantsandmed, isiklikud andmed ja tehingud on rangelt kaitstud keskkonnas. Teie turvalisus on meie maine, meie esmatähtis eesmärk on hoida teie andmeid kõrgeimate turvastandardite kohaselt.",
  "103": "BTC 360 Ai Demo konto",
  "104": "Saate testida valitud reegleid Bitcoin 360 Ai demokontoga ja harjutada oma oskusi ilma riskita. Pärast seda, kui olete osanud demotehinguid teha, võite alustada tõelisi tehinguid.",
  "105": "Kaasaegne Backtesting funktsioon",
  "106": "Backtesting funktsioon Bitcoin Bot 360 Ai app versoin võimaldab teil testida oma kauplemisstrateegiaid mineviku turutingimustel. See võimaldab teil igal ajal oma seadeid muuta ja optimeerida.",
  "107": "Paindlik kohandamine",
  "108": "Bitcoin 360 Ai pakub palju kauplemisrežiime ja muutujaid, mida saab kohandada. See võimaldab maksimaalset kohandamist vastavalt teie kauplemissoovidele.",
  "109": "24/7 klienditugi",
  "110": "Klientide ja klientide edu, mugavus ja rahulolu on meie kõrgeim prioriteet. Seepärast on meie klienditeenindajad 24/7 saadaval, et teid aidata.",
  "111": "REGISTREERU PRAEGU",
  "112": "Asjatundlikud ressursid",
  "113": "Bitcoin Bot 360 Ai soovib, et teil oleks kõik vajalikud haridusressursid ühes kohas.",
  "114": "See võimaldab teil hoida end kursis viimaste uudiste ja suundumustega, harida end, omandada teadmisi ja vahendeid, mida vajate digitaalsete varade turul edu saavutamiseks, ning maksimeerida oma rahateenimisvõimalusi.",
  "115": "Liitu meie kogukonnaga ja saa rohkem teavet turu ajaloo, kauplemisstrateegiate ja nõuannete, krüptovaluuta kaevandamise, üksikasjalike juhendite ja muu kasuliku teabe kohta.",
  "116": "SAGELI ESITATUD KÜSIMUSED",
  "117": "Mis on Bitcoin 360 Ai?",
  "118": "Bitcoin 360 Ai on krüpto kauplemise Ai juhitud rakendus, mis toodab kauplemisvõimalusi teateid, mis põhinevad algoritmidel, mis skaneerivad reaalajas turu liikumist mustrite ja korrelatsioonide otsimisel ning võrdlevad neid ajalooliste back-testing skaneeringutega, nii et kui teatud tingimused on täidetud – kauplemisvõimaluse hoiatus käivitub rakenduse front-end.",
  "119": "Mis on Bitcoin 2.0 Avapro 360 Ai?",
  "120": "Bitcoin 2.0 Avapro 360 Ai on rakenduse versioon, mis sisaldab hübriidmudeleid, kus kauplejad saavad valida automatiseeritud kaubanduse täitmise või käsitsi kauplemise täitmise vahel; iFex versioon on saadaval kõigile kauplejatele ja ei nõua täiendavaid seadistusi ega kulusid.",
  "121": "Millised on Bitcoin 360 Ai 2.0 Avapro legitiimsuse märgid?",
  "122": "Bitcoin 360 Ai 2.0 Avapro on seaduslik krüptokaubanduse rakendus,",
  "123": "mitmed kuritarvitavad rakenduse operaatorid kasutavad ära meie nime ja mainet,",
  "124": "kuid saate hõlpsasti tagada, et registreerite õiges rakenduses, lihtsalt kontrollides, et registreerite autentse bitcoin360ai.com URL-i. Peale selle ei küsi me teilt kunagi mingeid tasusid. Ainus makse, mida peate tegema, on kauplemiskonto rahastamine ühe rakendust toetava maakleri juures ja seda saate teha alles siis, kui tunnete end piisavalt kindlalt kauplemiseks, samas kui teised kuritarvitavad rakendused nõuavad ettemaksu.",
  "125": "Kas XBT App 2.0 Avapro 360 Ai on sama mis BTC 360 Ai?",
  "126": "Jah, XBT App 2.0 Avapro 360 Ai on sama, mis Bitcoin 360 Ai. Meie rakendus sisaldab mitmeid alternatiivseid nimesid. Näiteks mõnes maailma piirkonnas on termin XBT populaarsem kui “Bitcoin”, kuid mõlemad terminid on tegelikult samad.",
  "127": "Kes on Bitcoin 360 Ai omanik?",
  "128": "Tänu investorite kokkulepetele on meil olemas. Praegu ei saa me oma investorite nimekirja avalikkusele avalikustada. Kuid me võime kinnitada, et meie investorite hulka kuuluvad nii Aasia riskikapitali kui ka üksikud kõrgetasemelised krüptomängijad.",
  "129": "Kas XBT App 360 Ai on reguleeritud?",
  "130": "Krüptovaluutad ei ole enamikus maailma osades reguleeritud. Seetõttu puudub rakenduse tegevuse ametlik reguleeriv asutus. Pikaajalise visiooniga ettevõttena võtame siiski pidevalt enesekontrollimeetmeid, mis hõlmavad mainekate firmade auditeid, küberturvalisuse kontrolle ja rangeid “tunne oma klienti või partnerit” protokolle, et tagada, et meie tarnijad, kliendid ja teenusepakkujad tegutsevad kooskõlas regulatiivsete ja professionaalsete standarditega.",
  "131": "Mis on Bitcoin 350 Ai 2.0 Avapro hind?",
  "132": "Bitcoin 360 Ai 2.0 Avapro on kõigile meie liikmetele tasuta. Praegu ei võta me mingeid tasusid ega komisjonitasusid; meie ärimudeli visioon on luua pikaajaline suhe meie kogukonnaga. Hilisemas etapis meie rakenduse live, tutvustame erifunktsioone, mis võimaldavad kauplejatele, kes on huvitatud maksma nende kasutamise eest. Me teavitame kõiki oma kliente eelnevalt hinnapoliitika muudatustest.",
  "133": "Viimased sõnad",
  "134": "Me oleme juba mõnda aega tegutsenud ja meil on kasutajate seas suurepärane maine. Paljud neist, kes on meie rakenduse teenuseid kasutades teinud head marginaalid, on tavalised inimesed, kellel puudub kogemus krüptovaluutaga kauplemisel.",
  "135": "Me usume, et parim viis krüptovaluutadega kauplemiseks, kasutades mõnda meie versiooni, st BTC, XBT, 2.0 Avapro App, on õppida, kuidas seda õigesti kasutada. Meie veebisaidilt leiate palju teavet rakenduse kohta, nii et väike sirvimine peaks aitama teil alustada. Pakume ka ulatuslikku KKK-osa, kust leiate vastused kõikidele küsimustele.",
  "136": "BTC, XBT ja teiste krüptomüntidega kauplemisel on mõningane risk, kuid kui seda tehakse õigesti, saab riske vähendada ja marginaalipotentsiaal võib olla suurem.",
  "137": "Bitcoin 360 AI & 2.0",
  "138": "Avapro versiooni tipphetked",
  "139": "Kauplemisplatvorm",
  "140": "Crypto",
  "141": "Platvormi maksumus",
  "142": "Ei kulu",
  "143": "Tagasivõtmistasu",
  "144": "Tasuta",
  "145": "Platvormi tüüp",
  "146": "Veebipõhine, omaette platvorm, Google’i Android ja Apple’i iOS",
  "147": "Hoiustamise võimalus",
  "148": "PayPal, Skrill, Neteller, UnionPay, Webmoney, Yandex, Visa, Mastercard, AMEX, Diners Club.",
  "149": "Riigid",
  "150": "Kõik – välja arvatud USA",
  "151": "Esileht",
  "152": "Logi sisse",
  "153": "Meist",
  "154": "Privaatsuspoliitika",
  "155": "Tingimused",
  "156": "Lahtiütlemine",
  "157": "Võta meiega ühendust",
  "158": "Bitcoin 360 AI ülevaade",
  "159": "REGULATSIOON JA KÕRGETE RISKIDEGA INVESTEERIMINE Hoiatus: Forexi, CFD-de ja krüptovaluutadega kauplemine võib anda märkimisväärset kasumit, kuid sellega kaasneb ka teatav risk ja see ei pruugi sobida kõigile investoritele. Te ei tohiks spekuleerida kapitaliga, mille kaotamist te ei saa endale lubada.Soovitame tungivalt lugeda meie TINGIMUSED ja täielik TINGIMUSLEHT enne mis tahes investeeringu tegemist.Kliendid peaksid olema teadlikud oma individuaalsest kapitalitulu maksukohustusest oma elukohariigis.On seadusega vastuolus, kui USA inimesi kutsutakse üles ostma ja müüma kaubaoptsioone, isegi kui neid nimetatakse 'prognoosilepinguteks', välja arvatud juhul, kui need on kauplemiseks noteeritud ja nendega kaubeldakse CFTC registreeritud börsil või kui need ei ole seaduslikult vabastatud. Me oleme paigutanud teie arvutisse COOKIES'e, et parandada teie kogemust selle veebisaidi külastamisel. Te saate oma arvuti küpsiste seadistusi igal ajal muuta. Selle veebisaidi kasutamine tähendab, et te nõustute selle veebisaidi ds PRIVAATSUSE POLIITIKAGA."
}