{
  "1": "Bitcoin 360 Ai – Опростена търговия с криптовалути, включително версия BTC Avapro 2.0 Bot",
  "2": "Присъединете се към BTC 360 Ai днес",
  "3": "Здравейте, ние сме",
  "4": "Bitcoin 360 Ai",
  "5": "App",
  "6": "Какво е Bitcoin 360 Ai?",
  "7": "",
  "8": "BTC 360 Ai",
  "9": "е приложение за автоматична търговия, управлявано от AI-алгоритъм, което задейства сигнали за търговия, когато са изпълнени определени критерии, има уникален удобен за потребителя интерфейс, който го прави привлекателен както за начинаещи, така и за напреднали търговци. Bitcoin Bot 360 Ai осигурява защитена, но същевременно лесно достъпна и преносима платформа за търговия с криптовалути, присъединете се към нашата растяща общност от търговци и открийте потенциала на XBT и други криптовалути.",
  "10": "Регистрирайте се сигурно",
  "11": "Bitcoin 360 AI 21",
  "12": "Ние сме Crypto Trade Opportunities Alerts App",
  "13": "Bitcoin 360 Ai е инструмент за търговия с криптовалути, който предоставя сигнали за възможности за търговия въз основа на алгоритми, задвижвани от Ai. Нашата визия е да се превърнем в най-голямата платформа за криптотрейдъри, подкрепена от социалната търговия на нашето приложение и други функции, свързани с търговията на тълпата.",
  "14": "Bitcoin 360 AI 22",
  "15": "Представяме нашата версия за автоматична търговия Bit Avapro 2.0 Bot",
  "16": "Bit Avapro 2.0 Bot е версия на приложението, която включва два режима на търговия, напълно автоматичен режим на търговия и ръчен режим. Автоматичната търговия разрешава на приложението да извършва всички търговски дейности без човешка намеса, докато ръчният режим не изпълнява сделките, а вместо това предупреждава търговците, когато нашите алгоритми Ai задействат възможности за търговия.",
  "17": "Bitcoin 360 AI 23",
  "18": "Използваме уникални алгоритми Ai",
  "19": "Усъвършенстваните алгоритми с изкуствен интелект дават възможност за прилагане на стратегии за търговия Bitcoin 2.0 Avapro. За да постигне оптимални, но все пак консервативни резултати, приложението постоянно сканира над 100 криптопазара в реално време, търсейки исторически доказани модели и корелации, за да задейства сигнали за качествени търговски възможности.",
  "20": "Bit 360 Ai – Както за начинаещи, така и за опитни криптотърговци",
  "21": "Приложението Bitcoin 360 Ai е с опростен дизайн, но все пак включва разширени функции за търговия, което го прави подходящо както за начинаещи, така и за напреднали търговци.",
  "22": "Криптовалутите бързо набират популярност и признание, тъй като се търгуват вече повече от десетилетие и привличат всички видове инвеститори; групата на инвеститорите BTC Bot Ai 360 включва всички нива на инвеститори, нашата общност включва висококвалифицирани инвеститори, както и начинаещи, които се сблъскват с търговията с криптовалути за първи път.",
  "23": "С нашата версия Bitcoin Avapro 2.0 всеки може да създава автоматизирани, ръчни или хибридни модели за търговия с криптовалути, без да има предварителни познания.",
  "24": "Търговците могат да извършват неограничен брой краткосрочни или дългосрочни сделки 24 часа в денонощието. Това им позволява да се възползват максимално от потенциала на криптопазарите и да разполагат с повече време, за да се наслаждават на финансовата си свобода и успех. Приложението може да автоматизира сканирането на пазарите и изпълнението на печеливши сделки в съответствие с правилата, зададени от инвеститора или търговеца.",
  "25": "Регистрирайте се в нашия Bitcoin 360 Ai и се присъединете към нашата общност от търговци днес",
  "26": "МОДЕРНА АЛГО ТЪРГОВИЯ",
  "27": "BTC 360 Ai използва ултрамодерни технологии за постигане на предимство при изпълнението на сделките пред други ботове за търговия с алго. Това е една от най-високотехнологичните платформи за търговия, която непрекъснато използва сложни компютърни алгоритми, за да наблюдава и анализира пазарите за най-добрите условия. В резултат на това нашият Ai може да се похвали с непрекъснато оптимизирани резултати.",
  "28": "УСЪВЪРШЕНСТВАНА ТЕХНОЛОГИЯ",
  "29": "BTC 2.0 Avapro Bot е водещо приложение за търговия с криптовалути, което предлага повече от 100 търгуеми криптоактива. Това е пълният пакет. Той е достъпен за всички нива на опит и има интуитивен интерфейс. В допълнение, тя се основава на исторически запис алгоритми проверки с цел да произвежда оптимални сигнали за търговия.",
  "30": "НА БАЗАТА НА ПРЕФЪРЦУНЕНИ",
  "31": "Асоциации, търговци, брокери и членове оценяват BTC Bot 360 Ai високо заради доказаните му постижения и високата му производителност дори при екстремни пазарни условия. Освен това обслужването на клиенти е на разположение 24 часа в денонощието, 7 дни в седмицата, а нашият екип по поддръжката ще отговори на общи въпроси или ще предостави техническа помощ.",
  "32": "РЕГИСТРИРАЙТЕ СЕ БЕЗПЛАТНО",
  "33": "Как работи Bitcoin 360 Ai",
  "34": "РЕГИСТРИРАЙТЕ СЕ БЕЗПЛАТНО",
  "35": "Регистрацията е напълно безплатна, просто попълнете краткия формуляр за регистрация, който се намира в горната част на този",
  "36": "К008",
  "37": "Изисква се основна информация, включително пълното ви име, имейл адрес, телефонен номер и държава на пребиваване. След като онлайн формулярът бъде приет, ще станете член на нашата общност от търговци. Можете незабавно да започнете да използвате нашето приложение за търговия с криптовалути.",
  "38": "АКТИВИРАНЕ НА АКАУНТ",
  "39": "Веднага след като сметката ви за търговия с Bitcoin 2.0 Avapro бъде регистрирана, можете да започнете да търгувате и инвестирате. За да започнете да използвате приложението, трябва да инвестирате само 250 евро в един от поддържащите брокери. Вие притежавате всички пари, които инвестирате, и всички пари, които спечелите. Средствата могат да бъдат изтеглени или реинвестирани в търговски дейности. Можете да използвате средствата от сметката си, за да финансирате търговията с криптовалути.",
  "40": "TRADE CRYPTO",
  "41": "След като сметката ви бъде създадена и разполагате с налични средства, можете да започнете обучение и търговия. Брокерът ще се погрижи за всичко по отношение на свързването на нашето приложение с неговата платформа за изпълнение. Приложението не само сканира пазара за вероятни възможности, но може и да изпълнява сделки за вас, за да увеличите максимално потенциала на маржа си. Можете също така да преминете към ръчна търговия, ако предпочитате по-голям контрол върху сделките си.",
  "42": "Регистрирайте се сигурно в BTC 2.0 Avapro Bot сега",
  "43": "Bitcoin 360 Ai измама – Предупреждение за копиране на приложения",
  "44": "Предупреждение за измама с BTC 360 Ai",
  "45": "Bitcoin 360 Ai измама е сценарий, при който ненадеждни източници правят копия на нашето приложение, като се има предвид нерегулираният характер на криптовалутите в световен мащаб, софтуерът и продуктите като версиите на нашето приложение, включително Bitcoin Bot 2.0, са обект на злоупотреби, които копират нашето приложение в различни форми и форма. Уверяваме ви, че сега посещавате официалния уебсайт на",
  "46": ", като регистрацията в нашето приложение е безплатна. Едва когато решите да започнете търговска дейност, ще трябва да захраните сметката си с един от брокерите, поддържани от трети страни, като след вашето съгласие ще предадем информацията ви за контакт на един от брокерите, който ще ви насочи и обясни процедурите за търговия и активиране.",
  "47": "Независим доклад за нашето приложение можете да намерите",
  "48": "тук",
  "49": "Засегнат ли е Bit Avapro 2.0 от неотдавнашните негативни публикации в медиите за криптоиндустрията?",
  "50": "Категорично НЕ!",
  "51": "Bitcoin 360 Ai е легитимно, надеждно и реномирано приложение за търговия с криптовалути, което е проектирано така, че да бъде лесно за използване и същевременно да предоставя изключителни резултати. Той може да се използва като автоматичен режим на търговия, като елиминира човешките слабости като неопитност, емоции, време и нерешителност. BTC Bot Ai 360 е нещо повече от приложение за търговия, то всъщност е общност, в която търговците могат да споделят идеи и резултати помежду си, за да се образоват. Приложението се използва ежедневно от начинаещи и опитни търговци, които действително се възползват от него финансово.",
  "52": "БЕЗПЛАТНА РЕГИСТРАЦИЯ",
  "53": "Bitcoin Avapro Bot 2.0 Изкуствен интелект",
  "54": "BTC Avapro 2.0 е приложение, управлявано от изкуствен интелект, което използва най-новите технологии, за да развие вашата крипто търговия с по-голяма увереност и по-висок потенциал за маржове. Благодарение на най-съвременните си алгоритми софтуерът предоставя прозрения и анализи на пазара в реално време, така че да можете да вземате информирани решения за изпълнение на търговията.",
  "55": "Avapro 360 Ai Bot постоянно се актуализира с най-новите характеристики на пазара, така че винаги ще разполагате с най-актуалните инструменти за оптимални инвестиции. Ще можете да виждате как се развива пазарът в реално време и да вземате съответните решения. Тези данни са от съществено значение за всеки, който иска да печели на криптопазарите.",
  "56": "Анализирайки тези данни, можете да вземате информирани решения за това кои монети да купувате и продавате и кога да го правите.",
  "57": "Намерете ",
  "58": "тук",
  "59": "още полезна информация за изкуствения интелект на пазарите на криптовалути",
  "60": "BTC Ai Avapro 360 демо сметка",
  "61": "Когато търгувате на фондовия пазар, е важно да знаете кога да купувате и продавате. Това може да ви помогне да увеличите печалбите си и да намалите загубите си. Един от начините да практикувате това е да използвате ",
  "62": "демо сметка",
  "63": "Демонстрационната сметка е чудесен начин да научите повече за фондовия пазар и неговото функциониране. Можете също така да използвате демо версията, за да тествате нови стратегии.",
  "64": "Демонстрационната версия на Bitcoin 360 Ai е версия на приложението, която се използва за тестване на пазарите на всяко устройство, свързано с интернет.",
  "65": "Това включва настолни компютри, таблети и мобилни устройства, като за всички тях не е необходимо изтегляне на приложение.",
  "66": "Демонстрационното приложение BTC 360 Ai е безрискова среда, която симулира търговия на реалния пазар.В демо версията получавате всички предимства на приложението за търговия на живо, като например: бърз анализ, точни сигнали и автоматични сделки.",
  "67": "Дори и ръчният демо режим на търговия включва всички предимства и функции на приложението Bitcoin 360 Ai на живо, тази опция за ръчна търговия с демо ви дава по-голям контрол върху вашите сделки, ако искате повече практика в демо режим, преди да отидете на живо.",
  "68": "Великобритания Приложение Bitcoin 360 Ai Мартин Люис препратки към медиите",
  "69": "Bitcoin 360 Ai е популярно приложение за търговия с криптовалути, което придоби популярност по целия свят и по-специално в Обединеното кралство, поради което привлича медийно отразяване, като тези медийни препратки се генерират и от злоупотребяващи лица, които “яздят” шума около нашето име с цел да спечелят посетители на своите копирани сайтове Bitcoin 360 Ai, като една от техните стратегии е да използват имената на известни личности заедно с името на нашето приложение – те правят това, за да спечелят доверието на клиентите да се регистрират при тях. Неотдавна в британските медии попаднахме на информация за инвестиция в Bitcoin 360 Ai, направена от Мартин Люис. Бихме искали да уточним, че тази медийна преса относно Мартин Люис не е публикувана от нас и в никакъв случай не е свързана с нас.",
  "70": "Както се вижда от",
  "71": "този",
  "72": "надежден доклад, всяка реклама, в която се говори за инвестиции, направени от Матин Люис в Bitcoin 360 Ai и вероятно във всяко друго приложение за търговия с криптовалути, е невярна.",
  "73": "Елон Мъск Bitcoin 360 Ai медийно отразяване",
  "74": "BTC Ai Bot 2.0 е популярно приложение за търговия с криптовалути, успехът на нашето приложение, което оперира в нишата на криптовалутите – несигурна регулаторна ниша в повечето части на света, е успех, който привлича преса от най-различни страни, но за съжаление и от някои злоупотребители, които използват името ни неетично и незаконно. Забелязахме, че в медиите се появи информация за връзка между Елон Мъск и Bitcoin 360 Ai – и бихме искали да заявим, че тази преса не идва от нас и че не можем да разкрием списъка с инвеститорите си поради споразуменията за поверителност, които сме сключили. Бихме искали да уточним, че не сме публикували никакви публикации в медиите, свързани с каквато и да е връзка между Елон Мъск и Bitcoin360ai.com, и такава връзка не съществува.",
  "75": "Нашата хибридна версия на приложението Bit 2.0 Avapro за автоматична ръчна търговия съчетава хуманни ръчни и автоматични функции за търговия, които го открояват над конкурентите.",
  "76": "Основни характеристики на версията на приложението Bitcoin 360 Ai по подразбиране и 2.0 Avapro",
  "77": "Цената на Bitcoin 360 Ai е нула",
  "78": "Цената на Bitcoin 360 Ai е нула. Няма такса за регистрация, всички търговски дейности и използването на нашите функции са напълно безплатни. ние ще получаваме таксите си от бъдещи функции, които ще въведем през Q2, Q3 на 2023 г.",
  "79": "Няма задължително изтегляне",
  "80": "Уеб версията на BTC 2.0 Avapro 360 Ai не изисква инсталиране или изтегляне, тъй като е интернет базирана платформа, която може да се използва от всеки свързан с интернет браузър и от всяко устройство или място.",
  "81": "Регистрация на Bitcoin 360 Ai без проблеми",
  "82": "Регистрирането за Bitcoin 360 Ai е лесно и бързо. Процесът на регистрация е лесен и бърз, а след като го направите, ще можете да го свържете с един от брокерите, където можете да извършвате сделките.",
  "83": "Бърза ",
  "84": "и",
  "85": " лесна проверка",
  "86": "Bitcoin 360 Ai позволява лесно и сигурно да проверите сметката си. При регистрацията, с ваше съгласие, ние ще прехвърлим данните ви за контакт на един от подкрепящите брокери, който ще се свърже с вас, за да провери и активира вашата сметка за търговия.",
  "87": "Удобен за потребителя интерфейс",
  "88": "Платформата за автоматична търговия Bitcoin 360 Ai има много интуитивен интерфейс и е лесна за управление. Тя е създадена с цел подпомагане на неопитните търговци. В резултат на това приложението е лесно за използване, но същевременно включва разширени функции за търговия.",
  "89": "Изискване за минимални средства",
  "90": "Изискването за първоначален депозит при повечето от нашите брокери, подкрепящи приложенията, е 250 евро. Тази сума ще бъде използвана само за финансиране на сделки, но не и за такси за приложения, които в момента са напълно безплатни.",
  "91": "Избор на множество активи",
  "92": "С помощта на нашето приложение можете да получавате сигнали за възможности за търговия с фиатни валути, акции, стоки и множество криптовалути (Bitcoin Cash, XBT, Ethereum Monero, Ripple и Dash) Тази функция е достъпна за всички членове на BTC 360 Ai.",
  "93": "Bitcoin 360 Ai reddit и други общности",
  "94": "Членовете на Bitcoin 360 Ai се превръщат в общност, която провежда мозъчни атаки, споделя идеи или просто говори за общи теми от живота в платформи като reddit, discord и други. с развитието на нашия проект ще администрираме такива канали на общностите и ще насърчаваме разговорите между нашите членове.",
  "95": "Ефективност на времето при пускане на нови функции",
  "96": "Членовете на Bitcoin Bot 360 Ai са винаги една крачка напред!. Това е само едно от многото предимства, които дават на софтуера предимство и възможност да постигне такава висока популярност в световен мащаб.",
  "97": "Консервативни настройки или настройки с по-висок риск",
  "98": "Bitcoin 360 Ai е проектиран да идентифицира потенциални възможности за търговия и да ги превърне в сигнали за търговия. Приложението ви позволява да зададете нивото на риска на сигналите, което означава, че всеки търговец може да персонализира функциите на приложението въз основа на индивидуалния си апетит за риск.",
  "99": "Лесни и сигурни плащания и изплащания",
  "100": "За финансиране и теглене на средства от вашата брокерска сметка 2.0 Avapro 360 Ai supportive можете да използвате кредитна или дебитна карта, парични преводи, банкови преводи и дори всякакви електронни портфейли. Всяко теглене ще бъде изплатено обратно към първоначалния метод на плащане, с който първоначално сте захранили сметката си.",
  "101": "Строга сигурност на данните",
  "102": "Всички ваши финансови данни, лична информация и действия по сделките се съхраняват стриктно в защитена среда. Вашата сигурност е нашата репутация, затова е наш основен приоритет да пазим информацията ви по най-високите стандарти за сигурност.",
  "103": "BTC 360 Ai демо сметка",
  "104": "Можете да тествате избраните от вас правила с демо сметка Bitcoin 360 Ai и да упражнявате уменията си без риск. След като придобиете опит в демо сделките, можете да започнете истински транзакции.",
  "105": "Модерна функция за бектестинг",
  "106": "Функцията Backtesting в приложението Bitcoin Bot 360 Ai versoin ви позволява да тествате стратегиите си за търговия върху минали пазарни условия. Това ще ви позволи да променяте и оптимизирате настройките си по всяко време.",
  "107": "Гъвкаво персонализиране",
  "108": "Bitcoin 360 Ai предлага много режими на търговия и променливи, които могат да бъдат персонализирани. Това дава възможност за максимална персонализация, която да отговаря на вашите търговски предпочитания.",
  "109": "24/7 поддръжка на клиенти",
  "110": "Успехът, комфортът и удовлетворението на клиентите са наш основен приоритет. Ето защо имаме представители за обслужване на клиенти, които са на разположение 24 часа в денонощието, 7 дни в седмицата, за да ви помогнат.",
  "111": "РЕГИСТРИРАЙТЕ СЕ СЕГА",
  "112": "Познати ресурси",
  "113": "Bitcoin Bot 360 Ai иска да разполагате с всички образователни ресурси, от които се нуждаете, на едно място.",
  "114": "Това ще ви позволи да следите най-новите новини и тенденции, да се образовате, да придобиете необходимите знания и инструменти, за да успеете на пазара на цифрови активи и да увеличите потенциала си за печелене на пари.",
  "115": "Присъединете се към нашата общност и научете повече за историята на пазара, стратегиите и съветите за търговия, добива на криптовалути, подробни ръководства и друга полезна информация.",
  "116": "ЧЕСТО ЗАДАВАНИ ВЪПРОСИ",
  "117": "Какво е Bitcoin 360 Ai?",
  "118": "Bitcoin 360 Ai е приложение за търговия с крипто Ai, което произвежда сигнали за търговски възможности, задвижвани от алгоритми, които сканират движенията на пазара на живо в търсене на модели и корелации и ги сравняват с исторически сканирания за обратно тестване, така че когато са изпълнени определени условия – на предния край на приложението се задейства сигнал за търговска възможност.",
  "119": "Какво е Bitcoin 2.0 Avapro 360 Ai?",
  "120": "Bitcoin 2.0 Avapro 360 Ai е версия на приложението, която включва хибридни модели, при които търговците могат да избират между автоматизирано изпълнение на сделките или ръчно изпълнение на сделките; версията iFex е достъпна за всички търговци и не изисква допълнителни настройки или разходи.",
  "121": "Какви са признаците за легитимност на Bitcoin 360 Ai 2.0 Avapro?",
  "122": "Bitcoin 360 Ai 2.0 Avapro е легитимно приложение за търговия с криптовалути, ",
  "123": "няколко злоупотребяващи оператори на приложения се възползват от нашето име и репутация,",
  "124": " но можете лесно да се уверите, че сте се регистрирали в правилното приложение, като просто проверите дали се регистрирате с автентичния URL адрес bitcoin360ai.com. Освен това ние никога няма да поискаме от вас такси. Единственото плащане, което ще трябва да направите, е да захраните сметката си за търговия с един от брокерите, поддържащи приложението, и можете да го направите само когато се чувствате достатъчно уверени да търгувате, докато други приложения за злоупотреби изискват предварителни плащания.",
  "125": "XBT App 2.0 Avapro 360 Ai същото ли е като BTC 360 Ai?",
  "126": "Да, XBT App 2.0 Avapro 360 Ai е същото като Bitcoin 360 Ai. Нашето приложение включва няколко алтернативни имена. Например в някои региони на света терминът XBT е по-популярен от “биткойн”, но всъщност и двата термина са едни и същи.",
  "127": "Кой е собственикът на Bitcoin 360 Ai?",
  "128": "Благодарение на споразуменията с инвеститорите имаме. Понастоящем не можем да разкрием публично списъка си с инвеститори. Можем обаче да потвърдим, че сред нашите инвеститори има рискови фондове от Азия, както и отделни криптоиграчи от висок ранг.",
  "129": "Регулиран ли е XBT App 360 Ai?",
  "130": "Криптовалутите не са регулирани в повечето части на света. Поради това няма официален регулатор за дейността на приложението. Въпреки това, като компания с дългосрочна визия, ние провеждаме постоянни саморегулаторни действия, които включват одити от реномирани фирми, проверки на киберсигурността и строги протоколи за “познаване на клиента или партньора”, за да гарантираме, че нашите доставчици, клиенти и доставчици на услуги работят в съответствие с регулаторните и професионалните стандарти.",
  "131": "Каква е цената на Bitcoin 350 Ai 2.0 Avapro?",
  "132": "Bitcoin 360 Ai 2.0 Avapro е безплатен за всички наши членове. Понастоящем не начисляваме никакви такси или комисиони; визията на нашия бизнес модел е да създадем дългосрочна връзка с нашата общност. На по-късен етап в нашето приложение на живо ще въведем специални функции, които ще позволят на търговците, които се интересуват от заплащане за използването им. Уведомяваме всички наши клиенти предварително за промените в ценовата политика.",
  "133": "Последни думи",
  "134": "Работим от известно време и сме изградили отлична репутация сред нашите потребители. Много от тях, които са направили добри маржове, като са използвали услугите на нашето приложение, са обикновени хора без опит в търговията с криптовалути.",
  "135": "Вярваме, че най-добрият начин да търгувате с криптовалути, използвайки някоя от нашите версии, т.е. BTC, XBT, 2.0 Avapro App, е като се научите как да го използвате правилно. На нашия уебсайт можете да намерите много информация за приложението, така че ако отделите малко време за разглеждане, това ще ви помогне да започнете работа. Предлагаме и обширен раздел с често задавани въпроси, където ще намерите отговори на всички въпроси.",
  "136": "Търговията с BTC, XBT и други криптовалути е свързана с известен риск, но ако се извършва правилно, рисковете могат да бъдат намалени, а маржин потенциалът – по-висок.",
  "137": "Bitcoin 360 AI &amp; 2.0",
  "138": "Avapro версия Акценти",
  "139": "Платформа за търговия",
  "140": "Крипто",
  "141": "Разходи за платформата",
  "142": "Без разходи",
  "143": "Такса за оттегляне",
  "144": "Безплатно",
  "145": "Вид платформа",
  "146": "Уеб базирана,Собствена платформа, Android на Google и iOS на Apple",
  "147": "Опция за депозит",
  "148": "PayPal, Skrill, Neteller, UnionPay, Webmoney, Yandex, Visa, Mastercard, AMEX, Diners Club",
  "149": "Държави",
  "150": "Всички – с изключение на САЩ",
  "151": "Начална страница",
  "152": "Влизам",
  "153": "За нас",
  "154": "Политика за поверителност",
  "155": "Правила и условия",
  "156": "Опровержение",
  "157": "Свържете се с нас",
  "158": "Преглед на Bitcoin 360 AI",
  "159": "ПРЕДУПРЕЖДЕНИЕ ЗА РЕГЛАМЕНТИРАНЕ И ВИСОКОРИСКОВО ИНВЕСТИРАНЕ: Търговията с Форекс, договори за разлика и криптовалути може да генерира значителни печалби, но също така носи определено ниво на риск и може да не е подходяща за всички инвеститори. Не бива да спекулирате с капитал, който не можете да си позволите да загубите. силно препоръчваме да прочетете нашите УСЛОВИЯ и пълната страница за ОТКАЗ от отговорност, преди да направите каквато и да е инвестиция. клиентите трябва да са наясно с индивидуалните си задължения за данък върху капиталовите печалби в страната си на пребиваване. противозаконно е да се приканват лица от САЩ да купуват и продават стокови опции, дори ако те се наричат “договори за прогнозиране”, освен ако не са регистрирани за търговия и не се търгуват на борса, регистрирана от CFTC, или ако не са освободени от закона. Поставили сме COOKIES на вашия компютър, за да подобрим вашето преживяване, когато посещавате този уебсайт. Можете да промените настройките на бисквитките на компютъра си по всяко време. Използването на този уебсайт означава, че приемате тази политика за поверителност на уебсайта ds."
}