{
  "1": "Bitcoin 360 Ai – Vienkāršota kriptogrāfijas tirdzniecība, ieskaitot BTC Avapro 2.0 Bot versiju",
  "2": "Pievienojies BTC 360 Ai jau šodien",
  "3": "Sveiki, mēs esam",
  "4": "Bitcoin 360 Ai",
  "5": "App",
  "6": "Kas ir Bitcoin 360 Ai?",
  "7": "",
  "8": "BTC 360 Ai",
  "9": "ir automātiskās tirdzniecības AI-algoritma vadīta lietotne, kas izraisa tirdzniecības brīdinājumus, kad tiek izpildīti noteikti kritēriji, tai ir unikāls lietotājam draudzīgs interfeiss, kas padara to pievilcīgu gan iesācējiem, gan pieredzējušiem tirgotājiem. Bitcoin Bot 360 Ai nodrošina drošu, bet vienlaikus viegli pieejamu un pārnēsājamu kriptovalūtu tirdzniecības platformu, pievienojieties mūsu augošajai tirgotāju kopienai un atklājiet XBT un citu kriptovalūtu potenciālu.",
  "10": "Droša reģistrācija",
  "11": "Bitcoin 360 AI 21",
  "12": "Mēs esam Crypto tirdzniecības iespējas brīdinājumi App",
  "13": "Bitcoin 360 Ai ir kriptogrāfijas tirdzniecības rīks, kas nodrošina tirdzniecības iespējas brīdinājumus, pamatojoties uz Ai darbina algoritmus. Mūsu vīzija ir kļūt par lielāko platformu kriptogrāfijas tirgotāju kopienai, ko atbalsta mūsu lietotnes sociālā tirdzniecība un citas ar pūļa tirdzniecību saistītas funkcijas.",
  "14": "Bitcoin 360 AI 22",
  "15": "Iepazīstinām ar mūsu Bit Avapro 2.0 Bot automātiskās tirdzniecības versiju",
  "16": "Bit Avapro 2.0 Bot ir lietotnes versija, kas ietver divus tirdzniecības režīmus – pilnībā automātiskās tirdzniecības režīmu un manuālo režīmu. Automātiskā tirdzniecība pilnvaro lietotni veikt visas tirdzniecības darbības bez cilvēka iejaukšanās, savukārt manuālajā režīmā netiek veikti darījumi, bet tā vietā tas brīdina tirgotājus, kad mūsu Ai algoritmi izraisa tirdzniecības iespējas.",
  "17": "Bitcoin 360 AI 23",
  "18": "Mēs izmantojam unikālus Ai algoritmus",
  "19": "Sarežģīti mākslīgā intelekta algoritmi nodrošina Bitcoin 2.0 Avapro tirdzniecības stratēģijas. Lai nodrošinātu optimālus, bet vienlaikus konservatīvus rezultātus, lietotne nepārtraukti reāllaikā skenē vairāk nekā 100 kriptogrāfijas tirgus, meklējot vēsturiski pierādītus modeļus un korelācijas, lai izsauktu kvalitatīvus tirdzniecības iespēju brīdinājumus.",
  "20": "Bit 360 Ai – Paredzēts gan iesācējiem, gan pieredzējušiem kriptogrāfijas tirgotājiem",
  "21": "The Bitcoin 360 Ai ir vienkāršots izstrādāta app, bet tomēr ietver uzlabotas tirdzniecības funkcijas, kas padara to piemērotu gan iesācējiem un pieredzējušiem tirgotājiem līdzīgi.",
  "22": "Kriptonauda strauji gūst arvien lielāku atpazīstamību un atzinību, jo tā tiek tirgota jau vairāk nekā desmit gadus, un tā piesaista visu veidu investorus; BTC Bot Ai 360 investoru grupā ietilpst visu līmeņu investori, mūsu kopienā ir gan augsti kvalificēti investori, gan arī jaunpienācēji, kas pirmo reizi saskārās ar kriptonaudu tirdzniecību.",
  "23": "Izmantojot mūsu Bitcoin Avapro 2.0 versiju, ikviens var izveidot automatizētus, manuālus vai hibrīda kriptovalūtu tirdzniecības modeļus bez priekšzināšanām.",
  "24": "Tirgotāji var veikt neierobežotu skaitu īstermiņa vai ilgtermiņa darījumu 24 stundas diennaktī. Tas ļauj viņiem maksimāli izmantot kriptotehnoloģiju tirgu potenciālu un atvēlēt vairāk laika, lai izbaudītu savu finansiālo brīvību un panākumus. Lietotne var automatizēt tirgu skenēšanu un rentablu darījumu veikšanu saskaņā ar investora vai tirgotāja noteiktajiem noteikumiem.",
  "25": "Reģistrējieties mūsu Bitcoin 360 Ai un pievienojieties mūsu tirgotāju kopienai šodien",
  "26": "MŪSDIENU ALGO TIRDZNIECĪBA",
  "27": "BTC 360 Ai izmanto ultra-modernas tehnoloģijas, lai sasniegtu tirdzniecības izpildes priekšrocības salīdzinājumā ar citiem algo tirdzniecības botu. Tas ir viens no visvairāk augsto tehnoloģiju tirdzniecības platforma pastāv, tas nepārtraukti izmanto sarežģītus datoru algoritmus, lai uzraudzītu un analizētu tirgus vislabākajiem nosacījumiem. Rezultātā mūsu Ai var lepoties ar nepārtraukti optimizētiem rezultātiem.",
  "28": "PROGRESĪVAS TEHNOLOĢIJAS",
  "29": "BTC 2.0 Avapro Bot ir vadošā kriptovalūtu tirdzniecības lietotne, tā piedāvā vairāk nekā 100 tirgojamus kriptonauda aktīvus. Tas ir pilnīgs komplekts. Tā ir pieejama visiem pieredzes līmeņiem, un tai ir intuitīva saskarne. Turklāt tā ir balstīta uz vēsturisko ierakstu algoritmu pārbaudēm ar mērķi radīt optimālus tirdzniecības brīdinājumus.",
  "30": "PRIEKŠNOTEIKUMI, PAMATOJOTIES UZ",
  "31": "Asociācijas, tirgotāji, brokeri un biedri augstu novērtē BTC Bot 360 Ai, jo tas ir pierādījis sevi un ir ļoti efektīvs pat ekstremālos tirgus apstākļos. Turklāt klientu apkalpošanas dienests ir pieejams 24 stundas diennaktī, 7 dienas nedēļā, 7 dienas nedēļā, un mūsu atbalsta komanda atbildēs uz vispārīgiem jautājumiem vai sniegs tehnisko palīdzību.",
  "32": "PIERAKSTĪTIES BEZ MAKSAS",
  "33": "Kā darbojas Bitcoin 360 Ai",
  "34": "PIERAKSTĪTIES BEZ MAKSAS",
  "35": "Reģistrēšanās ir pilnīgi bez maksas, tikai aizpildiet īsu reģistrācijas veidlapu, kas atrodas šīs",
  "36": "Bitcoin Avapro 2.0 homepage",
  "37": "lapas augšpusē. Nepieciešama pamatinformācija, tostarp jūsu pilns juridiskais nosaukums, e-pasta adrese, tālruņa numurs un dzīvesvietas valsts. Pēc tam, kad tiešsaistes veidlapa būs apstiprināta, jūs kļūsiet par mūsu tirgotāju kopienas dalībnieku. Jūs varat uzreiz sākt izmantot mūsu kriptovalūtu tirdzniecības lietotni.",
  "38": "KONTA AKTIVIZĒŠANA",
  "39": "iklīdz Bitcoin 2.0 Avapro tirdzniecības konts ir reģistrēts, Jūs varat sākt tirgoties un investēt. Lai sāktu lietot lietotni, jums ir jāiegulda tikai 250 € kādā no atbalsta brokeriem. Jums pieder visa nauda, ko ieguldāt, un visi iegūtie līdzekļi. Līdzekļus var izņemt vai atkārtoti ieguldīt tirdzniecības darbībās. Jūs varat izmantot līdzekļus no sava konta, lai finansētu kriptogrāfijas tirdzniecību.",
  "40": "TRADE CRYPTO",
  "41": "Kad jūsu konts ir izveidots un ir pieejami līdzekļi, varat sākt mācības un tirdzniecību. Brokeris visu darīs, lai savienotu mūsu lietotni ar savu izpildes platformu. lietotne ne tikai skenē tirgu, lai atrastu iespējamās iespējas, bet var arī izpildīt darījumus, lai jūs varētu maksimāli palielināt savu peļņas potenciālu. Varat arī pārslēgties uz manuālo tirdzniecību, ja vēlaties vairāk kontrolēt savus darījumus.",
  "42": "Droši reģistrējieties BTC 2.0 Avapro Bot tagad",
  "43": "Bitcoin 360 Ai scam – App kopēt brīdinājums brīdinājums",
  "44": "BTC 360 Ai scam brīdinājums",
  "45": "Bitcoin 360 Ai scam ir scenārijs, kur neuzticami avoti, padarot kopijas mūsu app, ņemot vērā neregulēto raksturu cryptocurrencies visā pasaulē, programmatūras un produktu, piemēram, mūsu app versijas, tostarp Bitcoin Bot 2.0 ir mērķis ļaunprātīgi izmantotāji, kas ir kopēt mūsu app dažādās formās un formā. Pārliecinieties, ka jūs tagad apmeklējat",
  "46": "oficiālajā tīmekļa vietnē, reģistrējoties ar mūsu app ir bez maksas. Tikai tad, kad Jūs nolemsiet uzsākt tirdzniecības darbību, Jums būs nepieciešams finansēt savu kontu pie viena no mūsu trešo pušu atbalstītajiem brokeriem, un pēc Jūsu piekrišanas mēs nodosim Jūsu kontaktinformāciju kādam no brokeriem, kurš Jūs informēs un izskaidros Jums par tirdzniecības, kā arī aktivizēšanas procedūrām.",
  "47": "Neatkarīgu ziņojumu par mūsu lietotni var atrast",
  "48": "šeit",
  "49": "Vai Bit Avapro 2.0 ietekmē nesenie negatīvie mediji par kriptogrāfijas nozari?",
  "50": "Pilnīgi NĒ!",
  "51": "Bitcoin 360 Ai ir likumīgs, uzticams un cienījamu kriptogrāfijas tirdzniecības app, tas tika izstrādāts, lai būtu vienkārši lietot un tomēr sniedz ārkārtas rezultātus. To var izmantot kā automatizētu tirdzniecības režīmu, novēršot cilvēka vājās puses, piemēram, nepieredzētību, emocijas, laiku un neizlēmību. BTC Bot Ai 360 ir kas vairāk nekā tikai tirdzniecības lietotne, patiesībā tā ir kopiena, kurā tirgotāji var dalīties ar idejām un rezultātiem, lai izglītotu viens otru. App izmanto katru dienu jaunpienācēji un pieredzējuši tirgotājs, kas faktiski gūst labumu no tā finansiāli",
  "52": "BEZMAKSAS REĢISTRĀCIJA",
  "53": "Bitcoin Avapro Bot 2.0 Mākslīgais intelekts",
  "54": "BTC Avapro 2.0 ir mākslīgā intelekta vadīta lietotne, kas izmanto jaunākās tehnoloģijas, lai veicinātu savu kriptogrāfisko tirdzniecību ar lielāku pārliecību un lielāku peļņas potenciālu. Izmantojot modernākos algoritmus, programmatūra nodrošina reāllaika tirgus ieskatu un analīzi, lai jūs varētu pieņemt pamatotus tirdzniecības izpildes lēmumus.",
  "55": "Avapro 360 Ai Bot tiek pastāvīgi atjaunināts ar jaunākajām tirgus funkcijām, tāpēc jums vienmēr būs pieejami visjaunākie rīki, lai veiktu optimālus ieguldījumus. Jūs varēsiet redzēt, kā tirgus darbojas reālajā laikā, un attiecīgi pieņemt lēmumus. Šie dati ir būtiski ikvienam, kas vēlas gūt peļņu kriptovalūtu tirgos.",
  "56": "Analizējot šos datus, jūs varat pieņemt pamatotus lēmumus par to, kuras monētas pirkt un pārdot un kad to darīt.",
  "57": "Lai",
  "58": "šeit",
  "59": "atradīsiet vairāk noderīgas informācijas par mākslīgo intelektu kriptovalūtu tirgos.",
  "60": "BTC Ai Avapro 360 demo konts",
  "61": "Veicot tirdzniecību akciju tirgū, ir svarīgi zināt, kad pirkt un pārdot. Tas var palīdzēt jums palielināt peļņu un samazināt zaudējumus. Viens no veidiem, kā to praktizēt, ir izmantot",
  "62": "demo kontu",
  "63": "Demo konts ir lielisks veids, kā iepazīt akciju tirgu un tā darbību. Demo versiju var izmantot arī jaunu stratēģiju testēšanai.",
  "64": "Bitcoin 360 Ai demo ir lietotnes versija, kas tiek izmantota, lai pārbaudītu tirgus jebkurā ierīcē, kas ir savienota ar internetu.",
  "65": "Tas attiecas uz galddatoriem, planšetdatoriem un mobilajām ierīcēm, un visām tām nav nepieciešams lejupielādēt lietotni.",
  "66": "BTC 360 Ai demo lietojumprogramma ir bezriska vide, kas simulē reālu tirgus tirdzniecību, demo versijā jūs saņemat visas reālās tirdzniecības programmas priekšrocības, piemēram, ātru analīzi, precīzus signālus un automatizētus darījumus.",
  "67": "Pat manuālā demo tirdzniecības režīms ietver visas priekšrocības un funkcijas dzīvot Bitcoin 360 Ai app, šī demo manuālā tirdzniecības iespēja dod jums lielāku kontroli pār saviem darījumiem, ja jūs vēlaties vairāk prakses par demo režīmā pirms došanās dzīvot.",
  "68": "UK App Bitcoin 360 Ai Martin Lewis mediju atsauces",
  "69": "Bitcoin 360 Ai ir populāra kriptogrāfijas tirdzniecības lietotne, kas ieguvusi popularitāti visā pasaulē un jo īpaši Apvienotajā Karalistē, tāpēc tā piesaista plašsaziņas līdzekļu ziņas, šādas atsauces plašsaziņas līdzekļos rada arī ļaunprātīgi izmantotāji, kas “jāj” ap mūsu nosaukumu, lai iegūtu apmeklētājus uz savām kopētajām Bitcoin 360 Ai vietnēm, viena no viņu stratēģijām ir izmantot slavenību vārdus kopā ar mūsu lietotnes nosaukumu – viņi to dara, lai iegūtu klientu uzticību reģistrēties pie viņiem. Nesen Apvienotās Karalistes plašsaziņas līdzekļos mēs sastapāmies ar atsaucēm par Martin Lewis veiktajiem ieguldījumiem uzņēmumā Bitcoin 360 Ai. Mēs vēlamies paskaidrot, ka mēs neesam publicējuši un nekādā gadījumā neesam saistīti ar Martinu Lūisu.",
  "70": "Kā redzams",
  "71": "šajā",
  "72": "uzticamajā ziņojumā, jebkura reklāma, kas runā par Matin Lewis veiktajiem ieguldījumiem Bitcoin 360 Ai un, iespējams, jebkura cita kriptogrāfijas tirdzniecības programma ir nepatiesa.",
  "73": "Elons Masks Bitcoin 360 Ai atspoguļojums plašsaziņas līdzekļos",
  "74": "BTC Ai Bot 2.0 ir populāra kriptogrāfisko aktīvu tirdzniecības lietotne, mūsu lietotnes panākumi, kas darbojas kriptovalūtu nišā – nenoteiktā regulējuma nišā lielākajā daļā pasaules daļu, ir panākums, kas piesaista presi no visdažādākajām pusēm, diemžēl arī no dažiem ļaunprātīgajiem izmantotājiem, kas mūsu vārdu izmanto neētiski un nelikumīgi. Mēs pamanījām, ka plašsaziņas līdzekļos izskanēja informācija par saikni starp Elonu Masku un Bitcoin 360 Ai, un mēs vēlamies paziņot, ka šāda prese nav nākusi no mums, un, lai arī mēs vēlētos atklāt mūsu investoru sarakstu, mēs to nevaram izdarīt, jo esam noslēguši konfidencialitātes līgumus. Mēs vēlamies paskaidrot, ka mēs neesam publicējuši nekādu mediju preses izdevumu, kas saistīti ar jebkāda veida saikni starp Elonu Masku un Bitcoin360ai.com, un šāda saikne nepastāv.",
  "75": "Mūsu Bit 2.0 Avapro hibrīda automātiskā-manuālā-tirdzniecības lietotnes versija apvieno humānas manuālās un automātiskās tirdzniecības funkcijas, kas ļauj tai izcelties pār konkurentiem.",
  "76": "Bitcoin 360 Ai noklusējuma un 2.0 Avapro lietotnes versijas galvenās funkcijas",
  "77": "Bitcoin 360 Ai cena ir nulle",
  "78": "Bitcoin 360 Ai cena ir nulle. Nav reģistrācijas maksas, visas tirdzniecības darbības un mūsu funkciju izmantošana ir pilnīgi bez maksas. mēs nopelnīsim savu maksu no turpmākās funkcijas, ko ieviesīsim 2023. gada 2., 3. ceturksnī.",
  "79": "Nav obligāta lejupielāde",
  "80": "BTC 2.0 Avapro 360 360 Ai tīmekļa versija nav jāinstalē vai jālejupielādē, jo tā ir interneta tīmekļa platforma, ko var izmantot no jebkuras ar internetu savienotas pārlūkprogrammas un no jebkuras ierīces vai vietas.",
  "81": "Bitcoin 360 Ai reģistrācija bez problēmām",
  "82": "Ir viegli un ātri reģistrēties Bitcoin 360 Ai. Reģistrācijas process ir vienkāršs un ātrs, un pēc tam, kad tas ir izdarīts, jūs varēsiet to savienot ar kādu no brokeriem, kur jūs varat veikt darījumus.",
  "83": "Ātra",
  "84": "un",
  "85": "vienkārša verifikācija",
  "86": "Bitcoin 360 Ai ļauj viegli un droši pārbaudīt savu kontu. Pēc reģistrācijas ar jūsu piekrišanu mēs nodosim jūsu kontaktinformāciju vienam no atbalsta brokeriem, kurš sazināsies ar jums, lai pārbaudītu un aktivizētu jūsu tirdzniecības kontu.",
  "87": "Lietotājam draudzīga saskarne",
  "88": "Bitcoin 360 Ai automātiskās tirdzniecības platformai ir ļoti intuitīvs interfeiss, un to ir viegli lietot. Tā tika izveidota ar mērķi atbalstīt nepieredzējušus tirgotājus. Tādējādi lietotne ir viegli lietojama, taču tajā ir iekļautas uzlabotas tirdzniecības funkcijas.",
  "89": "Nepieciešamais minimālais līdzekļu apjoms",
  "90": "Sākotnējā depozīta prasība lielākajai daļai mūsu aplikāciju atbalstošo brokeru ir 250 €. Šī summa tiks izmantota tikai darījumu finansēšanai, nevis aplikācijas komisijas maksām, kas pašlaik ir pilnīgi bez maksas.",
  "91": "Vairāku aktīvu atlase",
  "92": "Izmantojot mūsu App, Jūs varat saņemt tirdzniecības iespēju brīdinājumus par fiat valūtām, akcijas, preces un vairākas kriptovalūtas (Bitcoin Cash, XBT, Ethereum Monero, Ripple, un Dash) šī funkcija ir pieejama visiem BTC 360 Ai dalībniekiem.",
  "93": "Bitcoin 360 Ai reddit un citas kopienas",
  "94": "Bitcoin 360 Ai biedri kļūst par kopienu, kas prāta vētras, dalīties ar idejām vai vienkārši runāt par vispārēju dzīves tēmu tādās platformās kā reddit, discord un citi. attīstoties mūsu projektam, mēs administrēsim šādus kopienu kanālus un veicināsim sarunas starp mūsu biedriem.",
  "95": "Jaunu funkciju izlaišanas laika efektivitāte",
  "96": "Bitcoin Bot 360 Ai biedri vienmēr ir soli priekšā!. Tā ir tikai viena no daudzajām priekšrocībām, kas programmatūrai piešķir priekšrocības un ļauj sasniegt tik lielu popularitāti visā pasaulē.",
  "97": "Konservatīvi vai paaugstināta riska iestatījumi",
  "98": "Bitcoin 360 Ai ir paredzēts, lai identificētu potenciālās tirdzniecības iespējas un pārvērst tos tirdzniecības signālos. Lietotne ļauj iestatīt brīdinājumu riska līmeni, kas nozīmē, ka katrs tirgotājs var pielāgot lietotnes funkcijas, pamatojoties uz individuālo riska apetīti.",
  "99": "Viegli un droši veikt maksājumus un izmaksas",
  "100": "Lai finansētu un izņemtu savu 2.0 Avapro 360 Ai atbalsta brokera kontu, jūs varat izmantot kredītkarti vai debetkarti, naudas pārskaitījumus, bankas pārskaitījumus un pat elektroniskos makus. Jebkurš naudas izņemšanas gadījums tiks pārskaitīts atpakaļ uz sākotnējo maksājumu veidu, ar kuru sākotnēji finansējāt savu kontu.",
  "101": "Stingra datu drošība",
  "102": "Visi jūsu finanšu dati, personiskā informācija un darījumi tiek stingri glabāti drošā vidē. Jūsu drošība ir mūsu reputācija, un mūsu galvenā prioritāte ir saglabāt jūsu informāciju atbilstoši visaugstākajiem drošības standartiem.",
  "103": "BTC 360 Ai demo konts",
  "104": "Jūs varat pārbaudīt savus izvēlētos noteikumus ar Bitcoin 360 Ai Demo kontu un praktizēt savas prasmes bez riska. Pēc tam, kad esat lietpratējs demo darījumos, varat sākt īstus darījumus.",
  "105": "Mūsdienu Backtesting funkcija",
  "106": "Bitcoin Bot 360 Ai lietotnes versoin backtesting funkcija ļauj jums pārbaudīt savas tirdzniecības stratēģijas iepriekšējos tirgus apstākļos. Tādējādi jebkurā laikā varēsiet mainīt un optimizēt iestatījumus.",
  "107": "Elastīga pielāgošana",
  "108": "Bitcoin 360 Ai piedāvā daudzus tirdzniecības režīmus un mainīgos, kurus var pielāgot. Tas ļauj maksimāli pielāgot jūsu tirdzniecības vēlmēm.",
  "109": "24/7 klientu atbalsts",
  "110": "Klientu un klientu panākumi, komforts un apmierinātība ir mūsu galvenā prioritāte. Tāpēc mūsu klientu apkalpošanas dienesta pārstāvji ir pieejami 24 stundas diennaktī, 7 dienas nedēļā, 7 dienas nedēļā un 7 dienas nedēļā, lai jums palīdzētu.",
  "111": "PIERAKSTĪTIES TAGAD",
  "112": "Zinoši resursi",
  "113": "Bitcoin Bot 360 Ai vēlas, lai jums būtu pieejami visi nepieciešamie izglītības resursi vienuviet.",
  "114": "Tas ļaus jums sekot līdzi jaunākajām ziņām un tendencēm, izglītoties, iegūt zināšanas un rīkus, kas nepieciešami, lai gūtu panākumus digitālo aktīvu tirgū, un maksimāli palielināt savu naudas pelnīšanas potenciālu.",
  "115": "Pievienojieties mūsu kopienai un uzziniet vairāk par tirgus vēsturi, tirdzniecības stratēģijām un padomiem, kriptovalūtu ieguvi, detalizētiem ceļvežiem un citu noderīgu informāciju.",
  "116": "BIEŽI UZDOTIE JAUTĀJUMI",
  "117": "Kas ir Bitcoin 360 Ai?",
  "118": "Bitcoin 360 Ai ir kriptogrāfijas tirdzniecības Ai virza app, kas ražo tirdzniecības iespējas brīdinājumus darbina algoritmus, kas skenē dzīvot tirgus kustības, meklējot modeļus un korelācijas un salīdzinot tos ar vēsturisko atpakaļ testēšanas skenēšanu, tāpēc, ja ir izpildīti noteikti nosacījumi – tirdzniecības iespēja brīdinājums tiek iedarbināts uz app front-end.",
  "119": "Kas ir Bitcoin 2.0 Avapro 360 Ai?",
  "120": "Bitcoin 2.0 Avapro 360 Ai ir lietotnes versija, kas ietver hibrīda modeļus, kuros tirgotāji var izvēlēties starp automatizētu tirdzniecības izpildi vai manuālu tirdzniecības izpildi; iFex versija ir pieejama visiem tirgotājiem un neprasa papildu iestatīšanu vai izmaksas.",
  "121": "Kādas ir Bitcoin 360 Ai 2.0 Avapro likumības norādes?",
  "122": "Bitcoin 360 Ai 2.0 Avapro ir likumīgs kriptogrāfijas tirdzniecības app,",
  "123": "vairāki ļaunprātīgi lietotņu operatori izmanto mūsu vārdu un reputāciju,",
  "124": "bet jūs varat viegli nodrošināt, ka jūs varat reģistrēties ar pareizu app vienkārši pārbaudot, ka jūs reģistrējaties ar autentisku bitcoin360ai.com URL. Turklāt mēs no jums nekad nepieprasīsim nekādu maksu. Vienīgais maksājums, kas jums būs jāveic, ir jāfinansē jūsu tirdzniecības konts ar vienu no app atbalstošajiem brokeriem, un to jūs varat darīt tikai tad, kad jūtaties pietiekami pārliecināti, lai veiktu tirdzniecības tirdzniecību, savukārt citas ļaunprātīgas lietotnes pieprasīs avansa maksājumus.",
  "125": "Vai XBT lietotne 2.0 Avapro 360 Ai ir tāda pati kā BTC 360 Ai?",
  "126": "Jā, XBT lietotne 2.0 Avapro 360 Ai ir tāda pati kā Bitcoin 360 Ai. Mūsu lietotnē ir vairāki alternatīvi nosaukumi. Piemēram, dažos pasaules reģionos termins XBT ir populārāks par terminu “Bitcoin”, taču patiesībā abi termini ir vienādi.",
  "127": "Kas ir Bitcoin 360 Ai īpašnieks?",
  "128": "Pateicoties ieguldītāju līgumiem, mums ir. Pašlaik mēs nevaram publiskot savu investoru sarakstu. Tomēr mēs varam apstiprināt, ka mūsu investoru vidū ir Āzijas riska kapitāla uzņēmumi, kā arī atsevišķi augsta ranga kriptogrāfijas spēlētāji.",
  "129": "Vai XBT App 360 Ai ir regulēta?",
  "130": "Lielākajā daļā pasaules valstu kriptovalūtas netiek regulētas. Tāpēc nav oficiāla regulatora, kas regulētu lietotnes darbību. Tomēr kā ilgtermiņa vīzijas uzņēmums mēs pastāvīgi veicam pašregulācijas pasākumus, kas ietver cienījamu uzņēmumu veiktas revīzijas, kiberdrošības pārbaudes un stingrus “pazīsti savu klientu vai partneri” protokolus, lai nodrošinātu, ka mūsu piegādātāji, klienti un pakalpojumu sniedzēji strādā saskaņā ar normatīvajiem un profesionālajiem standartiem.",
  "131": "Kāda ir Bitcoin 350 Ai 2.0 Avapro cena?",
  "132": "Bitcoin 360 Ai 2.0 Avapro ir bezmaksas visiem mūsu dalībniekiem. Pašlaik mēs neiekasējam nekādu maksu vai komisijas maksu; mūsu biznesa modeļa vīzija ir izveidot ilgtermiņa attiecības ar mūsu kopienu. Vēlākā posmā mūsu lietotnes tiešraidē mēs ieviesīsim īpašas funkcijas, kas ļaus tirgotājiem, kuri ir ieinteresēti maksāt par to izmantošanu. Par cenu politikas izmaiņām mēs iepriekš informēsim visus savus klientus.",
  "133": "Nobeiguma vārdi",
  "134": "Mēs esam darbojušies jau kādu laiku un esam ieguvuši lielisku reputāciju savu lietotāju vidū. Daudzi no tiem, kuri ir guvuši labu peļņu, izmantojot mūsu lietotnes pakalpojumus, ir parastie cilvēki bez pieredzes kriptovalūtu tirdzniecībā.",
  "135": "Mēs uzskatām, ka labākais veids, kā tirgot kriptovalūtas, izmantojot jebkuru no mūsu versijām, ti, BTC, XBT, 2.0 Avapro App ir mācīties, kā to pareizi izmantot. Daudz informācijas par lietotni var atrast mūsu vietnē, tāpēc, pavadot nedaudz laika, varat sākt darbu. Mēs piedāvājam arī plašu bieži uzdoto jautājumu sadaļu, kurā atradīsiet atbildes uz visiem jautājumiem.",
  "136": "BTC, XBT un citu kripto monētu tirdzniecībā pastāv zināms risks, taču, ja tas tiek darīts pareizi, riskus var mazināt, un peļņas potenciāls var būt lielāks.",
  "137": "Bitcoin 360 AI un 2.0",
  "138": "Avapro versijas svarīgākie notikumi",
  "139": "Tirdzniecības platforma",
  "140": "Kripto",
  "141": "Platformas izmaksas",
  "142": "Nav izmaksu",
  "143": "Izstāšanās maksa",
  "144": "Bezmaksas",
  "145": "Platformas tips",
  "146": "Tīmekļa vietne, patentēta platforma, Google Android un Apple iOS",
  "147": "Noguldījuma iespēja",
  "148": "PayPal, Skrill, Neteller, UnionPay, Webmoney, Yandex, Visa, Mastercard, AMEX, Diners Club",
  "149": "Valstis",
  "150": "Visi – izņemot ASV",
  "151": "Mājas lapa",
  "152": "Pieslēgties",
  "153": "Par mums",
  "154": "Privātuma politika",
  "155": "Noteikumi un nosacījumi",
  "156": "Atruna",
  "157": "Sazinies ar mums",
  "158": "Bitcoin 360 AI pārskats",
  "159": "Brīdinājums par regulējumu un augsta riska investīcijām: Forex, CFD un kriptovalūtu tirdzniecība var radīt ievērojamu peļņu, taču tā ir saistīta arī ar zināmu risku un var nebūt piemērota visiem ieguldītājiem. Jums nevajadzētu spekulēt ar kapitālu, kuru nevarat atļauties zaudēt .mēs stingri iesakām pirms ieguldījuma veikšanas izlasīt mūsu NOTEIKUMUS un pilnu atrunu lapu Klientiem ir jāapzinās savas dzīvesvietas valsts individuālā kapitāla pieauguma nodokļa saistības Klienti ir jāinformē par saviem individuālajiem kapitāla pieauguma nodokļiem. ir pretrunā ar likumu aicināt ASV personas iegādāties un pārdot preču iespējas līgumus, pat ja tie tiek saukti par 'prognozēšanas līgumiem', ja vien tie nav iekļauti tirdzniecības sarakstā un tiek tirgoti CFTC reģistrētā biržā vai ja vien tie nav juridiski atbrīvoti. Jūsu datorā ir ievietotas sīkdatnes (COOKIES), lai uzlabotu jūsu pieredzi, apmeklējot šo tīmekļa vietni. Jūs jebkurā laikā varat mainīt sīkfailu iestatījumus savā datorā. Šīs tīmekļa vietnes izmantošana nozīmē, ka jūs piekrītat šīs tīmekļa vietnes ds PRIVĀTĪBAS POLITIKA."
}