{
  "1": "Bitcoin 360 Ai – Απλοποιημένη διαπραγμάτευση κρυπτογράφησης, συμπεριλαμβανομένης της έκδοσης BTC Avapro 2.0 Bot",
  "2": "Εγγραφείτε στο BTC 360 Ai σήμερα",
  "3": "Εγγραφείτε στο BTC 360 Ai σήμερα",
  "4": "Bitcoin 360 Ai",
  "5": "App",
  "6": "Τι είναι το Bitcoin 360 Ai;",
  "7": "Το",
  "8": "BTC 360 Ai",
  "9": "είναι μια εφαρμογή αυτόματης διαπραγμάτευσης με βάση τον AI-αλγόριθμο, η οποία ενεργοποιεί ειδοποιήσεις συναλλαγών όταν πληρούνται ορισμένα κριτήρια, έχει ένα μοναδικό φιλικό προς το χρήστη περιβάλλον που το καθιστά ελκυστικό τόσο για αρχάριους όσο και για προχωρημένους εμπόρους. Το Bitcoin Bot 360 Ai παρέχει ασφαλή, αλλά και εύκολα προσβάσιμη και φορητή πλατφόρμα συναλλαγών κρυπτογράφησης, γίνετε μέλος της αυξανόμενης κοινότητας των εμπόρων μας και ανακαλύψτε τις δυνατότητες του XBT και άλλων κρυπτονομισμάτων.",
  "10": "Εγγραφείτε με ασφάλεια",
  "11": "Bitcoin 360 AI 21",
  "12": "Είμαστε μια εφαρμογή ειδοποιήσεων ευκαιριών συναλλαγών κρυπτογράφησης",
  "13": "Το Bitcoin 360 Ai είναι ένα εργαλείο διαπραγμάτευσης κρυπτογράφησης που παρέχει ειδοποιήσεις για ευκαιρίες συναλλαγών με βάση αλγορίθμους που λειτουργούν με τη βοήθεια του Ai. Το όραμά μας είναι να γίνουμε η μεγαλύτερη πλατφόρμα για την κοινότητα των εμπόρων κρυπτογράφησης που υποστηρίζεται από τις κοινωνικές συναλλαγές της εφαρμογής μας και άλλες λειτουργίες που σχετίζονται με το εμπόριο πλήθους.",
  "14": "Bitcoin 360 AI 22",
  "15": "Παρουσιάζουμε την έκδοση Bit Avapro 2.0 Bot Auto-trading",
  "16": "Το Bit Avapro 2.0 Bot είναι μια έκδοση εφαρμογής που περιλαμβάνει δύο λειτουργίες συναλλαγών, μια πλήρως αυτόματη λειτουργία συναλλαγών και μια χειροκίνητη λειτουργία. Η αυτόματη διαπραγμάτευση εξουσιοδοτεί την εφαρμογή να εκτελεί όλες τις δραστηριότητες συναλλαγών χωρίς ανθρώπινη παρέμβαση, ενώ η χειροκίνητη λειτουργία δεν εκτελεί τις συναλλαγές, αλλά αντίθετα ειδοποιεί τους εμπόρους όταν οι ευκαιρίες συναλλαγών ενεργοποιούνται από τους αλγόριθμους Ai μας.",
  "17": "Bitcoin 360 AI 23",
  "18": "Χρησιμοποιούμε μοναδικούς αλγόριθμους Ai",
  "19": "Οι εξελιγμένοι αλγόριθμοι τεχνητής νοημοσύνης ενισχύουν τις στρατηγικές συναλλαγών Bitcoin 2.0 Avapro. Προκειμένου να παρέχει βέλτιστα αλλά και συντηρητικά αποτελέσματα, η εφαρμογή σαρώνει συνεχώς πάνω από 100 αγορές κρυπτογράφησης σε πραγματικό χρόνο, αναζητώντας ιστορικά αποδεδειγμένα μοτίβα και συσχετίσεις, προκειμένου να ενεργοποιεί ειδοποιήσεις για ποιοτικές ευκαιρίες συναλλαγών.",
  "20": "Bit 360 Ai – Φτιαγμένο για αρχάριους και έμπειρους εμπόρους κρυπτογράφησης",
  "21": "Το Bitcoin 360 Ai είναι μια απλουστευμένη σχεδιασμένη εφαρμογή, η οποία όμως περιλαμβάνει προηγμένα χαρακτηριστικά συναλλαγών που την καθιστούν κατάλληλη τόσο για αρχάριους όσο και για προχωρημένους εμπόρους.",
  "22": "Η κρυπτογράφηση κερδίζει ταχέως την αναγνώριση και την αναγνώριση, αφού διαπραγματεύεται για περισσότερο από μια δεκαετία τώρα και ως εκ τούτου προσελκύει όλους τους τύπους επενδυτών.Η ομάδα επενδυτών BTC Bot Ai 360 περιλαμβάνει όλα τα επίπεδα επενδυτών, η κοινότητά μας περιλαμβάνει πολύ εξειδικευμένους επενδυτές καθώς και αρχάριους που συναντούν την κρυπτογράφηση για πρώτη φορά.",
  "23": "Με την έκδοση Bitcoin Avapro 2.0, ο καθένας μπορεί να δημιουργήσει αυτοματοποιημένα, χειροκίνητα ή υβριδικά μοντέλα διαπραγμάτευσης κρυπτονομισμάτων χωρίς να έχει καμία προηγούμενη γνώση.",
  "24": "Οι συναλλασσόμενοι μπορούν να εκτελούν απεριόριστο αριθμό βραχυπρόθεσμων ή μακροπρόθεσμων συναλλαγών 24 ώρες την ημέρα. Αυτό τους επιτρέπει να μεγιστοποιήσουν τις δυνατότητες των αγορών κρυπτογράφησης και να έχουν περισσότερο χρόνο για να απολαύσουν την οικονομική τους ελευθερία και επιτυχία. Η εφαρμογή μπορεί να αυτοματοποιήσει τη σάρωση των αγορών και την εκτέλεση κερδοφόρων συναλλαγών σύμφωνα με τους κανόνες που έχει θέσει ο επενδυτής ή ο έμπορος.",
  "25": "Εγγραφείτε στο Bitcoin 360 Ai και γίνετε μέλος της κοινότητας των εμπόρων μας σήμερα",
  "26": "ΣΎΓΧΡΟΝΗ ΔΙΑΠΡΑΓΜΆΤΕΥΣΗ ALGO",
  "27": "Το BTC 360 Ai χρησιμοποιεί υπερσύγχρονες τεχνολογίες για να επιτύχει πλεονέκτημα εκτέλεσης συναλλαγών σε σχέση με άλλα bots συναλλαγών algo. Πρόκειται για μια από τις πιο υψηλής τεχνολογίας πλατφόρμες συναλλαγών που υπάρχουν, η οποία χρησιμοποιεί συνεχώς εξελιγμένους αλγόριθμους υπολογιστών για την παρακολούθηση και ανάλυση των αγορών για τις καλύτερες συνθήκες. Ως αποτέλεσμα, ο Ai μας διαθέτει συνεχώς βελτιστοποιημένο ιστορικό.",
  "28": "ΠΡΟΗΓΜΈΝΗ ΤΕΧΝΟΛΟΓΊΑ",
  "29": "Η BTC 2.0 Avapro Bot είναι μια κορυφαία εφαρμογή συναλλαγών κρυπτονομισμάτων, η οποία προσφέρει περισσότερα από 100 εμπορεύσιμα κρυπτογραφικά περιουσιακά στοιχεία. Είναι το πλήρες πακέτο. Είναι προσβάσιμο για όλα τα επίπεδα εμπειρίας και έχει διαισθητικό περιβάλλον εργασίας. Επιπλέον, βασίζεται σε ελέγχους αλγορίθμων ιστορικού αρχείου με στόχο την παραγωγή βέλτιστων ειδοποιήσεων συναλλαγών.",
  "30": "ΜΕ ΒΆΣΗ ΤΟ PREFOMANCED",
  "31": "Οι ενώσεις, οι έμποροι, οι χρηματιστές και τα μέλη εκτιμούν πολύ το BTC Bot 360 Ai λόγω του αποδεδειγμένου ιστορικού του και των υψηλών επιδόσεών του ακόμη και σε ακραίες συνθήκες της αγοράς. Επιπλέον, η υπηρεσία εξυπηρέτησης πελατών είναι διαθέσιμη 24 ώρες το 24ωρο, η ομάδα υποστήριξής μας θα απαντήσει σε γενικές ερωτήσεις ή θα παράσχει τεχνική βοήθεια.",
  "32": "ΕΓΓΡΑΦΕΊΤΕ ΔΩΡΕΆΝ",
  "33": "Πώς λειτουργεί το Bitcoin 360 Ai",
  "34": "ΕΓΓΡΑΦΕΊΤΕ ΔΩΡΕΆΝ",
  "35": "Η εγγραφή είναι εντελώς δωρεάν, απλά συμπληρώστε τη σύντομη φόρμα εγγραφής που βρίσκεται στην κορυφή αυτής της",
  "36": "Κ008",
  "37": "Απαιτούνται βασικές πληροφορίες, όπως το πλήρες ονοματεπώνυμο, η διεύθυνση ηλεκτρονικού ταχυδρομείου, ο αριθμός τηλεφώνου και η χώρα διαμονής σας. Μετά την αποδοχή της ηλεκτρονικής φόρμας, θα γίνετε μέλος της κοινότητας των εμπόρων μας. Μπορείτε να αρχίσετε αμέσως να χρησιμοποιείτε την εφαρμογή συναλλαγών κρυπτονομισμάτων μας.",
  "38": "ΕΝΕΡΓΟΠΟΊΗΣΗ ΛΟΓΑΡΙΑΣΜΟΎ",
  "39": "Μόλις εγγραφεί ο λογαριασμός συναλλαγών Bitcoin 2.0 Avapro, είστε έτοιμοι να ξεκινήσετε τις συναλλαγές και τις επενδύσεις. Το μόνο που χρειάζεται είναι να επενδύσετε 250 ευρώ σε έναν από τους υποστηρικτικούς χρηματιστές για να ξεκινήσετε να χρησιμοποιείτε την εφαρμογή. Σας ανήκουν όλα τα χρήματα που επενδύετε και όλα τα χρήματα που κερδίζετε. Τα κεφάλαια μπορούν να αποσυρθούν ή να επανεπενδυθούν σε εμπορικές δραστηριότητες. Μπορείτε να χρησιμοποιήσετε τα κεφάλαια από το λογαριασμό σας για να χρηματοδοτήσετε συναλλαγές κρυπτογράφησης.",
  "40": "ΕΜΠΟΡΙΟ CRYPTO",
  "41": "Μόλις ο λογαριασμός σας δημιουργηθεί και τα κεφάλαια είναι διαθέσιμα, μπορείτε να ξεκινήσετε την εκπαίδευση και τις συναλλαγές. Ο μεσίτης θα χειριστεί τα πάντα όσον αφορά τη σύνδεση της εφαρμογής μας με την πλατφόρμα εκτέλεσής τους. η εφαρμογή δεν σαρώνει μόνο την αγορά για πιθανές ευκαιρίες, αλλά μπορεί επίσης να εκτελέσει συναλλαγές για εσάς για να μεγιστοποιήσετε τις δυνατότητες του περιθωρίου κέρδους σας. Μπορείτε επίσης να μεταβείτε σε χειροκίνητη διαπραγμάτευση αν προτιμάτε περισσότερο έλεγχο των συναλλαγών σας.",
  "42": "Εγγραφείτε με ασφάλεια στο BTC 2.0 Avapro Bot τώρα",
  "43": "Bitcoin 360 Ai απάτη – App αντίγραφο προειδοποίηση προσοχή προειδοποίηση",
  "44": "Συναγερμός απάτης BTC 360 Ai",
  "45": "Bitcoin 360 Ai απάτη είναι ένα σενάριο όπου αναξιόπιστες πηγές που κάνουν αντίγραφα της εφαρμογής μας, δεδομένης της ανεξέλεγκτης φύσης των κρυπτονομισμάτων παγκοσμίως, λογισμικού και προϊόντων όπως οι εκδόσεις της εφαρμογής μας, συμπεριλαμβανομένης της Bitcoin Bot 2.0 στοχεύουν από τους κακοποιούς που αντιγράφουν την εφαρμογή μας σε διάφορες μορφές και σχήμα. Να είστε σίγουροι ότι επισκέπτεστε τώρα την επίσημη ιστοσελίδα",
  "46": ", η εγγραφή στην εφαρμογή μας είναι δωρεάν. Μόνο όταν αποφασίσετε να ξεκινήσετε τη δραστηριότητα συναλλαγών, θα χρειαστεί να χρηματοδοτήσετε το λογαριασμό σας σε έναν από τους τρίτους μεσίτες που υποστηρίζονται από εμάς, με τη συγκατάθεσή σας, θα διαβιβάσουμε τα στοιχεία επικοινωνίας σας σε έναν από τους μεσίτες που θα σας καθοδηγήσει και θα σας εξηγήσει σχετικά με τις διαδικασίες συναλλαγών καθώς και τις διαδικασίες ενεργοποίησης.",
  "47": "Μια ανεξάρτητη έκθεση για την εφαρμογή μας μπορείτε να βρείτε",
  "48": "εδώ",
  "49": "Επηρεάζεται η Bit Avapro 2.0 από τα πρόσφατα αρνητικά μέσα ενημέρωσης για τη βιομηχανία κρυπτογράφησης;",
  "50": "Απολύτως ΟΧΙ!",
  "51": "Το Bitcoin 360 Ai είναι μια νόμιμη, αξιόπιστη και έγκριτη εφαρμογή συναλλαγών κρυπτογράφησης, η οποία σχεδιάστηκε για να είναι απλή στη χρήση και να παρέχει εξαιρετικά αποτελέσματα. Μπορεί να χρησιμοποιηθεί ως αυτοματοποιημένη λειτουργία συναλλαγών, εξαλείφοντας τις ανθρώπινες αδυναμίες όπως η απειρία, τα συναισθήματα, ο χρόνος και η αναποφασιστικότητα. Το BTC Bot Ai 360 είναι κάτι περισσότερο από μια απλή εφαρμογή συναλλαγών, είναι στην πραγματικότητα μια κοινότητα όπου οι έμποροι μπορούν να μοιράζονται ιδέες και αποτελέσματα μεταξύ τους για να εκπαιδεύονται. Η εφαρμογή χρησιμοποιείται καθημερινά από αρχάριους και έμπειρους εμπόρους που πραγματικά επωφελούνται από αυτό οικονομικά",
  "52": "ΔΩΡΕΆΝ ΕΓΓΡΑΦΉ",
  "53": "Bitcoin Avapro Bot 2.0 Τεχνητή νοημοσύνη",
  "54": "Το BTC Avapro 2.0 είναι μια εφαρμογή τεχνητής νοημοσύνης που χρησιμοποιεί τις τελευταίες τεχνολογίες για να προωθήσει τις συναλλαγές σας σε κρυπτογράφηση με μεγαλύτερη εμπιστοσύνη και υψηλότερα περιθώρια κέρδους. Με τους αλγορίθμους αιχμής του, το λογισμικό παρέχει πληροφορίες και ανάλυση της αγοράς σε πραγματικό χρόνο, ώστε να μπορείτε να λαμβάνετε τεκμηριωμένες αποφάσεις εκτέλεσης συναλλαγών.",
  "55": "Το Avapro 360 Ai Bot ενημερώνεται συνεχώς με τα τελευταία χαρακτηριστικά της αγοράς, ώστε να έχετε πάντα τα πιο ενημερωμένα εργαλεία για να κάνετε τις βέλτιστες επενδύσεις. Θα είστε σε θέση να βλέπετε πώς λειτουργεί η αγορά σε πραγματικό χρόνο και να λαμβάνετε ανάλογες αποφάσεις. Τα δεδομένα αυτά είναι απαραίτητα για όσους επιθυμούν να επωφεληθούν από τις αγορές κρυπτογράφησης.",
  "56": "Αναλύοντας αυτά τα δεδομένα, μπορείτε να λαμβάνετε τεκμηριωμένες αποφάσεις σχετικά με το ποιο νόμισμα να αγοράσετε και να πουλήσετε και πότε να το κάνετε.",
  "57": "Βρείτε",
  "58": "εδώ",
  "59": "μερικές ακόμη χρήσιμες πληροφορίες για την τεχνητή νοημοσύνη στις αγορές κρυπτονομισμάτων",
  "60": "BTC Ai Avapro 360 λογαριασμός επίδειξης",
  "61": "Όταν συναλλάσσεστε στο χρηματιστήριο, είναι σημαντικό να γνωρίζετε πότε να αγοράζετε και πότε να πουλάτε. Αυτό μπορεί να σας βοηθήσει να μεγιστοποιήσετε τα κέρδη σας και να ελαχιστοποιήσετε τις απώλειές σας. Ένας τρόπος για να το εξασκήσετε αυτό είναι να χρησιμοποιήσετε έναν",
  "62": "λογαριασμό επίδειξης",
  "63": "Ένας λογαριασμός επίδειξης είναι ένας πολύ καλός τρόπος για να μάθετε για το χρηματιστήριο και τον τρόπο λειτουργίας του. Μπορείτε επίσης να χρησιμοποιήσετε το demo για να δοκιμάσετε νέες στρατηγικές.",
  "64": "Το Bitcoin 360 Ai demo είναι μια έκδοση εφαρμογής που χρησιμοποιείται για τη δοκιμή των αγορών σε οποιαδήποτε συσκευή που είναι συνδεδεμένη στο διαδίκτυο.",
  "65": "Αυτό περιλαμβάνει επιτραπέζιους υπολογιστές, ταμπλέτες και κινητές συσκευές, για τις οποίες δεν απαιτείται η λήψη της εφαρμογής.",
  "66": "Η εφαρμογή επίδειξης BTC 360 Ai είναι ένα περιβάλλον χωρίς κίνδυνο που προσομοιώνει τις πραγματικές συναλλαγές στην αγορά, στην έκδοση επίδειξης έχετε όλα τα οφέλη της εφαρμογής ζωντανών συναλλαγών, όπως: γρήγορη ανάλυση, ακριβή σήματα και αυτοματοποιημένες συναλλαγές.",
  "67": "Ακόμα και η χειροκίνητη λειτουργία συναλλαγών demo περιλαμβάνει όλα τα οφέλη και τα χαρακτηριστικά της ζωντανής εφαρμογής Bitcoin 360 Ai, αυτή η επιλογή χειροκίνητης διαπραγμάτευσης demo σας δίνει μεγαλύτερο έλεγχο στις συναλλαγές σας, αν θέλετε περισσότερη πρακτική στη λειτουργία demo πριν πάτε ζωντανά.",
  "68": "Ηνωμένο Βασίλειο App Bitcoin 360 Ai Martin Lewis αναφορές στα μέσα ενημέρωσης",
  "69": "Το Bitcoin 360 Ai είναι μια δημοφιλής εφαρμογή συναλλαγών κρυπτογράφησης που απέκτησε δημοτικότητα παγκοσμίως και, συγκεκριμένα, στο Ηνωμένο Βασίλειο, και ως εκ τούτου προσελκύει την κάλυψη των μέσων ενημέρωσης, τέτοιες αναφορές στα μέσα ενημέρωσης δημιουργούνται επίσης από καταχραστές που “καβαλικεύουν” τη φήμη γύρω από το όνομά μας με σκοπό να κερδίσουν επισκέπτες στις αντιγραμμένες ιστοσελίδες τους Bitcoin 360 Ai, μια από τις στρατηγικές τους είναι να χρησιμοποιούν τα ονόματα διασημοτήτων μαζί με το όνομα της εφαρμογής μας – το κάνουν αυτό για να κερδίσουν την εμπιστοσύνη των πελατών να εγγραφούν σε αυτούς. Πρόσφατα συναντήσαμε αναφορές στα μέσα ενημέρωσης του Ηνωμένου Βασιλείου σχετικά με την επένδυση του Martin Lewis στο Bitcoin 360 Ai. Θα θέλαμε να διευκρινίσουμε ότι ο εν λόγω Τύπος των μέσων ενημέρωσης σχετικά με τον Martin Lewis δεν δημοσιεύθηκε από εμάς και σε καμία περίπτωση δεν σχετίζεται με εμάς.",
  "70": "Όπως φαίνεται σε",
  "71": "αυτή την",
  "72": "αξιόπιστη έκθεση, οποιαδήποτε διαφήμιση που μιλάει για επενδύσεις που έκανε ο Matin Lewis στο Bitcoin 360 Ai και πιθανώς σε οποιαδήποτε άλλη εφαρμογή συναλλαγών κρυπτογράφησης είναι ψευδής.",
  "73": "Elon Musk Bitcoin 360 Ai κάλυψη από τα μέσα ενημέρωσης",
  "74": "Το BTC Ai Bot 2.0 είναι μια δημοφιλής εφαρμογή συναλλαγών κρυπτογραφικών περιουσιακών στοιχείων, η επιτυχία της εφαρμογής μας, η οποία δραστηριοποιείται στη θέση των κρυπτονομισμάτων – μια αβέβαιη ρυθμιστική θέση στα περισσότερα μέρη του κόσμου, είναι μια επιτυχία που προσελκύει τον Τύπο από όλα τα διαφορετικά είδη κομμάτων, δυστυχώς και από ορισμένους καταχραστές που χρησιμοποιούν το όνομά μας ανήθικα και παράνομα. Παρατηρήσαμε κάποια κάλυψη από τα μέσα μαζικής ενημέρωσης σχετικά με μια σύνδεση μεταξύ του Elon Musk και του Bitcoin 360 Ai – και θέλουμε να δηλώσουμε ότι ο Τύπος αυτός δεν προήλθε από εμάς και όσο και αν θα θέλαμε να αποκαλύψουμε τη λίστα των επενδυτών μας, δεν είμαστε σε θέση να το κάνουμε λόγω των συμφωνιών απορρήτου που έχουμε συνάψει. Θα θέλαμε να διευκρινίσουμε ότι δεν δημοσιεύθηκε από εμάς καμία δημοσιογραφική πληροφορία σχετικά με οποιαδήποτε σύνδεση μεταξύ του Elon Musk και του Bitcoin360ai.com και ότι δεν υπάρχει τέτοια σύνδεση.",
  "75": "Η υβριδική έκδοση Bit 2.0 Avapro της εφαρμογής μας Bit 2.0 Avapro για αυτόματη χειροκίνητη διαπραγμάτευση συνδυάζει χαρακτηριστικά χειροκίνητης και αυτόματης διαπραγμάτευσης που την κάνουν να ξεχωρίζει από τους ανταγωνιστές.",
  "76": "Bitcoin 360 Ai προεπιλογή και 2.0 Avapro App έκδοση κύρια χαρακτηριστικά",
  "77": "itcoin 360 Ai τιμή είναι μηδέν",
  "78": "Η τιμή του Bitcoin 360 Ai είναι μηδέν. Δεν υπάρχει τέλος εγγραφής, όλες οι δραστηριότητες διαπραγμάτευσης και η χρήση των λειτουργιών μας είναι εντελώς δωρεάν. θα κερδίσουμε τις αμοιβές μας από τη μελλοντική λειτουργία που θα εισαγάγουμε κατά τη διάρκεια του 2ου, 3ου τριμήνου του 2023.",
  "79": "Δεν υπάρχει υποχρεωτική λήψη",
  "80": "Η διαδικτυακή έκδοση του BTC 2.0 Avapro 360 Ai δεν απαιτεί εγκατάσταση ή λήψη, επειδή πρόκειται για μια διαδικτυακή πλατφόρμα που μπορεί να χρησιμοποιηθεί από οποιοδήποτε πρόγραμμα περιήγησης συνδεδεμένο στο διαδίκτυο και από οποιαδήποτε συσκευή ή τοποθεσία.",
  "81": "Bitcoin 360 Ai εγγραφή χωρίς ταλαιπωρία",
  "82": "Είναι εύκολο και γρήγορο να εγγραφείτε στο Bitcoin 360 Ai. Η διαδικασία εγγραφής είναι εύκολη και γρήγορη, και μόλις γίνει, θα μπορείτε να το συνδέσετε με έναν από τους μεσίτες όπου μπορείτε να εκτελέσετε τις συναλλαγές.",
  "83": "Γρήγορη",
  "84": "&",
  "85": "εύκολη επαλήθευση",
  "86": "Το Bitcoin 360 Ai καθιστά εύκολη και ασφαλή την επαλήθευση του λογαριασμού σας. Κατά την εγγραφή, με τη συγκατάθεσή σας, θα μεταφέρουμε τα στοιχεία επικοινωνίας σας σε έναν από τους υποστηρικτικούς μεσίτες, ο οποίος θα επικοινωνήσει μαζί σας για να επαληθεύσει και να ενεργοποιήσει τον λογαριασμό συναλλαγών σας.",
  "87": "Φιλική προς το χρήστη διεπαφή",
  "88": "Η πλατφόρμα αυτόματης διαπραγμάτευσης Bitcoin 360 Ai διαθέτει ένα πολύ διαισθητικό περιβάλλον εργασίας και είναι εύκολη στη χρήση. Δημιουργήθηκε με σκοπό την υποστήριξη των άπειρων επαγγελματιών. Ως αποτέλεσμα, η εφαρμογή είναι εύχρηστη αλλά περιλαμβάνει προηγμένες λειτουργίες συναλλαγών.",
  "89": "Ελάχιστα απαιτούμενα κεφάλαια",
  "90": "Η απαίτηση αρχικής κατάθεσης με τους περισσότερους από τους μεσίτες που υποστηρίζουν την εφαρμογή μας είναι 250 ευρώ. Αυτό το ποσό θα χρησιμοποιηθεί μόνο για τη χρηματοδότηση συναλλαγών και όχι για τα τέλη της εφαρμογής, τα οποία είναι επί του παρόντος εντελώς δωρεάν.",
  "91": "Επιλογή πολλαπλών περιουσιακών στοιχείων",
  "92": "Με τη χρήση της εφαρμογής μας, μπορείτε να λαμβάνετε ειδοποιήσεις ευκαιριών συναλλαγών σε νομίσματα, μετοχές, εμπορεύματα και πολλαπλά κρυπτονομίσματα (Bitcoin Cash, XBT, Ethereum Monero, Ripple και Dash), αυτή η λειτουργία είναι διαθέσιμη σε όλα τα μέλη του BTC 360 Ai.",
  "93": "Bitcoin 360 Ai reddit και άλλες κοινότητες",
  "94": "Τα μέλη του Bitcoin 360 Ai μετατρέπονται σε μια κοινότητα που κάνει καταιγισμό ιδεών, μοιράζεται ιδέες ή απλά μιλάει για γενικό θέμα ζωής σε πλατφόρμες όπως το reddit, το discord και άλλες. καθώς το έργο μας αναπτύσσεται, θα διαχειριζόμαστε τέτοια κανάλια κοινοτήτων και θα ενθαρρύνουμε τις συνομιλίες μεταξύ των μελών μας.",
  "95": "Αποδοτικότητα του χρόνου για τις εκδόσεις νέων χαρακτηριστικών",
  "96": "Τα μέλη του Bitcoin Bot 360 Ai είναι πάντα ένα βήμα μπροστά!. Αυτό είναι μόνο ένα από τα πολλά πλεονεκτήματα που δίνουν στο λογισμικό το πλεονέκτημα και την ικανότητα να επιτυγχάνει τόσο μεγάλη δημοτικότητα παγκοσμίως.",
  "97": "Συντηρητικές ρυθμίσεις ή ρυθμίσεις υψηλότερου κινδύνου",
  "98": "Το Bitcoin 360 Ai έχει σχεδιαστεί για να εντοπίζει πιθανές ευκαιρίες συναλλαγών και να τις μετατρέπει σε σήματα συναλλαγών. Η εφαρμογή σάς επιτρέπει να ορίσετε το επίπεδο κινδύνου των ειδοποιήσεων, πράγμα που σημαίνει ότι κάθε έμπορος μπορεί να προσαρμόσει τα χαρακτηριστικά της εφαρμογής με βάση την ατομική του διάθεση ανάληψης κινδύνου.",
  "99": "Εύκολη και ασφαλής πληρωμή και πληρωμές",
  "100": "Για τη χρηματοδότηση και την ανάληψη του λογαριασμού σας 2.0 Avapro 360 Ai supportive broker, μπορείτε να χρησιμοποιήσετε μια πιστωτική ή χρεωστική κάρτα, μεταφορές χρημάτων, τραπεζικά εμβάσματα, ακόμη και οποιαδήποτε ηλεκτρονικά πορτοφόλια. Οποιαδήποτε ανάληψη θα καταβληθεί πίσω στην αρχική μέθοδο πληρωμής που χρησιμοποιήσατε για την αρχική χρηματοδότηση του λογαριασμού σας.",
  "101": "Αυστηρή ασφάλεια δεδομένων",
  "102": "Όλα τα οικονομικά σας στοιχεία, οι προσωπικές σας πληροφορίες και οι συναλλαγές σας φυλάσσονται αυστηρά σε ασφαλές περιβάλλον. Η ασφάλειά σας είναι η φήμη μας, και αποτελεί ύψιστη προτεραιότητά μας να διατηρούμε τις πληροφορίες σας στα υψηλότερα πρότυπα ασφαλείας.",
  "103": "Λογαριασμός επίδειξης BTC 360 Ai",
  "104": "Μπορείτε να δοκιμάσετε τους κανόνες που επιλέξατε με τον Bitcoin 360 Ai Demo Account και να εξασκήσετε τις δεξιότητές σας χωρίς κίνδυνο. Αφού είστε έμπειροι στις συναλλαγές επίδειξης, μπορείτε να ξεκινήσετε πραγματικές συναλλαγές.",
  "105": "Σύγχρονη λειτουργία Backtesting",
  "106": "Η λειτουργία Backtesting στην εφαρμογή Bitcoin Bot 360 Ai versoin σας επιτρέπει να δοκιμάζετε τις στρατηγικές συναλλαγών σας σε παρελθοντικές συνθήκες της αγοράς. Αυτό θα σας επιτρέψει να τροποποιήσετε και να βελτιστοποιήσετε τις ρυθμίσεις σας ανά πάσα στιγμή.",
  "107": "Ευέλικτη προσαρμογή",
  "108": "Το Bitcoin 360 Ai προσφέρει πολλούς τρόπους συναλλαγών και μεταβλητές που μπορούν να προσαρμοστούν. Αυτό επιτρέπει τη μέγιστη δυνατή προσαρμογή στις προτιμήσεις των συναλλαγών σας.",
  "109": "Υποστήριξη πελατών 24/7",
  "110": "Η επιτυχία, η άνεση και η ικανοποίηση των πελατών και των πελατών μας είναι η ύψιστη προτεραιότητά μας. Γι’ αυτό το λόγο διαθέτουμε εκπροσώπους εξυπηρέτησης πελατών που είναι διαθέσιμοι 24 ώρες το 24ωρο για να σας βοηθήσουν.",
  "111": "ΕΓΓΡΑΦΕΙΤΕ ΤΩΡΑ",
  "112": "Γνώστες πόρων",
  "113": "Το Bitcoin Bot 360 Ai θέλει να έχετε όλους τους εκπαιδευτικούς πόρους που χρειάζεστε σε ένα μέρος.",
  "114": "Αυτό θα σας επιτρέψει να ενημερώνεστε για τις τελευταίες ειδήσεις και τάσεις, να εκπαιδεύεστε, να αποκτάτε τις γνώσεις και τα εργαλεία που χρειάζεστε για να επιτύχετε στην αγορά ψηφιακών περιουσιακών στοιχείων και να μεγιστοποιήσετε τις δυνατότητες κερδοφορίας σας.",
  "115": "Γίνετε μέλος της κοινότητάς μας και μάθετε περισσότερα για την ιστορία της αγοράς, στρατηγικές και συμβουλές συναλλαγών, εξόρυξη κρυπτονομισμάτων, λεπτομερείς οδηγούς και άλλες χρήσιμες πληροφορίες.",
  "116": "ΣΥΧΝΈΣ ΕΡΩΤΉΣΕΙΣ",
  "117": "Τι είναι το Bitcoin 360 Ai;",
  "118": "Το Bitcoin 360 Ai είναι μια εφαρμογή κρυπτογραφικών συναλλαγών Ai που παράγει ειδοποιήσεις ευκαιριών συναλλαγών που τροφοδοτούνται από αλγόριθμους που σαρώνουν τις ζωντανές κινήσεις της αγοράς σε αναζήτηση μοτίβων και συσχετίσεων και τις συγκρίνουν με ιστορικές σαρώσεις back-testing, έτσι ώστε όταν πληρούνται ορισμένες προϋποθέσεις – μια ειδοποίηση ευκαιρίας συναλλαγών ενεργοποιείται στο front-end της εφαρμογής.",
  "119": "Τι είναι το Bitcoin 2.0 Avapro 360 Ai;",
  "120": "Το Bitcoin 2.0 Avapro 360 Ai είναι μια έκδοση εφαρμογής που περιλαμβάνει υβριδικά μοντέλα στα οποία οι έμποροι μπορούν να επιλέξουν μεταξύ αυτοματοποιημένης εκτέλεσης συναλλαγών ή χειροκίνητης εκτέλεσης συναλλαγών.Η έκδοση iFex είναι διαθέσιμη σε όλους τους εμπόρους και δεν απαιτεί πρόσθετη ρύθμιση ή κόστος.",
  "121": "Ποιες είναι οι ενδείξεις νομιμότητας Bitcoin 360 Ai 2.0 Avapro;",
  "122": "Το Bitcoin 360 Ai 2.0 Avapro είναι μια νόμιμη εφαρμογή συναλλαγών κρυπτογράφησης,",
  "123": "αρκετοί καταχρηστικοί φορείς εκμετάλλευσης εφαρμογών εκμεταλλεύονται το όνομα και τη φήμη μας,",
  "124": "αλλά μπορείτε εύκολα να διασφαλίσετε ότι εγγράφεστε στη σωστή εφαρμογή απλά ελέγχοντας ότι εγγράφεστε στην αυθεντική διεύθυνση URL bitcoin360ai.com. Επιπλέον, δεν θα σας ζητήσουμε ποτέ καμία αμοιβή. Η μόνη πληρωμή που θα χρειαστεί να κάνετε είναι να χρηματοδοτήσετε το λογαριασμό συναλλαγών σας σε έναν από τους μεσίτες που υποστηρίζουν την εφαρμογή, και μπορείτε να το κάνετε αυτό μόνο όταν αισθάνεστε αρκετά σίγουροι για να κάνετε συναλλαγές, ενώ άλλες καταχρηστικές εφαρμογές απαιτούν προκαταβολικές πληρωμές.",
  "125": "Είναι το XBT App 2.0 Avapro 360 Ai το ίδιο με το BTC 360 Ai;",
  "126": "Ναι, το XBT App 2.0 Avapro 360 Ai είναι το ίδιο με το Bitcoin 360 Ai. Η εφαρμογή μας περιλαμβάνει διάφορα εναλλακτικά ονόματα. Για παράδειγμα, σε ορισμένες περιοχές του κόσμου, ο όρος XBT είναι πιο δημοφιλής από τον όρο “Bitcoin”, αλλά και οι δύο όροι είναι στην πραγματικότητα το ίδιο.",
  "127": "Ποιος είναι ο ιδιοκτήτης του Bitcoin 360 Ai;",
  "128": "Λόγω των συμφωνιών με τους επενδυτές, έχουμε σε ισχύ. Προς το παρόν δεν μπορούμε να δημοσιοποιήσουμε τον κατάλογο των επενδυτών μας. Ωστόσο, μπορούμε να επιβεβαιώσουμε ότι οι επενδυτές μας περιλαμβάνουν εταιρείες VC από την Ασία, καθώς και μεμονωμένους παίκτες κρυπτογράφησης υψηλού επιπέδου.",
  "129": "Ρυθμίζεται η XBT App 360 Ai;",
  "130": "Τα κρυπτονομίσματα δεν ρυθμίζονται στα περισσότερα μέρη του κόσμου. Ως εκ τούτου, δεν υπάρχει επίσημη ρυθμιστική αρχή για τη δραστηριότητα της εφαρμογής. Ωστόσο, ως εταιρεία με μακροπρόθεσμο όραμα, διεξάγουμε συνεχείς δράσεις αυτορρύθμισης, οι οποίες περιλαμβάνουν ελέγχους από αξιόπιστες εταιρείες, ελέγχους ασφάλειας στον κυβερνοχώρο και αυστηρά πρωτόκολλα “γνωρίζεις τον πελάτη ή τον συνεργάτη σου” για να διασφαλίσουμε ότι οι προμηθευτές, οι πελάτες και οι πάροχοι υπηρεσιών μας εργάζονται σύμφωνα με τα κανονιστικά και επαγγελματικά πρότυπα.",
  "131": "Ποια είναι η τιμή του Bitcoin 350 Ai 2.0 Avapro;",
  "132": "Το Bitcoin 360 Ai 2.0 Avapro είναι δωρεάν για όλα τα μέλη μας. Προς το παρόν δεν χρεώνουμε καμία αμοιβή ή προμήθεια- το όραμα του επιχειρηματικού μας μοντέλου είναι να δημιουργήσουμε μια μακροχρόνια σχέση με την κοινότητά μας. Σε μεταγενέστερο στάδιο της εφαρμογής μας, θα εισαγάγουμε ειδικά χαρακτηριστικά που θα επιτρέψουν στους συναλλασσόμενους που ενδιαφέρονται να πληρώνουν για τη χρήση τους. Θα ενημερώνουμε όλους τους πελάτες μας εκ των προτέρων για τις αλλαγές στην τιμολογιακή πολιτική.",
  "133": "Τελευταία λόγια",
  "134": "Υπάρχουμε εδώ και αρκετό καιρό και έχουμε αποκτήσει εξαιρετική φήμη μεταξύ των χρηστών μας. Πολλοί από αυτούς που έχουν βγάλει καλά περιθώρια κέρδους χρησιμοποιώντας τις υπηρεσίες της εφαρμογής μας είναι απλοί άνθρωποι χωρίς εμπειρία στις συναλλαγές κρυπτονομισμάτων.",
  "135": "Πιστεύουμε ότι ο καλύτερος τρόπος για να εμπορεύεστε κρυπτονομίσματα χρησιμοποιώντας οποιαδήποτε από τις εκδόσεις μας, δηλαδή BTC, XBT, 2.0 Avapro App, είναι να μάθετε πώς να το χρησιμοποιείτε σωστά. Μπορείτε να βρείτε πολλές πληροφορίες σχετικά με την εφαρμογή στον ιστότοπό μας, οπότε αφιερώστε λίγο χρόνο για να την περιηγηθείτε και να ξεκινήσετε. Προσφέρουμε επίσης μια εκτεταμένη ενότητα Συχνών Ερωτήσεων όπου θα βρείτε απαντήσεις σε οποιεσδήποτε ερωτήσεις.",
  "136": "Η διαπραγμάτευση BTC, XBT και άλλων κρυπτονομισμάτων ενέχει κάποιο ρίσκο, αλλά αν γίνει σωστά, οι κίνδυνοι μπορούν να μετριαστούν και το περιθώριο κέρδους μπορεί να είναι υψηλότερο.",
  "137": "Bitcoin 360 AI & 2.0",
  "138": "Avapro Έκδοση Highlights",
  "139": "Πλατφόρμα συναλλαγών",
  "140": "Crypto",
  "141": "Κόστος πλατφόρμας",
  "142": "Χωρίς κόστος",
  "143": "Τέλος απόσυρσης",
  "144": "Δωρεάν",
  "145": "Τύπος πλατφόρμας",
  "146": "Web-based, ιδιόκτητη πλατφόρμα, Android της Google και iOS της Apple",
  "147": "Επιλογή κατάθεσης",
  "148": "PayPal, Skrill, Neteller, UnionPay, Webmoney, Yandex, Visa, Mastercard, AMEX, Diners Club",
  "149": "Χώρες",
  "150": "Όλα – εκτός από τις ΗΠΑ",
  "151": "Αρχική σελίδα",
  "152": "Σύνδεση",
  "153": "Σχετικά με εμάς",
  "154": "Πολιτική απορρήτου",
  "155": "Οροι και Προϋποθέσεις",
  "156": "Αποποίηση ευθυνών",
  "157": "Επικοινωνήστε μαζί μας",
  "158": "Bitcoin 360 AI – Kριτική",
  "159": "ΡΥΘΜΙΣΗ ΚΑΙ ΕΠΕΝΔΥΣΗ ΥΨΗΛΟΥ ΚΙΝΔΥΝΟΥ ΠΡΟΕΙΔΟΠΟΙΗΣΗ: Η διαπραγμάτευση Forex, CFDs και κρυπτονομισμάτων μπορεί να αποφέρει σημαντικά κέρδη, αλλά ενέχει επίσης ένα επίπεδο κινδύνου και μπορεί να μην είναι κατάλληλη για όλους τους επενδυτές. Δεν θα πρέπει να κερδοσκοπείτε με κεφάλαια που δεν έχετε την πολυτέλεια να χάσετε.Σας συνιστούμε να διαβάσετε τους ΟΡΟΥΣ ΚΑΙ ΠΡΟΫΠΟΘΕΣΕΙΣ μας και την πλήρη σελίδα ΑΠΟΠΟΙΗΣΗ ΕΥΘΥΝΗΣ πριν κάνετε οποιαδήποτε επένδυση.Οι πελάτες θα πρέπει να γνωρίζουν την ατομική τους φορολογική υποχρέωση για τα κεφαλαιακά κέρδη στη χώρα διαμονής τους.Είναι παράνομο να προτρέπετε άτομα στις ΗΠΑ να αγοράζουν και να πωλούν δικαιώματα προαίρεσης επί εμπορευμάτων, ακόμη και αν ονομάζονται 'συμβόλαια πρόβλεψης', εκτός αν είναι εισηγμένα προς διαπραγμάτευση και διαπραγματεύονται σε χρηματιστήριο που έχει εγγραφεί από την CFTC, ή εκτός αν απαλλάσσονται νομικά. Έχουμε τοποθετήσει COOKIES στον υπολογιστή σας για να βελτιώσουμε την εμπειρία σας όταν επισκέπτεστε αυτόν τον ιστότοπο. Μπορείτε να αλλάξετε τις ρυθμίσεις των cookies στον υπολογιστή σας ανά πάσα στιγμή. Η χρήση αυτού του δικτυακού τόπου υποδηλώνει την αποδοχή από εσάς της ΠΟΛΙΤΙΚΗΣ ΠΡΟΣΤΑΣΙΑΣ ΠΡΟΣΩΠΙΚΩΝ ΔΕΔΟΜΕΝΩΝ αυτού του δικτυακού τόπου."
}