{
  "1": "Bitcoin 360 Ai – Zjednodušené obchodovanie s kryptomenami vrátane verzie BTC Avapro 2.0 Bot",
  "2": "Pripojte sa k BTC 360 Ai ešte dnes",
  "3": "Dobrý deň, sme",
  "4": "Bitcoin 360 Ai",
  "5": "App",
  "6": "Čo je Bitcoin 360 Ai?",
  "7": "",
  "8": "BTC 360 Ai",
  "9": "je automatická obchodná aplikácia poháňaná AI-algoritmom, ktorá spúšťa obchodné upozornenia, keď sú splnené určité kritériá, má jedinečné užívateľsky prívetivé rozhranie, ktoré ho robí atraktívnym pre začiatočníkov aj pokročilých obchodníkov. Bitcoin Bot 360 Ai poskytuje zabezpečenú, ale zároveň ľahko dostupnú a prenosnú platformu na obchodovanie s kryptomenami, pripojte sa k našej rastúcej komunite obchodníkov a objavte potenciál XBT a ďalších kryptomien.",
  "10": "Bezpečná registrácia",
  "11": "Bitcoin 360 AI 21",
  "12": "Sme Crypto obchodné príležitosti upozornenia App",
  "13": "Bitcoin 360 Ai je nástroj na obchodovanie s kryptomenami, ktorý poskytuje upozornenia na obchodné príležitosti založené na algoritmoch Ai. Našou víziou je stať sa najväčšou platformou pre komunitu obchodníkov s kryptomenami, ktorú podporuje sociálne obchodovanie v našej aplikácii a ďalšie funkcie súvisiace s davovým obchodovaním.",
  "14": "Bitcoin 360 AI 22",
  "15": "Predstavujeme verziu Bit Avapro 2.0 Bot Auto-trading",
  "16": "Bit Avapro 2.0 Bot je verzia aplikácie, ktorá obsahuje dva obchodné režimy, plne automatický obchodný režim a manuálny režim. Automatické obchodovanie oprávňuje aplikáciu vykonávať všetky obchodné činnosti bez ľudského zásahu, zatiaľ čo manuálny režim nevykonáva obchody, ale namiesto toho upozorňuje obchodníkov, keď sú obchodné príležitosti spustené našimi algoritmami Ai.",
  "17": "Bitcoin 360 AI 23",
  "18": "Používame jedinečné algoritmy Ai",
  "19": "Sofistikované algoritmy umelej inteligencie posilňujú obchodné stratégie Bitcoin 2.0 Avapro. S cieľom poskytovať optimálne, ale zároveň konzervatívne výsledky aplikácia neustále skenuje viac ako 100 kryptografických trhov v reálnom čase a hľadá historicky overené vzory a korelácie, aby spustila upozornenia na kvalitné obchodné príležitosti.",
  "20": "Bit 360 Ai – Vytvorené pre začiatočníkov aj skúsených obchodníkov s kryptomenami",
  "21": "Bitcoin 360 Ai je zjednodušená aplikácia, ktorá však obsahuje pokročilé obchodné funkcie, vďaka ktorým je vhodná pre začiatočníkov aj pokročilých obchodníkov.",
  "22": "Krypto rýchlo získava uznanie a uznanie, keďže sa s ním obchoduje už viac ako desať rokov, a preto priťahuje všetky typy investorov; skupina investorov BTC Bot Ai 360 zahŕňa všetky úrovne investorov, naša komunita zahŕňa vysoko kvalifikovaných investorov, ako aj nováčikov, ktorí sa s obchodovaním s kryptomenami stretli po prvýkrát.",
  "23": "S našou verziou Bitcoin Avapro 2.0 môže ktokoľvek vytvárať automatizované, manuálne alebo hybridné modely obchodovania s kryptomenami bez akýchkoľvek predchádzajúcich znalostí.",
  "24": "Obchodníci môžu vykonávať neobmedzené množstvo krátkodobých alebo dlhodobých obchodov 24 hodín denne. To im umožňuje maximalizovať potenciál kryptografických trhov a mať viac času na užívanie si finančnej slobody a úspechu. Aplikácia dokáže automatizovať skenovanie trhov a vykonávanie ziskových obchodov podľa nastavených pravidiel investora alebo obchodníka.",
  "25": "Zaregistrujte sa v našej Bitcoin 360 Ai a pripojte sa k našej komunite obchodníkov ešte dnes",
  "26": "MODERNÉ ALGO OBCHODOVANIE",
  "27": "BTC 360 Ai využíva ultramoderné technológie na dosiahnutie výhody pri vykonávaní obchodov oproti iným obchodným botom algo. Ide o jednu z technologicky najvyspelejších obchodných platforiem, ktorá nepretržite využíva sofistikované počítačové algoritmy na monitorovanie a analýzu trhov pre najlepšie podmienky. Vďaka tomu sa náš Ai môže pochváliť neustále optimalizovanými výsledkami.",
  "28": "POKROČILÁ TECHNOLÓGIA",
  "29": "BTC 2.0 Avapro Bot je popredná aplikácia na obchodovanie s kryptomenami, ktorá ponúka viac ako 100 obchodovateľných kryptoaktív. Je to kompletný balík. Je prístupný pre všetky úrovne skúseností a má intuitívne rozhranie. Okrem toho je založený na kontrole algoritmov historických záznamov s cieľom vytvárať optimálne obchodné upozornenia.",
  "30": "NA ZÁKLADE PREFOMANCIE",
  "31": "Asociácie, obchodníci, makléri a členovia majú BTC Bot 360 Ai vysoko hodnotený vďaka jeho osvedčeným výsledkom a vysokej výkonnosti aj v extrémnych trhových podmienkach. Okrem toho je zákaznícky servis k dispozícii 24 hodín denne, 7 dní v týždni a náš tím podpory vám odpovie na všeobecné otázky alebo poskytne technickú pomoc.",
  "32": "BEZPLATNE SA ZAREGISTROVAŤ",
  "33": "Ako funguje Bitcoin 360 Ai",
  "34": "BEZPLATNE SA PRIHLÁSIŤ",
  "35": "Registrácia je úplne bezplatná, stačí vyplniť náš krátky registračný formulár, ktorý sa nachádza v hornej časti tejto stránky",
  "36": "Bitcoin Avapro 2.0 homepage",
  "37": "Vyžadujú sa základné informácie vrátane vášho celého zákonného mena, e-mailovej adresy, telefónneho čísla a krajiny pobytu. Po prijatí online formulára sa stanete členom našej komunity obchodníkov. Okamžite môžete začať používať našu aplikáciu na obchodovanie s kryptomenami.",
  "38": "AKTIVÁCIA ÚČTU",
  "39": "Hneď po zaregistrovaní obchodného účtu Bitcoin 2.0 Avapro môžete začať obchodovať a investovať. Na to, aby ste mohli začať používať aplikáciu, stačí investovať 250 EUR u jedného z podporných maklérov. Všetky peniaze, ktoré investujete, a všetky peniaze, ktoré získate, patria vám. Finančné prostriedky je možné vybrať alebo reinvestovať do obchodných činností. Finančné prostriedky z účtu môžete použiť na financovanie obchodovania s kryptomenami.",
  "40": "TRADE CRYPTO",
  "41": "Po zriadení účtu a získaní dostupných prostriedkov môžete začať trénovať a obchodovať. Maklér sa postará o všetko, čo sa týka prepojenia našej aplikácie s jeho exekučnou platformou. Aplikácia nielen skenuje trh pre pravdepodobné príležitosti, ale môže tiež vykonávať obchody pre vás maximalizovať svoje marže potenciály. Ak uprednostňujete väčšiu kontrolu nad svojimi obchodmi, môžete prejsť aj na manuálne obchodovanie.",
  "42": "Bezpečne sa zaregistrujte do BTC 2.0 Avapro Bot",
  "43": "Bitcoin 360 Ai scam – Upozornenie na kopírovanie aplikácií",
  "44": "BTC 360 Ai upozornenie na podvod",
  "45": "Bitcoin 360 Ai scam je scenár, v ktorom nespoľahlivé zdroje vytvárajú kópie našej aplikácie, vzhľadom na neregulovanú povahu kryptomien na celom svete, softvér a produkty, ako sú naše verzie aplikácie vrátane Bitcoin Bot 2.0, sú cieľom zneužívateľov, ktorí kopírujú našu aplikáciu v rôznych formách a tvare. Uisťujeme vás, že teraz navštevujete oficiálne webové stránky",
  "46": ", registrácia v našej aplikácii je bezplatná. Až keď sa rozhodnete začať obchodovať, budete musieť financovať svoj účet u jedného z našich maklérov podporovaných tretími stranami, po vašom súhlase odovzdáme vaše kontaktné údaje jednému z maklérov, ktorý vás bude informovať a vysvetlí vám postupy obchodovania a aktivácie.",
  "47": "Nezávislú správu o našej aplikácii nájdete",
  "48": "tu",
  "49": "Ovplyvnili Bit Avapro 2.0 nedávne negatívne médiá o kryptografickom priemysle?",
  "50": "Rozhodne NIE!",
  "51": "Bitcoin 360 Ai je legitímna, spoľahlivá a seriózna aplikácia na obchodovanie s kryptomenami, ktorá bola navrhnutá tak, aby bola jednoduchá na používanie a zároveň prinášala výnimočné výsledky. Môže sa používať ako automatický obchodný režim, ktorý eliminuje ľudské slabiny, ako sú neskúsenosť, emócie, čas a nerozhodnosť. BTC Bot Ai 360 je viac ako len obchodná aplikácia, je to vlastne komunita, v ktorej sa obchodníci môžu navzájom deliť o nápady a výsledky a vzdelávať sa. Aplikáciu denne používajú nováčikovia a skúsení obchodníci, ktorí z nej skutočne finančne profitujú",
  "52": "BEZPLATNÁ REGISTRÁCIA",
  "53": "Bitcoin Avapro Bot 2.0 Umelá inteligencia",
  "54": "BTC Avapro 2.0 je aplikácia poháňaná umelou inteligenciou, ktorá využíva najnovšie technológie, aby posunula vaše obchodovanie s kryptomenami s väčšou dôverou a vyšším potenciálom marží. Vďaka špičkovým algoritmom poskytuje softvér prehľad a analýzu trhu v reálnom čase, takže môžete prijímať informované rozhodnutia o realizácii obchodov.",
  "55": "Avapro 360 Ai Bot je neustále aktualizovaný o najnovšie funkcie na trhu, takže budete mať vždy k dispozícii najaktuálnejšie nástroje na optimálne investovanie. Budete mať prehľad o tom, ako sa trh vyvíja v reálnom čase, a podľa toho sa budete môcť rozhodovať. Tieto údaje sú nevyhnutné pre každého, kto chce profitovať na kryptografických trhoch.",
  "56": "Analýzou týchto údajov môžete prijímať informované rozhodnutia o tom, ktoré mince kúpiť a predať a kedy tak urobiť.",
  "57": "Na",
  "58": "tomto mieste",
  "59": "nájdete ďalšie užitočné informácie o umelej inteligencii na trhoch s kryptomenami",
  "60": "BTC Ai Avapro 360 demo účet",
  "61": "Pri obchodovaní na akciovom trhu je dôležité vedieť, kedy nakupovať a predávať. To vám pomôže maximalizovať zisky a minimalizovať straty. Jedným zo spôsobov, ako si to precvičiť, je použiť",
  "62": "demo účet",
  "63": "Demo účet je skvelý spôsob, ako sa dozvedieť o akciovom trhu a jeho fungovaní. Demo môžete použiť aj na testovanie nových stratégií.",
  "64": "Bitcoin 360 Ai demo je verzia aplikácie, ktorá sa používa na testovanie trhov na akomkoľvek zariadení pripojenom k internetu.",
  "65": "Bitcoin 360 Ai demo je verzia aplikácie, ktorá sa používa na testovanie trhov na akomkoľvek zariadení pripojenom k internetu.",
  "66": "Demo aplikácia BTC 360 Ai je bezrizikové prostredie, ktoré simuluje reálne obchodovanie na trhu.V demo verzii získate všetky výhody reálnej obchodnej aplikácie, ako napríklad: rýchlu analýzu, presné signály a automatické obchody.",
  "67": "Dokonca aj manuálny režim obchodovania demo obsahuje všetky výhody a funkcie živej aplikácie Bitcoin 360 Ai, táto možnosť manuálneho obchodovania demo vám dáva väčšiu kontrolu nad vašimi obchodmi, ak chcete viac praxe v demo režime pred tým, ako pôjdete naživo.",
  "68": "UK App Bitcoin 360 Ai Martin Lewis mediálne odkazy",
  "69": "Bitcoin 360 Ai je populárna aplikácia na obchodovanie s kryptomenami, ktorá si získala popularitu na celom svete a konkrétne v Spojenom kráľovstve, preto priťahuje pozornosť médií.Takéto mediálne zmienky sú tiež generované zneužívateľmi, ktorí sa “vezú” na rozruchu okolo nášho mena s cieľom získať návštevníkov na svoje skopírované stránky Bitcoin 360 Ai, pričom jednou z ich stratégií je používať mená celebrít spolu s názvom našej aplikácie – robia to s cieľom získať dôveru klientov, aby sa u nich zaregistrovali. Nedávno sme v britských médiách narazili na zmienky o investícii Martina Lewisa do spoločnosti Bitcoin 360 Ai. Chceli by sme objasniť, že takúto tlač v médiách týkajúcu sa Martina Lewisa sme neuverejnili my a v žiadnom prípade s nami nesúvisí.",
  "70": "Ako je možné vidieť v",
  "71": "tejto",
  "72": "spoľahlivej správe, akákoľvek reklama, ktorá hovorí o investíciách Matina Lewisa do Bitcoin 360 Ai a pravdepodobne aj do akejkoľvek inej aplikácie na obchodovanie s kryptomenami, je nepravdivá.",
  "73": "Elon Musk Bitcoin 360 Ai mediálne pokrytie",
  "74": "BTC Ai Bot 2.0 je populárna aplikácia na obchodovanie s kryptomenami, úspech našej aplikácie, ktorá pôsobí v oblasti kryptomien – neistej regulačnej oblasti vo väčšine častí sveta, je úspechom, ktorý priťahuje tlač z rôznych strán, bohužiaľ aj od niektorých zneužívateľov, ktorí používajú naše meno neeticky a nezákonne. Všimli sme si, že niektoré médiá informovali o spojení medzi Elonom Muskom a spoločnosťou Bitcoin 360 Ai – radi by sme uviedli, že takáto tlač nepochádza od nás a aj keď by sme radi zverejnili zoznam našich investorov, nemôžeme to urobiť vzhľadom na dohody o ochrane osobných údajov, ktoré máme. Radi by sme objasnili, že sme nezverejnili žiadnu mediálnu tlač týkajúcu sa akéhokoľvek spojenia medzi Elonom Muskom a spoločnosťou Bitcoin360ai.com a takéto spojenie neexistuje.",
  "75": "Naša hybridná verzia aplikácie Bit 2.0 Avapro pre automatické manuálne obchodovanie kombinuje humánne manuálne a automatické obchodné funkcie, vďaka ktorým vyniká nad konkurenciou.",
  "76": "Hlavné funkcie predvolenej verzie aplikácie Bitcoin 360 Ai a 2.0 Avapro",
  "77": "Bitcoin 360 Ai cena je nula",
  "78": "Cena Bitcoinu 360 Ai je nulová. Neplatíte žiadne registračné poplatky, všetky obchodné aktivity a používanie našich funkcií sú úplne bezplatné. poplatky budeme získavať z budúcich funkcií, ktoré zavedieme v priebehu 2. a 3. štvrťroka 2023.",
  "79": "Žiadne povinné sťahovanie",
  "80": "Webová verzia BTC 2.0 Avapro 360 Ai nevyžaduje inštaláciu ani sťahovanie, pretože ide o internetovú webovú platformu, ktorú možno ovládať z akéhokoľvek internetového prehliadača a z akéhokoľvek zariadenia alebo miesta.",
  "81": "Registrácia Bitcoin 360 Ai bez problémov",
  "82": "Registrácia do služby Bitcoin 360 Ai je jednoduchá a rýchla. Proces registrácie je jednoduchý a rýchly, po jeho dokončení sa budete môcť spojiť s jedným z maklérov, u ktorého môžete vykonávať obchody.",
  "83": "Rýchle",
  "84": "a",
  "85": "jednoduché overovanie",
  "86": "Bitcoin 360 Ai umožňuje jednoduché a bezpečné overenie vášho účtu. Po registrácii s vaším súhlasom odovzdáme vaše kontaktné údaje jednému z podporných maklérov, ktorý vás bude kontaktovať, aby overil a aktivoval váš obchodný účet.",
  "87": "Používateľsky prívetivé rozhranie",
  "88": "Automatická obchodná platforma Bitcoin 360 Ai má veľmi intuitívne rozhranie a ľahko sa ovláda. Bola vytvorená s cieľom podporiť neskúsených obchodníkov. Výsledkom je, že aplikácia je ľahko použiteľná, ale zároveň obsahuje pokročilé obchodné funkcie.",
  "89": "Požadované minimálne finančné prostriedky",
  "90": "Požiadavka na počiatočný vklad u väčšiny našich maklérov podporujúcich aplikácie je 250 EUR. Táto suma bude použitá len na financovanie obchodov a vôbec nie na poplatky za aplikácie, ktoré sú v súčasnosti úplne bezplatné.",
  "91": "Výber viacerých aktív",
  "92": "Pomocou našej aplikácie môžete získať upozornenia na obchodné príležitosti na fiat meny, akcie, komodity a viaceré kryptomeny (Bitcoin Cash, XBT, Ethereum Monero, Ripple a Dash) Táto funkcia je k dispozícii všetkým členom BTC 360 Ai.",
  "93": "Bitcoin 360 Ai reddit a ďalšie komunity",
  "94": "Bitcoin 360 Ai členovia sa stávajú komunitou, ktorá brainstorming, zdieľať nápady alebo len hovoriť o všeobecnej téme života v platformách, ako je reddit, discord a ďalšie. s rozvojom nášho projektu budeme spravovať takéto komunitné kanály a podporovať rozhovory medzi našimi členmi.",
  "95": "Časová efektívnosť pri vydávaní nových funkcií",
  "96": "Členovia Bitcoin Bot 360 Ai sú vždy o krok vpred!. To je len jedna z mnohých výhod, ktoré dávajú tomuto softvéru výhodu a schopnosť dosiahnuť takú vysokú popularitu na celom svete.",
  "97": "Konzervatívne alebo rizikovejšie nastavenia",
  "98": "Bitcoin 360 Ai je navrhnutý tak, aby identifikoval potenciálne obchodné príležitosti a premenil ich na obchodné signály. Aplikácia umožňuje nastaviť úroveň rizika výstrah, čo znamená, že každý obchodník si môže prispôsobiť funkcie aplikácie na základe individuálnej ochoty riskovať.",
  "99": "Jednoduché a bezpečné platby a výplaty",
  "100": "Na financovanie a výbery zo svojho účtu 2.0 Avapro 360 Ai supportive broker môžete použiť kreditnú alebo debetnú kartu, prevody peňazí, bankové prevody a dokonca aj akékoľvek elektronické peňaženky. Každý výber bude vyplatený späť na pôvodnú platobnú metódu, ktorú ste použili na počiatočné financovanie svojho účtu.",
  "101": "Prísne zabezpečenie údajov",
  "102": "Všetky vaše finančné údaje, osobné informácie a obchodné akcie sú prísne uchovávané v bezpečnom prostredí. Vaša bezpečnosť je našou povesťou, preto je našou najvyššou prioritou udržiavať vaše informácie na najvyššej bezpečnostnej úrovni.",
  "103": "BTC 360 Ai Demo účet",
  "104": "Vybrané pravidlá si môžete otestovať na demo účte Bitcoin 360 Ai a precvičiť si svoje zručnosti bez rizika. Po tom, čo sa zdokonalíte v demo obchodoch, môžete začať so skutočnými transakciami.",
  "105": "Moderné funkcie spätného testovania",
  "106": "Funkcia Backtesting v aplikácii Bitcoin Bot 360 Ai versoin vám umožňuje testovať vaše obchodné stratégie na minulých trhových podmienkach. To vám umožní kedykoľvek upraviť a optimalizovať nastavenia.",
  "107": "Flexibilné prispôsobenie",
  "108": "Bitcoin 360 Ai ponúka mnoho obchodných režimov a premenných, ktoré si môžete prispôsobiť. To umožňuje maximálne prispôsobenie vašim obchodným preferenciám.",
  "109": "Zákaznícka podpora 24/7",
  "110": "Úspech, pohodlie a spokojnosť zákazníkov a klientov sú našou najvyššou prioritou. Preto máme k dispozícii zástupcov zákazníckeho servisu, ktorí vám pomôžu 24 hodín denne, 7 dní v týždni.",
  "111": "ZAREGISTRUJTE SA TERAZ",
  "112": "Znalé zdroje",
  "113": "Bitcoin Bot 360 Ai chce, aby ste mali všetky vzdelávacie zdroje na jednom mieste.",
  "114": "To vám umožní sledovať najnovšie správy a trendy, vzdelávať sa, získavať vedomosti a nástroje potrebné na dosiahnutie úspechu na trhu s digitálnymi aktívami a maximalizovať svoj potenciál zarábania peňazí.",
  "115": "Pripojte sa k našej komunite a dozviete sa viac o histórii trhu, obchodných stratégiách a tipoch, ťažbe kryptomien, podrobných sprievodcoch a ďalších užitočných informáciách.",
  "116": "ČASTO KLADENÉ OTÁZKY",
  "117": "Čo je Bitcoin 360 Ai?",
  "118": "Bitcoin 360 Ai je krypto obchodovanie Ai riadená aplikácia, ktorá produkujú obchodné príležitosti upozornenia poháňané algoritmy, ktoré sú skenovanie živé pohyby na trhu pri hľadaní vzorov a korelácií a ich porovnávanie s historickými spätné testovanie skenovanie, takže keď sú splnené určité podmienky – obchodná príležitosť upozornenie sa spustí na app front-end.",
  "119": "Čo je Bitcoin 2.0 Avapro 360 Ai?",
  "120": "Bitcoin 2.0 Avapro 360 Ai je verzia aplikácie, ktorá obsahuje hybridné modely, v ktorých si obchodníci môžu vybrať medzi automatickým vykonávaním obchodov alebo manuálnym vykonávaním obchodov; verzia iFex je dostupná pre všetkých obchodníkov a nevyžaduje žiadne ďalšie nastavenie ani náklady.",
  "121": "Aké sú náznaky legitímnosti Bitcoin 360 Ai 2.0 Avapro?",
  "122": "Bitcoin 360 Ai 2.0 Avapro je legitímna kryptografická obchodná aplikácia,",
  "123": "niekoľko zneužívajúcich prevádzkovateľov aplikácií využíva naše meno a povesť,",
  "124": "ale môžete sa ľahko uistiť, že sa zaregistrujete v správnej aplikácii jednoduchou kontrolou, že sa registrujete s autentickou URL adresou bitcoin360ai.com. Okrem toho od vás nikdy nebudeme požadovať žiadne poplatky. Jediná platba, ktorú budete musieť vykonať, je financovanie vášho obchodného účtu u jedného z maklérov podporujúcich aplikáciu, a to môžete urobiť až vtedy, keď sa budete cítiť dostatočne sebavedomo na obchodovanie, zatiaľ čo iné zneužívajúce aplikácie budú vyžadovať platby vopred.",
  "125": "Je aplikácia XBT 2.0 Avapro 360 Ai rovnaká ako BTC 360 Ai?",
  "126": "Áno, aplikácia XBT 2.0 Avapro 360 Ai je rovnaká ako Bitcoin 360 Ai. Naša aplikácia obsahuje niekoľko alternatívnych názvov. Napríklad v niektorých regiónoch sveta je termín XBT populárnejší ako “Bitcoin”, ale oba termíny sú v skutočnosti rovnaké.",
  "127": "Kto je vlastníkom spoločnosti Bitcoin 360 Ai?",
  "128": "Vďaka dohodám s investormi máme zavedené. V súčasnosti nemôžeme zverejniť zoznam našich investorov. Môžeme však potvrdiť, že medzi našich investorov patria rizikoví investori z Ázie, ako aj jednotliví vysokopostavení kryptografickí hráči.",
  "129": "Je XBT App 360 Ai regulovaná?",
  "130": "Kryptomeny nie sú vo väčšine krajín sveta regulované. Preto neexistuje žiadny oficiálny regulátor pre činnosť aplikácie. Ako spoločnosť s dlhodobou víziou však vykonávame priebežné samoregulačné opatrenia, ktoré zahŕňajú audity renomovaných firiem, kontroly kybernetickej bezpečnosti a prísne protokoly “poznaj svojho klienta alebo partnera”, aby sme zabezpečili, že naši dodávatelia, klienti a poskytovatelia služieb pracujú v súlade s regulačnými a profesionálnymi normami.",
  "131": "Aká je cena Bitcoinu 350 Ai 2.0 Avapro?",
  "132": "Bitcoin 360 Ai 2.0 Avapro je pre všetkých našich členov bezplatný. V súčasnosti si neúčtujeme žiadne poplatky ani provízie; víziou nášho obchodného modelu je vytvoriť dlhodobý vzťah s našou komunitou. V neskoršej fáze našej aplikácie naživo zavedieme špeciálne funkcie, ktoré umožnia obchodníkom, ktorí majú záujem o platenie za ich používanie. O zmenách cenovej politiky budeme všetkých našich klientov vopred informovať.",
  "133": "Záverečné slová",
  "134": "Sme tu už nejaký čas a medzi používateľmi sme si vybudovali vynikajúcu povesť. Mnohí z nich, ktorí pomocou služieb našej aplikácie dosiahli dobré marže, sú bežní ľudia bez skúseností s obchodovaním s kryptomenami.",
  "135": "Veríme, že najlepší spôsob, ako obchodovať s kryptomenami pomocou niektorej z našich verzií, teda BTC, XBT, 2.0 Avapro App, je naučiť sa ich správne používať. Na našej webovej lokalite nájdete množstvo informácií o aplikácii, takže keď si ju budete chvíľu prezerať, pomôže vám to začať. Ponúkame aj rozsiahlu sekciu často kladených otázok, kde nájdete odpovede na všetky otázky.",
  "136": "Obchodovanie s BTC, XBT a ďalšími kryptomenami je spojené s určitým rizikom, ale ak sa robí správne, riziká sa dajú zmierniť a potenciál marže môže byť vyšší.",
  "137": "Bitcoin 360 AI a verzia 2.0",
  "138": "Avapro Najdôležitejšie informácie",
  "139": "Obchodná platforma",
  "140": "Crypto",
  "141": "Náklady na platformu",
  "142": "Žiadne náklady",
  "143": "Poplatok za odstúpenie od zmluvy",
  "144": "Bezplatne",
  "145": "Typ platformy",
  "146": "Webová, vlastná platforma, Android od spoločnosti Google a iOS od spoločnosti Apple",
  "147": "Možnosť vkladu",
  "148": "PayPal, Skrill, Neteller, UnionPay, Webmoney, Yandex, Visa, Mastercard, AMEX, Diners Club",
  "149": "Krajiny",
  "150": "šetky – okrem USA",
  "151": "Domovská stránka",
  "152": "Prihlásiť sa",
  "153": "O nás",
  "154": "Zásady ochrany osobných údajov",
  "155": "Podmienky",
  "156": "Zrieknutie sa",
  "157": "Kontaktuj nás",
  "158": "Bitcoin 360 Ai preskúmanie",
  "159": "REGULÁCIA A VYSOKÉ RIZIKO INVESTÍCIE UPOZORNENIE: Obchodovanie s Forexom, CFD a kryptomenami môže priniesť značné zisky, ale zároveň je spojené s určitou mierou rizika a nemusí byť vhodné pre všetkých investorov. Nemali by ste špekulovať s kapitálom, ktorý si nemôžete dovoliť stratiť .dôrazne odporúčame, aby ste si pred uskutočnením akejkoľvek investície prečítali naše PODMIENKY A ÚPLNÉ VYHLÁSENIE Pred investovaním by si klienti mali byť vedomí svojej individuálnej daňovej povinnosti z kapitálových ziskov v krajine svojho bydliska. je protizákonné nabádať osoby v USA na nákup a predaj komoditných opcií, aj keď sa nazývajú 'predikčné kontrakty', pokiaľ nie sú kótované na obchodovanie a obchodované na burze registrovanej CFTC alebo pokiaľ nie sú zo zákona vyňaté. Do vášho počítača sme umiestnili súbory COOKIES, aby sme vám pomohli zlepšiť vaše skúsenosti pri návšteve tejto webovej stránky. Nastavenia súborov cookie vo svojom počítači môžete kedykoľvek zmeniť. Používanie tejto webovej lokality znamená, že súhlasíte so ZÁSADAMI OCHRANY OSOBNÝCH ÚDAJOV tejto webovej lokality ds."
}