{
  "1": "Bitcoin 360 Ai – BTC Avapro 2.0 Bot sürümü de dahil olmak üzere basitleştirilmiş kripto ticareti",
  "2": "BTC 360 Ai’ye bugün katılın",
  "3": "Merhaba, biz",
  "4": "Bitcoin 360 Ai",
  "5": "Uygulamasıyız",
  "6": "Bitcoin 360 Ai nedir?",
  "7": "",
  "8": "BTC 360 Ai",
  "9": ", belirli kriterler karşılandığında alım satım uyarılarını tetikleyen otomatik ticaret AI-algoritma odaklı bir Uygulamadır, hem yeni başlayanlar hem de ileri düzey tüccarlar için çekici kılan benzersiz bir kullanıcı dostu arayüze sahiptir. Bitcoin Bot 360 Ai, güvenli ancak yine de kolay erişilebilir ve taşınabilir kripto ticaret platformu sağlar, büyüyen tüccarlar topluluğumuza katılın ve XBT ve diğer kripto para birimlerinin potansiyelini keşfedin.",
  "10": "Güvenle Kaydolun",
  "11": "Bitcoin 360 AI 21",
  "12": "Biz Bir Kripto Ticaret Fırsatları Uyarıları Uygulamasıyız",
  "13": "Bitcoin 360 Ai, Ai destekli algoritmalara dayalı ticaret fırsatları uyarıları sağlayan bir kripto ticaret aracıdır. Vizyonumuz, Uygulamamızın sosyal ticaret ve diğer kalabalık ticaretle ilgili özellikleri tarafından desteklenen kripto tüccarları topluluğu için en büyük platform olmaktır.",
  "14": "Bitcoin 360 AI 22",
  "15": "Bit Avapro 2.0 Bot Otomatik ticaret versiyonumuzla tanışın",
  "16": "Bit Avapro 2.0 Bot, iki ticaret modu, tamamen otomatik ticaret modu ve manuel mod içeren bir uygulama sürümüdür. Otomatik ticaret, uygulamaya insan müdahalesi olmadan tüm ticaret faaliyetlerini gerçekleştirme yetkisi verirken, manuel mod alım satımları gerçekleştirmez, bunun yerine Ai algoritmalarımız tarafından ticaret fırsatları tetiklendiğinde yatırımcıları uyarır.",
  "17": "Bitcoin 360 AI 23",
  "18": "Benzersiz Ai Algoritmaları Kullanıyoruz",
  "19": "Gelişmiş yapay zeka algoritmaları Bitcoin 2.0 Avapro ticaret stratejilerini güçlendirir. Optimal ancak yine de muhafazakar sonuçlar sunmak için, uygulama sürekli olarak 100’den fazla kripto piyasasını gerçek zamanlı olarak tarıyor ve kaliteli ticaret fırsatı uyarılarını tetiklemek için tarihsel olarak kanıtlanmış kalıpları ve korelasyonları arıyor.",
  "20": "Bit 360 Ai – Hem yeni başlayanlar hem de deneyimli kripto yatırımcıları için üretildi",
  "21": "Bitcoin 360 Ai, basitleştirilmiş tasarlanmış bir uygulamadır, ancak yine de hem yeni başlayanlar hem de ileri düzey tüccarlar için uygun hale getiren gelişmiş ticaret özellikleri içerir.",
  "22": "Kripto, on yıldan fazla bir süredir işlem görerek hızla tanınıyor ve kabul görüyor ve bu nedenle her tür yatırımcıyı çekiyor; BTC Bot Ai 360 yatırımcılar grubu her seviyeden yatırımcıdan oluşur, topluluğumuz çok yetenekli yatırımcıların yanı sıra kripto ticaretiyle ilk kez karşılaşan yeni başlayanları da içerir.",
  "23": "Bitcoin Avapro 2.0 sürümümüz ile herkes önceden herhangi bir bilgiye sahip olmadan otomatik, manuel veya hibrit kripto para birimi ticaret modelleri oluşturabilir.",
  "24": "Yatırımcılar günün 24 saati sınırsız miktarda kısa veya uzun vadeli işlem yapabilirler. Bu, kripto piyasalarının potansiyelini en üst düzeye çıkarmalarına ve finansal özgürlüklerinin ve başarılarının tadını çıkarmak için daha fazla zamana sahip olmalarına olanak tanır. Uygulama, yatırımcının veya tüccarın belirlediği kurallara göre piyasaların taranmasını ve karlı işlemlerin gerçekleştirilmesini otomatikleştirebilir.",
  "25": "Bitcoin 360 Ai’mize kaydolun ve bugün tüccarlar topluluğumuza katılın",
  "26": "MODERN ALGO TİCARETİ",
  "27": "BTC 360 Ai, diğer algo ticaret botlarına göre ticaret yürütme avantajı elde etmek için ultra modern teknolojiler kullanır. Bu, var olan en yüksek teknolojili ticaret platformlarından biridir, en iyi koşullar için piyasaları izlemek ve analiz etmek için sürekli olarak sofistike bilgisayar algoritmaları kullanır. Sonuç olarak, Ai’miz sürekli olarak optimize edilmiş geçmiş performanslara sahiptir.",
  "28": "İLERİ TEKNOLOJİ",
  "29": "BTC 2.0 Avapro Bot önde gelen bir kripto para birimi ticaret uygulamasıdır, 100’den fazla takas edilebilir kripto varlığı sunar. Eksiksiz bir paket. Tüm deneyim seviyeleri için erişilebilirdir ve sezgisel bir arayüze sahiptir. Buna ek olarak, optimum ticaret uyarıları üretmek amacıyla tarihsel kayıt algoritmaları kontrollerine dayanmaktadır.",
  "30": "PREFOMANS BAZLI",
  "31": "Dernekler, tüccarlar, brokerler ve üyeler, kanıtlanmış geçmiş performansı ve zorlu piyasa koşullarında bile yüksek performansı nedeniyle BTC Bot 360 Ai’ye yüksek değer biçmektedir. Buna ek olarak, müşteri hizmetleri 7/24 hizmet vermektedir, destek ekibimiz genel soruları yanıtlayacak veya teknik yardım sağlayacaktır.",
  "32": "ÜCRETSIZ KAYDOLUN",
  "33": "Bitcoin 360 Ai Nasıl Çalışır",
  "34": "ÜCRETSIZ KAYDOLUN",
  "35": "Kayıt olmak tamamen ücretsizdir, bu",
  "36": "Bitcoin Avapro 2.0 homepage",
  "37": "‘in üst kısmında yer alan kısa kayıt formumuzu doldurmanız yeterlidir. Tam yasal adınız, e-posta adresiniz, telefon numaranız ve ikamet ettiğiniz ülke dahil olmak üzere temel bilgiler gereklidir. Çevrimiçi form kabul edildikten sonra, tüccar topluluğumuzun bir üyesi olacaksınız. Kripto para ticareti uygulamamızı anında kullanmaya başlayabilirsiniz.",
  "38": "HESAP AKTIVASYONU",
  "39": "Bitcoin 2.0 Avapro ticaret hesabınız kaydedilir kaydedilmez, ticarete ve yatırıma başlamaya hazırsınız. Uygulamayı kullanmaya başlamak için destekleyici brokerlerden birine yalnızca 250 € yatırım yapmanız gerekir. Yatırım yaptığınız tüm paranın ve kazandığınız tüm paranın sahibi sizsiniz. Fonlar geri çekilebilir veya ticari faaliyetlere yeniden yatırılabilir. Hesabınızdaki fonları kripto ticaretini finanse etmek için kullanabilirsiniz.",
  "40": "TİCARET KRİPTO",
  "41": "Hesabınız kurulduktan ve kullanılabilir paranız olduktan sonra, eğitime ve ticarete başlayabilirsiniz. Uygulamamızı kendi yürütme platformlarına bağlamak açısından her şeyi brokerler halledecektir. Uygulama yalnızca olası fırsatlar için piyasayı taramakla kalmaz, aynı zamanda marj potansiyellerinizi en üst düzeye çıkarmanız için işlemleri de gerçekleştirebilir. İşlemleriniz üzerinde daha fazla kontrol sahibi olmayı tercih ediyorsanız manuel ticarete de geçebilirsiniz.",
  "42": "BTC 2.0 Avapro Bot’a Şimdi Güvenle Kaydolun",
  "43": "Bitcoin 360 Ai dolandırıcılığı – Uygulama kopyalama uyarısı",
  "44": "BTC 360 Ai dolandırıcılık uyarısı",
  "45": "Bitcoin 360 Ai dolandırıcılığı, dünya çapında kripto para birimlerinin düzenlenmemiş doğası göz önüne alındığında, uygulamamızın kopyalarını yapan güvenilmez kaynakların, Bitcoin Bot 2.0 dahil olmak üzere uygulama sürümlerimiz gibi yazılımların ve ürünlerin, uygulamamızı farklı şekillerde kopyalayan istismarcılar tarafından hedeflendiği bir senaryodur. Şu anda",
  "46": "resmi web sitesini ziyaret ettiğinizden emin olabilirsiniz, uygulamamıza kaydolmak ücretsizdir. Yalnızca ticaret faaliyetine başlamaya karar verdiğinizde, hesabınıza üçüncü taraflarca desteklenen brokerlerimizden biriyle para yatırmanız gerekecektir, onayınız üzerine, iletişim bilgilerinizi size ticaret ve aktivasyon prosedürleri hakkında rehberlik edecek ve açıklayacak olan brokerlerden birine ileteceğiz.",
  "47": "Uygulamamızla ilgili bağımsız bir rapora",
  "48": "buradan ulaşabilirsiniz",
  "49": "Bit Avapro 2.0 kripto sektörüne ilişkin son dönemdeki olumsuz medyadan etkileniyor mu?",
  "50": "Kesinlikle olmaz!",
  "51": "Bitcoin 360 Ai meşru, güvenilir ve saygın bir kripto ticaret uygulamasıdır, kullanımı basit olacak ve yine de olağanüstü sonuçlar verecek şekilde tasarlanmıştır. Deneyimsizlik, duygular, zaman ve kararsızlık gibi insan zayıflıklarını ortadan kaldırarak otomatik bir ticaret modu olarak kullanılabilir. BTC Bot Ai 360 bir ticaret uygulamasından daha fazlasıdır, aslında tüccarların kendilerini eğitmek için fikirlerini ve sonuçlarını birbirleriyle paylaşabilecekleri bir topluluktur. Uygulama her gün yeni başlayanlar ve ondan gerçekten finansal olarak yararlanan deneyimli tüccarlar tarafından kullanılmaktadır.",
  "52": "ÜCRETSIZ KAYIT",
  "53": "Bitcoin Avapro Bot 2.0 Yapay Zeka",
  "54": "BTC Avapro 2.0, kripto ticaretinizi daha fazla güven ve daha yüksek marj potansiyeli ile ilerletmek için en son teknolojileri kullanan yapay zeka odaklı bir uygulamadır. Son teknoloji algoritmalarıyla yazılım, gerçek zamanlı piyasa bilgileri ve analizleri sağlar, böylece bilinçli ticaret yürütme kararları verebilirsiniz.",
  "55": "Avapro 360 Ai Bot en son piyasa özellikleriyle sürekli olarak güncellenir, böylece en uygun yatırımları yapmak için her zaman en güncel araçlara sahip olursunuz. Piyasanın gerçek zamanlı olarak nasıl gittiğini görebilecek ve buna göre kararlar alabileceksiniz. Bu veriler, kripto piyasalarında kâr etmek isteyen herkes için çok önemlidir.",
  "56": "Bu verileri analiz ederek, hangi coin’in ne zaman alınıp satılacağı konusunda bilinçli kararlar verebilirsiniz.",
  "57": "Kripto para piyasalarında yapay zeka hakkında daha faydalı bilgileri",
  "58": "burada",
  "59": "bulabilirsiniz",
  "60": "BTC Ai Avapro 360 demo Hesabı",
  "61": "Borsada işlem yaparken, ne zaman alım ve satım yapacağınızı bilmek çok önemlidir. Bu, kârınızı en üst düzeye çıkarmanıza ve kayıplarınızı en aza indirmenize yardımcı olabilir. Bunu uygulamanın bir yolu bir",
  "62": "demo hesabı kullanmaktır",
  "63": "Demo hesabı, borsa ve nasıl çalıştığı hakkında bilgi edinmek için harika bir yoldur. Demoyu yeni stratejileri test etmek için de kullanabilirsiniz.",
  "64": "Bitcoin 360 Ai demo, internete bağlı herhangi bir cihazda piyasaları test etmek için kullanılan bir uygulama sürümüdür.",
  "65": "Buna masaüstü bilgisayarlar, tabletler ve mobil cihazlar dahildir ve hepsi uygulamanın indirilmesini gerektirmez.",
  "66": "BTC 360 Ai demo uygulaması, gerçek piyasa ticaretini simüle eden risksiz bir ortamdır, demo sürümünde canlı ticaret uygulamasının hızlı analiz, hassas sinyaller ve otomatik işlemler gibi tüm avantajlarından yararlanabilirsiniz.",
  "67": "Manuel demo ticaret modu bile canlı Bitcoin 360 Ai uygulamasının tüm avantajlarını ve özelliklerini içerir, bu demo manuel ticaret seçeneği, canlı yayına geçmeden önce demo modunda daha fazla pratik yapmak istiyorsanız, işlemleriniz üzerinde size daha fazla kontrol sağlar.",
  "68": "Birleşik Krallık Uygulama Bitcoin 360 Ai Martin Lewis medya referansları",
  "69": "Bitcoin 360 Ai, dünya çapında ve özellikle İngiltere’de popülerlik kazanmış popüler bir kripto ticaret uygulamasıdır, bu nedenle medyada yer almaktadır, bu tür medya referansları, kopyalanmış Bitcoin 360 Ai sitelerine ziyaretçi kazanmak amacıyla adımızın etrafındaki vızıltıyı “kullanan” istismarcılar tarafından da üretilmektedir, stratejilerinden biri ünlülerin isimlerini uygulama adımızla birlikte kullanmaktır – bunu müşterilerin kendilerine kaydolmaları için güven kazanmak amacıyla yaparlar. Kısa bir süre önce Birleşik Krallık medyasında Martin Lewis tarafından Bitcoin 360 Ai’ye yapılan yatırımla ilgili referanslara rastladık. Martin Lewis ile ilgili basında çıkan haberlerin tarafımızdan yayınlanmadığını ve hiçbir şekilde bizimle ilgili olmadığını belirtmek isteriz.",
  "70": "",
  "71": "Bu",
  "72": "güvenilir raporda da görülebileceği gibi, Matin Lewis tarafından Bitcoin 360 Ai’ye ve muhtemelen başka herhangi bir kripto ticaret uygulamasına yapılan yatırımlardan bahseden herhangi bir reklam yanlıştır.",
  "73": "Elon Musk Bitcoin 360 Ai medya kapsamı",
  "74": "BTC Ai Bot 2.0 popüler bir kripto varlık alım satım uygulamasıdır, dünyanın çoğu yerinde belirsiz bir düzenleyici niş olan kripto para birimleri nişinde faaliyet gösteren uygulamamızın başarısı, tüm farklı taraflardan basını çeken bir başarıdır, ne yazık ki adımızı etik olmayan ve yasadışı bir şekilde kullanan bazı istismarcılardan da. Elon Musk ve Bitcoin 360 Ai arasında bir bağlantı olduğuna dair basında bazı haberlerin yer aldığını fark ettik – ve bu tür haberlerin bizden gelmediğini ve yatırımcı listemizi açıklamak istesek de, yürürlükteki gizlilik anlaşmalarımız nedeniyle bunu yapamadığımızı belirtmek isteriz. Elon Musk ile Bitcoin360ai.com arasında herhangi bir bağlantı olduğuna dair basında çıkan haberlerin tarafımızca yayınlanmadığını ve böyle bir bağlantının mevcut olmadığını belirtmek isteriz.",
  "75": "Bit 2.0 Avapro hibrit otomatik-manuel-ticaret Uygulaması versiyonumuz, rakiplerinin üzerinde öne çıkmasını sağlayan insani manuel ve otomatik ticaret özelliklerini birleştirir.",
  "76": "Bitcoin 360 Ai varsayılan ve 2.0 Avapro Uygulama sürümü ana özellikleri",
  "77": "Bitcoin 360 Ai fiyatı sıfır",
  "78": "Bitcoin 360 Ai fiyatı sıfırdır. Kayıt ücreti yoktur, tüm ticari faaliyetler ve özelliklerimizin kullanımı tamamen ücretsizdir. ücretleri̇mi̇zi̇ 2023’ün 2. ve 3. çeyreği̇nde sunacağimiz gelecek özelli̇klerden kazanacağiz.",
  "79": "Zorunlu indirme yok",
  "80": "BTC 2.0 Avapro 360 Ai web sürümü kurulum veya indirme gerektirmez, çünkü internete bağlı herhangi bir tarayıcıdan ve herhangi bir cihazdan veya konumdan çalıştırılabilen internet web tabanlı bir platformdur.",
  "81": "Sorunsuz Bitcoin 360 Ai kaydı",
  "82": "Bitcoin 360 Ai’ye kaydolmak kolay ve hızlıdır. Kayıt işlemi kolay ve hızlıdır, bir kez yapıldığında, işlemleri gerçekleştirebileceğiniz komisyonculardan birine bağlayabileceksiniz.",
  "83": "Hızlı",
  "84": "ve",
  "85": "Kolay Doğrulama",
  "86": "Bitcoin 360 Ai, hesabınızı doğrulamayı kolay ve güvenli hale getirir. Kayıt olduktan sonra, izninizle, iletişim bilgilerinizi, ticaret hesabınızı doğrulamak ve etkinleştirmek için sizinle iletişime geçecek olan destekleyici brokerlerden birine aktaracağız.",
  "87": "Kullanıcı Dostu Arayüz",
  "88": "Bitcoin 360 Ai otomatik ticaret platformu çok sezgisel bir arayüze sahiptir ve kullanımı kolaydır. Deneyimsiz esnafı desteklemek amacıyla oluşturulmuştur. Sonuç olarak, uygulamanın kullanımı kolaydır, ancak yine de gelişmiş ticaret özellikleri içerir.",
  "89": "Minimum Fon Gereksinimi",
  "90": "Uygulama destekleyici brokerlerimizin çoğunda ilk para yatırma gereksinimi 250 € ‘dur. Bu tutar yalnızca alım satımları finanse etmek için kullanılacak ve şu anda tamamen ücretsiz olan uygulama ücretleri için kullanılmayacaktır.",
  "91": "Çoklu varlık seçimi",
  "92": "Uygulamamızı kullanarak fiat para birimleri, hisse senetleri, emtialar ve birden fazla kripto para birimi (Bitcoin Cash, XBT, Ethereum Monero, Ripple ve Dash) ile ilgili işlem fırsatı uyarıları alabilirsiniz, bu özellik tüm BTC 360 Ai üyeleri tarafından kullanılabilir.",
  "93": "Bitcoin 360 Ai reddit ve diğer topluluklar",
  "94": "Bitcoin 360 Ai üyeleri, reddit, discord ve diğerleri gibi platformlarda beyin fırtınası yapan, fikir paylaşan veya sadece genel yaşam konuları hakkında konuşan bir topluluk haline geliyor. Projemiz geliştikçe bu tür topluluk kanallarını yöneteceğiz ve üyelerimiz arasındaki görüşmeleri teşvik edeceğiz.",
  "95": "Yeni özellik sürümlerinde zaman verimliliği",
  "96": "Bitcoin Bot 360 Ai üyeleri her zaman bir adım öndedir! Bu, yazılıma üstünlük sağlayan ve dünya çapında bu kadar yüksek popülerlik elde etmesini sağlayan birçok avantajdan sadece biridir.",
  "97": "Muhafazakar veya yüksek riskli ayarlar",
  "98": "Bitcoin 360 Ai, potansiyel ticaret fırsatlarını belirlemek ve bunları ticaret sinyallerine dönüştürmek için tasarlanmıştır. Uygulama, uyarıların risk seviyesini ayarlamanıza olanak tanır; bu, her yatırımcının uygulama özelliklerini bireysel risk iştahına göre özelleştirebileceği anlamına gelir.",
  "99": "Kolay ve Güvenli Ödeme Girişleri ve Ödemeler",
  "100": "2.0 Avapro 360 Ai destekleyici broker hesabınıza para yatırmak ve çekmek için kredi kartı veya banka kartı, para transferleri, banka havaleleri ve hatta herhangi bir elektronik cüzdan kullanabilirsiniz. Herhangi bir para çekme işlemi, hesabınıza başlangıçta para yatırmak için kullandığınız orijinal ödeme yöntemine geri ödenecektir.",
  "101": "Sıkı Veri Güvenliği",
  "102": "Tüm finansal bilgileriniz, kişisel bilgileriniz ve alım satım işlemleriniz kesinlikle güvenli bir ortamda tutulur. Güvenliğiniz bizim itibarımızdır, bilgilerinizi en yüksek güvenlik standartlarında tutmak en önemli önceliğimizdir.",
  "103": "BTC 360 Ai Demo Hesabı",
  "104": "Seçtiğiniz kuralları Bitcoin 360 Ai Demo Hesabı ile test edebilir ve becerilerinizi risk almadan uygulayabilirsiniz. Demo işlemlerinde yetkin olduktan sonra, gerçek işlemlere başlayabilirsiniz.",
  "105": "Modern Geriye Dönük Test Özelliği",
  "106": "Bitcoin Bot 360 Ai versoin uygulamasındaki Backtesting özelliği, ticaret stratejilerinizi geçmiş piyasa koşullarında test etmenize olanak tanır. Bu, ayarlarınızı istediğiniz zaman değiştirmenizi ve optimize etmenizi sağlayacaktır.",
  "107": "Esnek Özelleştirme",
  "108": "Bitcoin 360 Ai, özelleştirilebilen birçok ticaret modu ve değişken sunar. Bu, ticaret tercihlerinize uyacak şekilde maksimum özelleştirmeye olanak tanır.",
  "109": "7/24 Müşteri Desteği",
  "110": "Müşterilerimizin ve Müşterilerimizin başarısı, konforu ve memnuniyeti en büyük önceliğimizdir. Bu nedenle size yardımcı olmak için 7/24 hizmet veren müşteri hizmetleri temsilcilerimiz bulunmaktadır.",
  "111": "ŞİMDİ KAYDOLUN",
  "112": "Bilgili Kaynaklar",
  "113": "Bitcoin Bot 360 Ai, ihtiyacınız olan tüm eğitim kaynaklarına tek bir yerden ulaşmanızı istiyor.",
  "114": "Bu, en son haberleri ve trendleri takip etmenize, kendinizi eğitmenize, dijital varlık piyasasında başarılı olmak için ihtiyaç duyduğunuz bilgi ve araçları edinmenize ve para kazanma potansiyelinizi en üst düzeye çıkarmanıza olanak tanır.",
  "115": "Topluluğumuza katılın ve piyasanın tarihi, ticaret stratejileri ve ipuçları, kripto para madenciliği, ayrıntılı kılavuzlar ve diğer yararlı bilgiler hakkında daha fazla bilgi edinin.",
  "116": "SIKÇA SORULAN SORULAR",
  "117": "Bitcoin 360 Ai nedir?",
  "118": "Bitcoin 360 Ai, kalıpları ve korelasyonları aramak için canlı piyasa hareketlerini tarayan ve bunları geçmişe dönük test taramalarıyla karşılaştıran algoritmalarla desteklenen ticaret fırsatları uyarıları üreten, kripto ticareti Ai odaklı bir uygulamadır, böylece belirli koşullar karşılandığında – uygulamanın ön ucunda bir ticaret fırsatı uyarısı tetiklenir.",
  "119": "Bitcoin 2.0 Avapro 360 Ai nedir?",
  "120": "Bitcoin 2.0 Avapro 360 Ai, yatırımcıların otomatik ticaret yürütme veya manuel ticaret yürütme arasında seçim yapabilecekleri hibrit modeller içeren bir uygulama sürümüdür; iFex sürümü tüm tüccarlar tarafından kullanılabilir ve herhangi bir ek kurulum veya maliyet gerektirmez.",
  "121": "Bitcoin 360 Ai 2.0 Avapro meşruiyet göstergeleri nelerdir?",
  "122": "Bitcoin 360 Ai 2.0 Avapro meşru bir kripto ticaret uygulamasıdır,",
  "123": "birkaç kötü niyetli uygulama operatörü adımızdan ve,",
  "124": "ancak yalnızca gerçek bitcoin360ai.com URL’sine kaydolduğunuzu kontrol ederek doğru uygulamaya kaydolduğunuzdan kolayca emin olabilirsiniz. Üstelik sizden asla herhangi bir ücret talep etmeyeceğiz. Yapmanız gereken tek ödeme, ticaret hesabınıza uygulama destekli brokerlerden biriyle para yatırmaktır ve bunu yalnızca ticaret yapmak için yeterince güvende hissettiğinizde yapabilirsiniz, diğer kötü niyetli uygulamalar ise ön ödeme gerektirecektir.",
  "125": "XBT App 2.0 Avapro 360 Ai, BTC 360 Ai ile aynı mı?",
  "126": "Evet, XBT App 2.0 Avapro 360 Ai, Bitcoin 360 Ai ile aynıdır. Uygulamamız birkaç alternatif isim içermektedir. Örnek olarak, dünyanın bazı bölgelerinde XBT terimi ‘Bitcoin’den daha popülerdir, ancak her iki terim de aslında aynıdır.",
  "127": "Bitcoin 360 Ai’nin sahibi kim?",
  "128": "atırımcı anlaşmalarımız nedeniyle. Şu anda yatırımcı listemizi kamuya açıklayamıyoruz. Bununla birlikte, yatırımcılarımız arasında Asya’dan VC’lerin yanı sıra bireysel yüksek rütbeli kripto oyuncularının da bulunduğunu doğrulayabiliriz.",
  "129": "XBT App 360 Ai düzenlemeye tabi mi?",
  "130": "Kripto para birimleri dünyanın çoğu yerinde düzenlenmemiştir. Bu nedenle, uygulama faaliyeti için resmi bir düzenleyici bulunmamaktadır. Bununla birlikte, uzun vadeli vizyona sahip bir şirket olarak, tedarikçilerimizin, müşterilerimizin ve hizmet sağlayıcılarımızın düzenleyici ve profesyonel standartlara uygun olarak çalıştığından emin olmak için saygın firmalar tarafından yapılan denetimler, siber güvenlik kontrolleri ve sıkı ‘müşterinizi veya ortağınızı tanıyın’ protokollerini içeren sürekli özdenetim faaliyetleri yürütüyoruz.",
  "131": "Bitcoin 350 Ai 2.0 Avapro’nin fiyatı nedir?",
  "132": "Bitcoin 360 Ai 2.0 Avapro tüm üyelerimiz için ücretsizdir. Şu anda herhangi bir ücret veya komisyon almıyoruz; iş modeli vizyonumuz topluluğumuzla uzun vadeli bir ilişki oluşturmaktır. Uygulamamızın daha sonraki bir aşamasında, kullanımları için ödeme yapmak isteyen yatırımcılara özel özellikler sunacağız. Fiyatlandırma politikası değişikliklerini tüm müşterilerimize önceden bildireceğiz.",
  "133": "Son Sözler",
  "134": "Bir süredir buralardayız ve kullanıcılarımız arasında mükemmel bir itibar oluşturduk. Uygulama hizmetlerimizi kullanarak iyi marjlar elde edenlerin çoğu, kripto para birimi ticaretinde deneyimi olmayan sıradan insanlardır.",
  "135": "BTC, XBT, 2.0 Avapro Uygulaması gibi sürümlerimizden herhangi birini kullanarak kripto para ticareti yapmanın en iyi yolunun, onu nasıl doğru kullanacağınızı öğrenmek olduğuna inanıyoruz. Web sitemizde uygulama hakkında pek çok bilgi bulabilirsiniz, bu nedenle biraz zaman ayırmanız başlamanıza yardımcı olacaktır. Ayrıca, her türlü sorunuza yanıt bulabileceğiniz kapsamlı bir SSS bölümü de sunuyoruz.",
  "136": "BTC, XBT ve diğer kripto paraların alım satımında bir miktar risk vardır, ancak doğru şekilde yapılırsa riskler azaltılabilir ve marj potansiyeli daha yüksek olabilir.",
  "137": "Bitcoin 360 AI & 2.0",
  "138": "Avapro Sürümünde Öne Çıkanlar",
  "139": "Ticaret Platformu",
  "140": "Kripto",
  "141": "Platform Maliyeti",
  "142": "Maliyet Yok",
  "143": "Para Çekme Ücreti",
  "144": "Ücretsiz",
  "145": "Platform türü",
  "146": "Web tabanlı, Tescilli platform, Google’ın Android’i ve Apple’ın iOS’u",
  "147": "Para Yatırma Seçeneği",
  "148": "PayPal, Skrill, Neteller, UnionPay, Webmoney, Yandex, Visa, Mastercard, AMEX, Diners Club",
  "149": "Ülkeler",
  "150": "Hepsi – ABD hariç",
  "151": "Ana sayfa",
  "152": "Giriş yapmak",
  "153": "Hakkında",
  "154": "Gizlilik Politikası",
  "155": "Şartlar ve koşullar",
  "156": "Feragatname",
  "157": "Bize Ulaşın",
  "158": "Bitcoin 360 AI incelemesi",
  "159": "DÜZENLEME VE YÜKSEK RİSKLİ YATIRIM UYARISI: Forex, CFD ve Kripto para birimleri ticareti önemli faydalar sağlayabilir, ancak aynı zamanda bir risk seviyesi taşır ve tüm yatırımcılar için uygun olmayabilir.Kaybetmeyi göze alamayacağınız sermaye ile spekülasyon yapmamalısınız.Herhangi bir yatırım yapmadan önce ŞARTLAR ve KOŞULLARIMIZI ve tam YASAL UYARI sayfamızı okumanızı şiddetle tavsiye ederiz.Müşteriler, ikamet ettikleri ülkedeki bireysel sermaye kazancı vergi yükümlülüklerinin farkında olmalıdır.ABD’li kişilerden, ‘tahmin’ sözleşmeleri olarak adlandırılsalar bile, CFTC’ye kayıtlı bir borsada işlem görmeleri ve işlem görmemeleri veya yasal olarak muaf tutulmadıkları sürece, emtia seçeneklerini satın almalarını ve satmalarını istemek yasalara aykırıdır.Bu web sitesini ziyaret ederken deneyiminizi iyileştirmeye yardımcı olmak için bilgisayarınıza ÇEREZLER yerleştirdik.Bilgisayarınızdaki Çerez ayarlarını istediğiniz zaman değiştirebilirsiniz.Bu web sitesinin kullanımı, bu web sitesinin GİZLİLİK POLİTİKASINI kabul ettiğiniz anlamına gelir."
}