{
  "1": "Bitcoin 360 Ai – Comércio criptográfico simplificado, incluindo a versão BTC Avapro 2.0 Bot",
  "2": "Junte-se hoje ao BTC 360 Ai",
  "3": "Olá, nós somos",
  "4": "Bitcoin 360 Ai",
  "5": "App",
  "6": "O que é o Bitcoin 360 Ai?",
  "7": "O",
  "8": "BTC 360 Ai",
  "9": "é um aplicativo de auto-negociação de AI-algoritmo que desencadeia alertas de negociação quando determinados critérios são cumpridos, tem uma interface única de fácil utilização que o torna atractivo tanto para comerciantes iniciantes como avançados. A Bitcoin Bot 360 Ai fornece uma plataforma de comércio criptográfico segura mas de fácil acesso e portátil, junta-se à nossa crescente comunidade de comerciantes e descobre o potencial da XBT & outras moedas criptográficas.",
  "10": "Registe-se com segurança",
  "11": "Bitcoin 360 AI 21",
  "12": "Somos uma App de Alertas de Oportunidades Comerciais Crypto",
  "13": "O Bitcoin 360 Ai é uma ferramenta de comércio criptográfico que fornece alertas de oportunidades comerciais com base em algoritmos alimentados por Ai. A nossa visão é tornarmo-nos a maior plataforma para a comunidade de comerciantes criptográficos apoiada pela nossa App de comércio social e outras características relacionadas com o comércio de multidões.",
  "14": "Bitcoin 360 AI 22",
  "15": "Apresentamos a nossa versão Bit Avapro 2.0 Bot Auto-trading",
  "16": "O Bit Avapro 2.0 Bot é uma versão de aplicação que inclui dois modos de comércio, um modo de comércio totalmente automático e um modo manual. O comércio automático autoriza o aplicativo a executar todas as actividades comerciais sem intervenção humana, enquanto que o modo manual não executa as transacções, mas alerta os comerciantes quando as oportunidades comerciais são desencadeadas pelos nossos algoritmos Ai.",
  "17": "Bitcoin 360 AI 23",
  "18": "Utilizamos algoritmos únicos de Ai Algoritmos",
  "19": "Algoritmos sofisticados de inteligência artificial dão poder às estratégias comerciais Bitcoin 2.0 Avapro. A fim de fornecer resultados óptimos mas ainda assim conservadores, a aplicação está constantemente a digitalizar mais de 100 mercados de criptografia em tempo real, procurando padrões e correlações historicamente comprovados a fim de desencadear alertas de oportunidades comerciais de qualidade.",
  "20": "Bit 360 Ai – Feito tanto para iniciantes como para comerciantes de criptografia experientes",
  "21": "O Bitcoin 360 Ai é uma aplicação de concepção simplificada, mas ainda inclui características comerciais avançadas que a tornam adequada tanto para principiantes como para comerciantes avançados.",
  "22": "A criptografia está a ganhar reconhecimento e reconhecimento rapidamente, tendo sido negociada há mais de uma década e atraindo assim todo o tipo de investidores; o grupo de investidores BTC Bot Ai 360 inclui todos os níveis de investidores, a nossa comunidade inclui investidores altamente qualificados, bem como novatos que se depararam com o comércio de criptografia pela primeira vez.",
  "23": "Com a nossa versão Bitcoin Avapro 2.0 qualquer pessoa pode criar modelos comerciais de moeda criptográfica automática, manual ou híbrida sem ter qualquer conhecimento prévio.",
  "24": "Os comerciantes podem executar quantidades ilimitadas de transacções de curto ou longo prazo 24 horas por dia. Isto permite-lhes maximizar o potencial dos mercados criptográficos e ter mais tempo para desfrutar da sua liberdade financeira e sucesso. O aplicativo pode automatizar o scan dos mercados e a execução de negócios lucrativos de acordo com as regras estabelecidas pelo investidor ou pelo trader.",
  "25": "Registe-se no nosso Bitcoin 360 Ai e junte-se hoje à nossa comunidade de comerciantes",
  "26": "ALGO COMERCIAL MODERNO",
  "27": "O BTC 360 Ai utiliza tecnologias ultra-modernas para obter vantagem de execução comercial sobre outros bots de comércio de algo. Esta é uma das plataformas de negociação de mais alta tecnologia existente, utiliza continuamente algoritmos informáticos sofisticados para monitorizar e analisar os mercados para as melhores condições. Como resultado, o nosso Ai orgulha-se de possuir registos de pista continuamente optimizados.",
  "28": "TECNOLOGIA AVANÇADA",
  "29": "BTC 2.0 Avapro Bot é uma aplicação líder no comércio de moeda criptográfica, oferece mais de 100 activos criptográficos negociáveis. É o pacote completo. É acessível a todos os níveis de experiência e tem uma interface intuitiva. Além disso, baseia-se numa verificação de algoritmos de registo histórico com o objectivo de produzir alertas comerciais óptimos.",
  "30": "BASEADO EM PRÉ-FORMAS",
  "31": "Associações, comerciantes, corretores e membros possuem a estimativa elevada BTC Bot 360 Ai devido ao seu historial comprovado e elevado desempenho, mesmo em condições de mercado extremas. Além disso, o serviço ao cliente está disponível 24/7, a nossa equipa de apoio irá responder a perguntas gerais ou fornecer assistência técnica.",
  "32": "INSCREVA-SE DE GRAÇA",
  "33": "Como funciona o Bitcoin 360 Ai",
  "34": "INSCREVER-SE GRATUITAMENTE",
  "35": "O registo é totalmente gratuito, basta preencher o nosso breve formulário de registo localizado na parte superior deste",
  "36": "Bitcoin Avapro 2.0 homepage",
  "37": "São necessárias informações básicas, incluindo o seu nome legal completo, endereço electrónico, número de telefone, e país de residência. Após a aceitação do formulário em linha, tornar-se-á membro da nossa comunidade de comerciantes. Pode começar imediatamente a utilizar a nossa aplicação de negociação de moeda criptográfica.",
  "38": "ACTIVAÇÃO DA CONTA",
  "39": "sim que a sua conta comercial Bitcoin 2.0 Avapro tiver sido registada, está pronto para começar a negociar e a investir. Só é necessário investir 250 euros com um dos corretores de apoio para começar a utilizar a aplicação. É proprietário de todo o dinheiro que investe e de todo o dinheiro que ganha. Os fundos podem ser retirados ou reinvestidos em actividades comerciais. Pode utilizar os fundos da sua conta para financiar a negociação criptográfica.",
  "40": "CRIPTO DE COMÉRCIO",
  "41": "Uma vez a sua conta criada e os fundos disponíveis, pode começar a treinar e a negociar. Os corretores tratarão de tudo em termos de ligar a nossa aplicação à sua plataforma de execução. o aplicativo não só analisa o mercado em busca de oportunidades prováveis, como também pode executar operações para maximizar os seus potenciais de margem. Também pode mudar para o comércio manual se preferir mais controlo do que os seus negócios.",
  "42": "Registe-se em segurança em BTC 2.0 Avapro Bot Agora",
  "43": "Bitcoin 360 Ai scam – Alerta de aviso de cópia da aplicação",
  "44": "Alerta de fraude BTC 360 Ai",
  "45": "O esquema Bitcoin 360 Ai é um cenário em que fontes pouco fiáveis fazem cópias da nossa aplicação, dada a natureza não regulamentada das moedas criptográficas em todo o mundo, software e produtos como as nossas versões de aplicação, incluindo o Bitcoin Bot 2.0, são alvo de abusadores que estão a copiar a nossa aplicação em diferentes formas e formatos. Pode ter a certeza de que está agora a visitar o website oficial do",
  "46": ", o registo na nossa aplicação é gratuito. Apenas quando decidir iniciar a actividade comercial, terá de financiar a sua conta com um dos nossos corretores apoiados por terceiros, mediante o seu consentimento, passaremos as suas informações de contacto a um dos corretores que o orientará e explicará sobre a negociação, bem como sobre os procedimentos de activação.",
  "47": "Um relatório independente sobre a nossa aplicação pode ser encontrado",
  "48": "aqui",
  "49": "O Bit Avapro 2.0 é afectado pelos recentes meios negativos na indústria do criptograma?",
  "50": "Absolutamente NÃO!",
  "51": "Bitcoin 360 Ai é uma aplicação de comércio de criptografia legítima, fiável e respeitável, foi concebida para ser simples de utilizar e ainda assim proporcionar resultados excepcionais. Pode ser usado como um modo de comércio automático, eliminando fraquezas humanas como inexperiência, emoções, tempo, e indecisão. BTC Bot Ai 360 é mais do que uma simples aplicação comercial, é de facto uma comunidade onde os comerciantes podem partilhar ideias e resultados uns com os outros para se educarem a si próprios. A aplicação é utilizada diariamente por novatos e comerciantes experientes que dela beneficiam efectivamente financeiramente",
  "52": "REGISTO GRATUITO",
  "53": "Bitcoin Avapro Bot 2.0 Inteligência Artificial",
  "54": "BTC Avapro 2.0 é uma aplicação orientada para a inteligência artificial que utiliza as mais recentes tecnologias para fazer avançar o seu comércio criptográfico com mais confiança e maior potencial de margens. Com os seus algoritmos de vanguarda, o software fornece conhecimentos e análises de mercado em tempo real, para que possa tomar decisões de execução de negociação informadas.",
  "55": "O Avapro 360 Ai Bot é constantemente actualizado com as últimas características do mercado, pelo que terá sempre as ferramentas mais actualizadas para fazer investimentos óptimos. Poderá ver como o mercado se está a sair em tempo real e tomar decisões em conformidade. Estes dados são essenciais para quem procura lucrar nos mercados criptográficos.",
  "56": "Ao analisar estes dados, pode tomar decisões informadas sobre que moeda comprar e vender e quando o fazer.",
  "57": "Encontre",
  "58": "aqui",
  "59": "mais informações úteis sobre inteligência artificial nos mercados de moeda criptográfica",
  "60": "BTC Ai Avapro 360 Conta de demonstração",
  "61": "Quando se está a negociar na bolsa de valores, saber quando comprar e vender é essencial. Isto pode ajudá-lo a maximizar os seus lucros e a minimizar as suas perdas. Uma maneira de praticar isto é utilizar uma",
  "62": "conta de demonstração",
  "63": "Uma conta demo é uma óptima maneira de aprender sobre o mercado de acções e como funciona. Também se pode utilizar a demonstração para testar novas estratégias.",
  "64": "Bitcoin 360 Ai demo é uma versão de aplicação que é utilizada para testar os mercados em qualquer dispositivo que esteja ligado à Internet.",
  "65": "Isto inclui desktops, comprimidos e dispositivos móveis, todos eles não requerem o download da aplicação.",
  "66": "A aplicação de demonstração BTC 360 Ai é um ambiente sem riscos que simula a negociação real no mercado, na versão de demonstração obtém todos os benefícios da aplicação de negociação ao vivo, tais como: análise rápida, sinais precisos, e negociações automatizadas.",
  "67": "Mesmo o modo de negociação manual de demonstração inclui todos os benefícios e características da aplicação Bitcoin 360 Ai ao vivo, esta opção de negociação manual de demonstração dá-lhe maior controlo sobre as suas transacções se quiser mais prática no modo de demonstração antes de entrar em directo.",
  "68": "Referências da aplicação britânica Bitcoin 360 Ai Martin Lewis",
  "69": "Bitcoin 360 Ai é uma popular aplicação comercial de criptografia que ganhou popularidade em todo o mundo e, no Reino Unido especificamente, por isso atrai cobertura mediática, tais referências mediáticas são também geradas por abusadores que “cavalgam” à volta do nosso nome com o objectivo de ganhar visitantes aos seus sites Bitcoin 360 Ai copiados, uma das suas estratégias é utilizar os nomes de celebridades juntamente com o nome da nossa aplicação – fazem-no de modo a ganhar a confiança dos clientes para se registarem com eles. Encontrámos recentemente referências nos meios de comunicação britânicos sobre investimentos feitos no Bitcoin 360 Ai por Martin Lewis. Gostaríamos de esclarecer que essa imprensa mediática relativa a Martin Lewis não foi publicada por nós e não está, de forma alguma, relacionada connosco.",
  "70": "Como se pode ver",
  "71": "neste",
  "72": "relatório fiável, qualquer anúncio que fale de investimentos feitos pela Matin Lewis em Bitcoin 360 Ai e provavelmente qualquer outra aplicação de comércio de criptografia é falso.",
  "73": "Elon Musk Bitcoin 360 Ai cobertura mediática",
  "74": "BTC Ai Bot 2.0 é uma popular aplicação de comércio de bens criptográficos, o sucesso da nossa aplicação, que opera no nicho das moedas criptográficas – um nicho regulador incerto na maioria das partes do mundo, é um sucesso que atrai a imprensa de todos os diferentes tipos de partidos, infelizmente também de alguns abusadores que usam o nosso nome de forma pouco ética e ilegível. Notámos alguma cobertura mediática sobre uma ligação entre Elon Musk e Bitcoin 360 Ai – e gostamos de afirmar que essa imprensa não veio de nós e por muito que queiramos divulgar a nossa lista de investidores, somos incapazes devido aos acordos de privacidade que temos em vigor. Gostaríamos de esclarecer que não foi publicada por nós nenhuma imprensa relacionada com qualquer tipo de ligação entre Elon Musk e Bitcoin360ai.com e tal ligação não existe.",
  "75": "A nossa versão Bit 2.0 Avapro do aplicativo híbrido de auto-comercialização combina características comerciais manuais e automatizadas de humor que a fazem sobressair acima dos concorrentes.",
  "76": "Bitcoin 360 Ai por defeito e 2.0 Avapro versão App principais características",
  "77": "O preço do Bitcoin 360 Ai é zero",
  "78": "O preço do Bitcoin 360 Ai é zero. Não há taxa de registo, toda a actividade comercial e utilização das nossas funcionalidades são totalmente gratuitas. ganharemos os nossos honorários com a característica futura que iremos introduzir mais de q2, q3 de 2023.",
  "79": "Sem download obrigatório",
  "80": "A versão web do BTC 2.0 Avapro 360 Ai não requer instalação ou download, porque é uma plataforma baseada na Internet que pode ser operada a partir de qualquer navegador ligado à Internet e a partir de qualquer dispositivo ou local.",
  "81": "Registo Bitcoin 360 Ai sem complicações",
  "82": "É fácil e rápido de registar para Bitcoin 360 Ai. O processo de registo é fácil e rápido, uma vez feito, poderá ligá-lo a um dos corretores onde poderá executar os negócios.",
  "83": "Verificação",
  "84": "rápida",
  "85": "e fácil",
  "86": "Bitcoin 360 Ai torna a verificação da sua conta fácil e segura. Após o registo, com o seu consentimento, iremos transferir os seus dados de contacto para um dos corretores de apoio que o contactará para verificar e activar a sua conta de negociação.",
  "87": "Interface de fácil utilização",
  "88": "A plataforma Bitcoin 360 Ai auto-trading tem uma interface muito intuitiva e é fácil de operar. Foi criado com o objectivo de apoiar o comércio inexperiente. Como resultado, a aplicação é fácil de usar mas inclui ainda características comerciais avançadas.",
  "89": "Fundos Mínimos Requeridos",
  "90": "A exigência de depósito inicial com a maioria dos nossos corretores de apoio à aplicação é de 250 euros. Este montante só será utilizado para financiar negócios e não para quaisquer taxas de aplicação que actualmente são completamente gratuitas.",
  "91": "Selecção múltipla de bens",
  "92": "Ao utilizar a nossa App, pode obter alertas de oportunidades comerciais sobre moedas fiat, acções, mercadorias e múltiplas moedas criptográficas (Bitcoin Cash, XBT, Ethereum Monero, Ripple, e Dash) esta funcionalidade está disponível para todos os membros do BTC 360 Ai.",
  "93": "Bitcoin 360 Ai reddit e outras comunidades",
  "94": "Os membros do Bitcoin 360 Ai estão a tornar-se uma comunidade que faz brainstorming, partilha ideias ou apenas fala sobre temas gerais da vida em plataformas como o vermelho, a discórdia e outros. à medida que o nosso projecto se desenvolve, iremos administrar esses canais comunitários e encorajar as conversações entre os nossos membros.",
  "95": "Eficiência temporal em lançamentos de novas funcionalidades",
  "96": "Os membros Bitcoin Bot 360 Ai estão sempre um passo à frente! Esta é apenas uma das muitas vantagens que dão ao software a sua vantagem e a capacidade de alcançar uma popularidade tão elevada a nível mundial.",
  "97": "Definições conservadoras ou de maior risco",
  "98": "O Bitcoin 360 Ai foi concebido para identificar potenciais oportunidades comerciais e transformá-las em sinais comerciais. A aplicação permite definir o nível de risco dos alertas, o que significa que cada comerciante pode personalizar as características da aplicação com base no apetite de risco individual.",
  "99": "Pagamento fácil e seguro ins e Payouts",
  "100": "Para financiamento e levantamento é a sua conta de corretor de apoio 2.0 Avapro 360 Ai, pode utilizar um cartão de crédito ou de débito, transferências de dinheiro, transferências bancárias, e até mesmo quaisquer carteiras electrónicas. Qualquer levantamento será devolvido ao método de pagamento original que utilizou inicialmente para financiar a sua conta.",
  "101": "Segurança de Dados Rigorosa",
  "102": "Todas as suas acções financeiras, de informação pessoal e comerciais são estritamente mantidas num ambiente seguro. A sua segurança é a nossa reputação, é a nossa principal prioridade manter a sua informação nos mais elevados padrões de segurança.",
  "103": "Conta Demo BTC 360 Ai",
  "104": "Pode testar as regras escolhidas com a conta Bitcoin 360 Ai Demo e praticar as suas competências sem risco. Depois de ser proficiente em operações de demonstração, pode iniciar transacções genuínas.",
  "105": "Característica moderna do Backtesting",
  "106": "A funcionalidade Backtesting no versoin da aplicação Bitcoin Bot 360 Ai permite-lhe testar as suas estratégias comerciais em condições de mercado passadas. Isto permitir-lhe-á modificar e optimizar as suas definições em qualquer altura.",
  "107": "Personalização Flexível",
  "108": "Bitcoin 360 Ai oferece muitos modos e variáveis comerciais que podem ser personalizados. Isto permite uma personalização máxima para se adequar às suas preferências comerciais.",
  "109": "Apoio ao Cliente 24/7",
  "110": "O sucesso, o conforto e a satisfação dos clientes e dos clientes são a nossa maior prioridade. É por isso que temos representantes de serviço ao cliente disponíveis 24 horas por dia, 7 dias por semana, para o ajudar.",
  "111": "ASSINE AGORA",
  "112": "Recursos de conhecimento",
  "113": "Bitcoin Bot 360 Ai quer que tenha todos os recursos educativos de que necessita num só lugar.",
  "114": "Isto permitir-lhe-á manter-se a par das últimas notícias e tendências, educar-se, adquirir os conhecimentos e ferramentas de que necessita para ter sucesso no mercado de bens digitais, e maximizar o seu potencial de fazer dinheiro.",
  "115": "Junte-se à nossa comunidade e saiba mais sobre a história do mercado, estratégias e dicas comerciais, mineração de moeda criptográfica, guias detalhados, e outras informações úteis.",
  "116": "PERGUNTAS FREQUENTEMENTE COLOCADAS",
  "117": "O que é o Bitcoin 360 Ai?",
  "118": "Bitcoin 360 Ai é uma aplicação criptográfica que produz alertas de oportunidades comerciais alimentados por algoritmos que analisam os movimentos do mercado ao vivo numa busca de padrões e correlações e os comparam com as análises retrospectivas históricas, por isso, quando certas condições são cumpridas – um alerta de oportunidade comercial é accionado no front-end da aplicação.",
  "119": "O que é o Bitcoin 2.0 Avapro 360 Ai?",
  "120": "O Bitcoin 2.0 Avapro 360 Ai é uma versão de aplicação que inclui modelos híbridos nos quais os comerciantes podem escolher entre execução automatizada ou execução manual; a versão iFex está disponível para todos os comerciantes e não requer qualquer configuração ou custo adicional.",
  "121": "Quais são as indicações de legitimidade do Bitcoin 360 Ai 2.0 Avapro?",
  "122": "itcoin 360 Ai 2.0 Avapro é uma aplicação de comércio de criptografia legítima,",
  "123": "vários operadores de aplicações abusivas estão a tirar partido do nosso nome e reputação,",
  "124": "mas pode facilmente assegurar-se de que se regista com a aplicação correcta simplesmente verificando que se está a registar com o autêntico URL bitcoin360ai.com. Além disso, nunca lhe pediremos qualquer taxa. O único pagamento que lhe será exigido será o de financiar a sua conta de negociação com um dos corretores de apoio, e só o poderá fazer quando se sentir suficientemente confiante para negociar, enquanto outras aplicações abusivas exigirão pagamentos adiantados.",
  "125": "O XBT App 2.0 Avapro 360 Ai é o mesmo que o BTC 360 Ai?",
  "126": "Sim, XBT App 2.0 Avapro 360 Ai é o mesmo que Bitcoin 360 Ai. A nossa aplicação inclui vários nomes alternativos. Como exemplo, em algumas regiões do mundo, o termo XBT é mais popular do que ‘Bitcoin’, mas ambos os termos são na realidade os mesmos.",
  "127": "Quem é o proprietário do Bitcoin 360 Ai?",
  "128": "Devido a acordos com investidores, temos em vigor. Actualmente não podemos divulgar ao público a nossa lista de investidores. No entanto, podemos confirmar que os nossos investidores incluem VCs da Ásia, bem como jogadores individuais de criptografia de alto nível.",
  "129": "O XBT App 360 Ai é regulado?",
  "130": "As moedas criptográficas não são regulamentadas na maioria das partes do mundo. Por conseguinte, não existe um regulador oficial para a actividade da aplicação. No entanto, como empresa com visão a longo prazo, realizamos acções de auto-regulação contínuas, que incluem auditorias por empresas reputadas, verificações de cibersegurança e protocolos rigorosos de “conheça o seu cliente ou parceiro” para assegurar que os nossos fornecedores, clientes e prestadores de serviços estão a trabalhar em linha com os padrões regulamentares e profissionais.",
  "131": "Qual é o preço do Bitcoin 350 Ai 2.0 Avapro?",
  "132": "Bitcoin 360 Ai 2.0 Avapro é gratuito para todos os nossos membros. Actualmente não cobramos quaisquer taxas ou comissões; a nossa visão do modelo de negócio é criar uma relação a longo prazo com a nossa comunidade. Numa fase posterior da nossa aplicação ao vivo, iremos introduzir características especiais que permitirão aos comerciantes interessados em pagar pela sua utilização. Informaremos antecipadamente todos os nossos clientes sobre as alterações da política de preços.",
  "133": "Palavras finais",
  "134": "Já existe há algum tempo e construímos uma excelente reputação entre os nossos utilizadores. Muitos deles que fizeram boas margens utilizando os nossos serviços de aplicação são pessoas comuns sem experiência no comércio de divisas criptográficas.",
  "135": "Acreditamos que a melhor forma de trocar moedas criptográficas usando qualquer uma das nossas versões, ou seja, BTC, XBT, 2.0 Avapro App, é aprendendo a usá-la correctamente. Pode encontrar muita informação sobre a aplicação no nosso website, pelo que passar um pouco de tempo a navegar por ela deverá ajudá-lo a começar. Oferecemos também uma extensa secção de FAQ onde poderá encontrar respostas a quaisquer perguntas",
  "136": "Há algum risco envolvido no comércio de BTC, XBT e outras moedas criptográficas, mas se for feito correctamente, os riscos podem ser mitigados, e o potencial de margem pode ser maior.",
  "137": "Destaques da versão",
  "138": "Bitcoin 360 AI & 2.0 Avapro",
  "139": "Plataforma de negociação",
  "140": "Crypto",
  "141": "Custo da plataforma",
  "142": "Sem custos",
  "143": "Taxa de Retirada",
  "144": "Grátis",
  "145": "Tipo de plataforma",
  "146": "Plataforma Web, plataforma proprietária, Android do Google e iOS da Apple",
  "147": "Opção de depósito",
  "148": "PayPal, Skrill, Neteller, UnionPay, Webmoney, Yandex, Visa, Mastercard, AMEX, Diners Club",
  "149": "Países",
  "150": "Todos – Excepto EUA",
  "151": "Página principal",
  "152": "Entrar",
  "153": "Sobre nós",
  "154": "Política de Privacidade",
  "155": "Termos e Condições",
  "156": "Isenção de responsabilidade",
  "157": "Contate-nos",
  "158": "Revisão da ​Bitcoin 360 AI",
  "159": "REGULAMENTO E AVISO DE ALTO RISCO DE INVESTIMENTO: Negociar Forex, CFDs e moedas criptográficas pode gerar lucros significativos, mas também comporta um nível de risco e pode não ser adequado para todos os investidores. Recomendamos vivamente que leia os nossos TERMOS E CONDIÇÕES e a página completa do DISCLAIMER antes de fazer qualquer investimento. Os clientes devem estar cientes da sua responsabilidade fiscal individual de ganhos de capital no seu país de residência. É contra a lei solicitar a pessoas dos EUA que comprem e vendam opções de mercadorias, mesmo que sejam denominados 'contratos de previsão', a menos que estejam cotados para negociação e negociados numa bolsa registada em CFTC, ou a menos que estejam legalmente isentos. Colocámos COOKIES no seu computador para ajudar a melhorar a sua experiência quando visita este website. Pode alterar as definições dos cookies no seu computador em qualquer altura. A utilização deste website indica a sua aceitação deste website ds PRIVACY POLICY."
}