{
  "1": "Bitcoin 360 Ai – Uproszczony handel kryptowalutami, w tym wersja BTC Avapro 2.0 Bot",
  "2": "Dołącz do BTC 360 Ai już dziś",
  "3": "Witam, jesteśmy",
  "4": "Bitcoin 360 Ai",
  "5": "App",
  "6": "Czym jest Bitcoin 360 Ai?",
  "7": "",
  "8": "BTC 360 Ai",
  "9": "jest auto-handel AI-algorithm-driven App, który wyzwala alarmy handlowe, gdy pewne kryteria są spełnione, ma unikalny interfejs przyjazny dla użytkownika, co czyni go atrakcyjnym zarówno dla początkujących i zaawansowanych handlowców. Bitcoin Bot 360 Ai zapewnia zabezpieczoną, ale jednocześnie łatwo dostępną i przenośną platformę do handlu kryptowalutami, dołącz do naszej rosnącej społeczności handlowców i odkryj potencjał XBT & innych kryptowalut.",
  "10": "Bezpieczna rejestracja",
  "11": "Bitcoin 360 AI 21",
  "12": "Jesteśmy Crypto Trade Opportunities Alerts App",
  "13": "Bitcoin 360 Ai to narzędzie do handlu kryptowalutami, które dostarcza alertów o możliwościach handlowych w oparciu o algorytmy zasilane przez Ai. Naszą wizją jest stanie się największą platformą dla społeczności traderów kryptowalutowych wspieranych przez naszą aplikację social trading i inne funkcje związane z handlem tłumu.",
  "14": "Bitcoin 360 AI 22",
  "15": "Przedstawiamy naszą wersję Bit Avapro 2.0 Bot Auto-trading",
  "16": "Bit Avapro 2.0 Bot to wersja aplikacji, która zawiera dwa tryby handlu, tryb w pełni automatycznego handlu oraz tryb manualny. Auto trading upoważnia aplikację do wykonywania wszystkich czynności handlowych bez interwencji człowieka, podczas gdy tryb ręczny nie wykonuje transakcji, ale zamiast tego ostrzega inwestorów, gdy możliwości handlowe są wyzwalane przez nasze algorytmy Ai.",
  "17": "Bitcoin 360 AI 23",
  "18": "Używamy unikalnych algorytmów Ai",
  "19": "Wyrafinowane algorytmy sztucznej inteligencji wzmacniają strategie handlowe Bitcoin 2.0 Avapro. Aby zapewnić optymalne, ale jednocześnie konserwatywne wyniki, aplikacja stale skanuje ponad 100 rynków kryptowalut w czasie rzeczywistym, szukając historycznie sprawdzonych wzorców i korelacji w celu uruchomienia wysokiej jakości alarmów o możliwościach handlowych.",
  "20": "Bit 360 Ai – Stworzony zarówno dla początkujących, jak i doświadczonych traderów kryptowalut.",
  "21": "Bitcoin 360 Ai jest uproszczoną aplikacją zaprojektowaną, ale mimo to zawiera zaawansowane funkcje handlowe, dzięki czemu nadaje się zarówno dla początkujących, jak i zaawansowanych handlowców.",
  "22": "Kryptowaluty szybko zdobywają uznanie, są przedmiotem handlu od ponad dekady i dlatego przyciągają wszystkie rodzaje inwestorów; grupa inwestorów BTC Bot Ai 360 obejmuje wszystkie poziomy inwestorów, nasza społeczność obejmuje wysoko wykwalifikowanych inwestorów, jak również nowicjuszy, którzy natknęli się na handel kryptowalutami po raz pierwszy.",
  "23": "Dzięki naszej wersji Bitcoin Avapro 2.0 każdy może stworzyć automatyczne, ręczne lub hybrydowe modele handlu kryptowalutami bez posiadania wcześniejszej wiedzy.",
  "24": "Inwestorzy mogą realizować nieograniczoną ilość krótko- lub długoterminowych transakcji 24 godziny na dobę. Dzięki temu mogą maksymalnie wykorzystać potencjał rynków kryptowalutowych i mieć więcej czasu na cieszenie się wolnością finansową i sukcesem. Aplikacja może zautomatyzować skanowanie rynków i realizację zyskownych transakcji zgodnie z regułami ustalonymi przez inwestora lub przedsiębiorcę.",
  "25": "Zarejestruj się w naszym Bitcoin 360 Ai i dołącz do naszej społeczności traderów już dziś",
  "26": "NOWOCZESNE ALGO TRADING",
  "27": "BTC 360 Ai wykorzystuje ultranowoczesne technologie, aby osiągnąć przewagę w realizacji handlu nad innymi botami handlowymi algo. Jest to jedna z najbardziej zaawansowanych technologicznie platform handlowych istnieje, stale wykorzystuje zaawansowane algorytmy komputerowe do monitorowania i analizowania rynków dla najlepszych warunków. Dzięki temu nasze Ai może pochwalić się stale optymalizowanymi osiągnięciami.",
  "28": "NOWOCZESNA TECHNOLOGIA",
  "29": "BTC 2.0 Avapro Bot to wiodąca aplikacja do handlu kryptowalutami, oferuje ponad 100 zbywalnych aktywów kryptowalutowych. To kompletny pakiet. Jest on dostępny dla wszystkich poziomów doświadczenia i posiada intuicyjny interfejs. Ponadto, jest on oparty na historycznym rekordzie algorytmów kontroli w celu wytworzenia optymalnych alertów handlowych.",
  "30": "PREFOMANOWANY OPARTY",
  "31": "Stowarzyszenia, handlowcy, brokerzy i członkowie utrzymują wysoką ocenę BTC Bot 360 Ai ze względu na jego sprawdzone działanie i wysoką wydajność nawet w ekstremalnych warunkach rynkowych. Ponadto obsługa klienta jest dostępna 24/7, nasz zespół wsparcia odpowie na ogólne pytania lub zapewni pomoc techniczną.",
  "32": "ZAREJESTRUJ SIĘ ZA DARMO",
  "33": "Jak działa Bitcoin 360 Ai",
  "34": "ZAREJESTRUJ SIĘ ZA DARMO",
  "35": "Rejestracja jest całkowicie bezpłatna, wystarczy wypełnić nasz krótki formularz rejestracyjny znajdujący się na górze tej strony",
  "36": "Bitcoin Avapro 2.0 homepage.",
  "37": "Wymagane są podstawowe informacje, w tym pełne imię i nazwisko, adres e-mail, numer telefonu i kraj zamieszkania. Po zaakceptowaniu formularza online, staniesz się członkiem naszej społeczności traderów. Możesz natychmiast zacząć korzystać z naszej aplikacji do handlu kryptowalutami.",
  "38": "AKTYWACJA KONTA",
  "39": "Jak tylko konto handlowe Bitcoin 2.0 Avapro zostanie zarejestrowane, jesteś gotowy do rozpoczęcia handlu i inwestowania. Wystarczy zainwestować 250 euro u jednego z brokerów wspierających, aby zacząć korzystać z aplikacji. Jesteś właścicielem wszystkich pieniędzy, które inwestujesz i wszystkich pieniędzy, które zyskujesz. Środki te mogą być wycofane lub ponownie zainwestowane w działalność handlową. Środki z konta możesz wykorzystać do finansowania handlu kryptowalutami.",
  "40": "TRADE CRYPTO",
  "41": "Po założeniu konta i udostępnieniu środków, możesz rozpocząć trening i handel. Brokerzy zajmą się wszystkim w zakresie połączenia naszej aplikacji z ich platformą wykonawczą. Aplikacja nie tylko skanuje rynek pod kątem prawdopodobnych możliwości, ale może również wykonywać transakcje dla użytkownika, aby zmaksymalizować potencjał marży. Możesz również przełączyć się na handel ręczny, jeśli wolisz mieć większą kontrolę nad swoimi transakcjami.",
  "42": "Zarejestruj się bezpiecznie na BTC 2.0 Avapro Bot już teraz",
  "43": "Bitcoin 360 Ai scam – App copy caution alert",
  "44": "Ostrzeżenie o oszustwie BTC 360 Ai",
  "45": "Oszustwo Bitcoin 360 Ai to scenariusz, w którym niewiarygodne źródła tworzące kopie naszej aplikacji, biorąc pod uwagę nieuregulowany charakter kryptowalut na całym świecie, oprogramowanie i produkty, takie jak nasze wersje aplikacji, w tym Bitcoin Bot 2.0, są ukierunkowane przez nadużywających, którzy kopiują naszą aplikację w różnych formach i kształcie. Bądź spokojny, że teraz odwiedzasz oficjalną stronę",
  "46": ", rejestracja w naszej aplikacji jest bezpłatna. Tylko wtedy, gdy zdecydujesz się rozpocząć działalność handlową, będziesz musiał zasilić swoje konto u jednego z naszych brokerów wspieranych przez strony trzecie, po uzyskaniu Twojej zgody, przekażemy Twoje dane kontaktowe jednemu z brokerów, który poprowadzi Cię i wyjaśni procedury handlowe oraz aktywacyjne.",
  "47": "Niezależny raport na temat naszej aplikacji można znaleźć",
  "48": "tutaj",
  "49": "Czy Bit Avapro 2.0 wpływa na ostatnie negatywne media dotyczące branży kryptowalut?",
  "50": "Absolutnie nie!",
  "51": "Bitcoin 360 Ai to legalna, niezawodna i renomowana aplikacja do handlu kryptowalutami, została zaprojektowana tak, aby była prosta w użyciu, a jednocześnie zapewniała wyjątkowe wyniki. Może być używany jako automatyczny tryb handlu, eliminując ludzkie słabości, takie jak brak doświadczenia, emocje, czas i niezdecydowanie. BTC Bot Ai 360 to coś więcej niż tylko aplikacja handlowa, to w rzeczywistości społeczność, w której traderzy mogą dzielić się pomysłami i wynikami ze sobą, aby się edukować. Aplikacja jest używana codziennie przez początkujących i doświadczonych traderów, którzy faktycznie czerpią z niej korzyści finansowe.",
  "52": "BEZPŁATNA REJESTRACJA",
  "53": "Bitcoin Avapro Bot 2.0 Sztuczna inteligencja",
  "54": "BTC Avapro 2.0 to aplikacja napędzana sztuczną inteligencją, która wykorzystuje najnowsze technologie, aby rozwinąć swój handel kryptowalutami z większą pewnością i wyższym potencjałem marży. Dzięki najnowocześniejszym algorytmom, oprogramowanie zapewnia wgląd w rynek i analizę w czasie rzeczywistym, dzięki czemu można podejmować świadome decyzje dotyczące realizacji transakcji.",
  "55": "Avapro 360 Ai Bot jest stale aktualizowany o najnowsze cechy rynku, więc zawsze będziesz miał najbardziej aktualne narzędzia do dokonywania optymalnych inwestycji. Będziesz mógł zobaczyć, jak rynek radzi sobie w czasie rzeczywistym i podjąć odpowiednie decyzje. Te dane są niezbędne dla każdego, kto szuka zysków na rynkach kryptowalut.",
  "56": "Analizując te dane, możesz podejmować świadome decyzje o tym, które monety kupić i sprzedać oraz kiedy to zrobić.",
  "57": "Znajdź",
  "58": "tutaj",
  "59": "więcej przydatnych informacji na temat sztucznej inteligencji na rynkach kryptowalut.",
  "60": "BTC Ai Avapro 360 konto demo",
  "61": "Kiedy handlujesz na giełdzie, wiedza o tym, kiedy kupować i sprzedawać jest niezbędna. Może to pomóc w maksymalizacji zysków i minimalizacji strat. Jednym ze sposobów na przećwiczenie tego jest skorzystanie z",
  "62": "konta demo",
  "63": "Konto demo to świetny sposób na poznanie giełdy i jej funkcjonowania. Możesz również użyć demo do przetestowania nowych strategii.",
  "64": "Bitcoin 360 Ai demo to wersja aplikacji, która służy do testowania rynków na dowolnym urządzeniu podłączonym do internetu.",
  "65": "Dotyczy to komputerów stacjonarnych, tabletów i urządzeń mobilnych, wszystkie nie wymagają pobrania aplikacji.",
  "66": "Aplikacja demo BTC 360 Ai to środowisko bez ryzyka, które symuluje handel na prawdziwym rynku, w wersji demo otrzymujesz wszystkie korzyści z aplikacji do handlu na żywo, takie jak: szybka analiza, precyzyjne sygnały i automatyczne transakcje.",
  "67": "Nawet tryb handlu ręcznego demo zawiera wszystkie korzyści i funkcje aplikacji Bitcoin 360 Ai na żywo, ta opcja handlu ręcznego demo daje większą kontrolę nad transakcjami, jeśli chcesz więcej praktyki w trybie demo przed przejściem na żywo.",
  "68": "UK App Bitcoin 360 Ai Martin Lewis referencje medialne",
  "69": "Bitcoin 360 Ai jest popularną aplikacją do handlu kryptowalutami, która zyskała popularność na całym świecie, a w Wielkiej Brytanii konkretnie, stąd przyciąga zainteresowanie mediów, takie odniesienia medialne są również generowane przez nadużywających, którzy “jeżdżą” buzz wokół naszej nazwy w celu zdobycia odwiedzających do swoich skopiowanych witryn Bitcoin 360 Ai, jedną z ich strategii jest użycie nazwisk celebrytów wraz z naszą nazwą aplikacji – robią to, aby zdobyć zaufanie klientów, aby zarejestrować się w nich. Ostatnio natknęliśmy się w brytyjskich mediach na wzmianki o inwestycji dokonanej w Bitcoin 360 Ai przez Martina Lewisa. Chcielibyśmy wyjaśnić, że taka prasa medialna dotycząca Martina Lewisa nie została opublikowana przez nas i w żadnym wypadku nie jest z nami związana.",
  "70": "Jak widać w",
  "71": "tym",
  "72": "wiarygodnym raporcie, wszelkie reklamy mówiące o inwestycjach dokonanych przez Matina Lewisa w Bitcoin 360 Ai i prawdopodobnie każdą inną aplikację do handlu kryptowalutami są fałszywe.",
  "73": "Elon Musk Bitcoin 360 Ai relacje z mediów",
  "74": "BTC Ai Bot 2.0 jest popularną aplikacją do handlu aktywami kryptowalutowymi, sukces naszej aplikacji, która działa w niszy kryptowalut – niepewnej niszy regulacyjnej w większości części świata, jest sukcesem, który przyciąga prasę ze wszystkich różnych rodzajów stron, niestety również od niektórych nadużywających, którzy używają naszej nazwy nieetycznie i nielegalnie. Zauważyliśmy pewne doniesienia w mediach na temat powiązań między Elonem Muskiem i Bitcoin 360 Ai – i chcemy oświadczyć, że taka prasa nie pochodzi od nas i tak bardzo, jak chcielibyśmy ujawnić naszą listę inwestorów, nie jesteśmy w stanie ze względu na umowy o ochronie prywatności, które mamy w miejscu. Chcemy wyjaśnić, że żadna prasa medialna związana z jakimkolwiek połączeniem między Elonem Muskiem a Bitcoin360ai.com nie została przez nas opublikowana i takie połączenie nie istnieje.",
  "75": "Nasza hybrydowa wersja Bit 2.0 Avapro auto-manual-trading App łączy w sobie funkcje humen manualnego i automatycznego handlu, co sprawia, że wyróżnia się na tle konkurencji.",
  "76": "Bitcoin 360 Ai w wersji domyślnej i 2.0 Avapro App główne cechy",
  "77": "Cena Bitcoin 360 Ai wynosi zero",
  "78": "Cena Bitcoin 360 Ai wynosi zero. Nie ma żadnej opłaty rejestracyjnej, wszystkie działania handlowe i korzystanie z naszych funkcji są całkowicie bezpłatne. będziemy zarabiać na przyszłych funkcjach, które wprowadzimy w 2, 3 kwartale 2023 roku.",
  "79": "Brak obowiązku pobierania",
  "80": "Wersja internetowa BTC 2.0 Avapro 360 Ai nie wymaga instalacji ani pobierania, ponieważ jest to internetowa platforma internetowa, która może być obsługiwana z dowolnej przeglądarki internetowej i z dowolnego urządzenia lub lokalizacji.",
  "81": "Bitcoin 360 Ai rejestracja bez kłopotów",
  "82": "Rejestracja w Bitcoin 360 Ai jest łatwa i szybka. Proces rejestracji jest łatwy i szybki, po wykonaniu, będziesz mógł połączyć go z jednym z brokerów, gdzie można wykonać transakcje.",
  "83": "Szybka",
  "84": "i",
  "85": "łatwa weryfikacja",
  "86": "Bitcoin 360 Ai sprawia, że weryfikacja konta jest łatwa i bezpieczna. Po rejestracji, za Twoją zgodą, przekażemy Twoje dane kontaktowe do jednego z brokerów wspierających, który skontaktuje się z Tobą w celu weryfikacji i aktywacji Twojego konta handlowego.",
  "87": "Przyjazny dla użytkownika interfejs",
  "88": "Platforma autotransakcyjna Bitcoin 360 Ai posiada bardzo intuicyjny interfejs i jest łatwa w obsłudze. Powstał on z myślą o wspieraniu niedoświadczonych handlowców. W rezultacie aplikacja jest łatwa w użyciu, ale jednocześnie zawiera zaawansowane funkcje handlowe.",
  "89": "Minimalne wymagane fundusze",
  "90": "Wymóg początkowego depozytu u większości brokerów wspierających naszą aplikację wynosi €250. Kwota ta zostanie wykorzystana jedynie do sfinansowania transakcji, a nie co za tym idzie opłat za aplikację, które obecnie są całkowicie bezpłatne.",
  "91": "Wybór wielu aktywów",
  "92": "Korzystając z naszej aplikacji, możesz uzyskać alerty możliwości handlowych na walutach fiat, akcjach, towarach i wielu kryptowalutach (Bitcoin Cash, XBT, Ethereum Monero, Ripple i Dash) ta funkcja jest dostępna dla wszystkich członków BTC 360 Ai.",
  "93": "Bitcoin 360 Ai reddit i inne społeczności",
  "94": "Członkowie Bitcoin 360 Ai stają się społecznością, która prowadzi burzę mózgów, dzieli się pomysłami lub po prostu rozmawia o ogólnym temacie życia na platformach takich jak reddit, discord i innych. W miarę rozwoju naszego projektu będziemy administrować takimi kanałami społecznościowymi i zachęcać do rozmów między naszymi członkami.",
  "95": "Efektywność czasowa przy wprowadzaniu nowych funkcji",
  "96": "Członkowie Bitcoin Bot 360 Ai są zawsze o krok do przodu! To tylko jedna z wielu zalet, które dają oprogramowaniu przewagę i możliwość osiągnięcia tak dużej popularności na całym świecie.",
  "97": "Ustawienia konserwatywne lub podwyższonego ryzyka",
  "98": "Bitcoin 360 Ai został zaprojektowany w celu identyfikacji potencjalnych możliwości handlowych i przekształcenia ich w sygnały handlowe. Aplikacja pozwala na ustawienie poziomu ryzyka alertów, co oznacza, że każdy inwestor może dostosować funkcje aplikacji w oparciu o indywidualny apetyt na ryzyko.",
  "99": "Łatwe i bezpieczne wpłaty i wypłaty",
  "100": "Do finansowania i wypłaty’s swojego konta brokerskiego 2.0 Avapro 360 Ai supportive, możesz użyć karty kredytowej lub debetowej, przelewów bankowych, a nawet wszelkich portfeli elektronicznych. Każda wypłata zostanie zwrócona na oryginalną metodę płatności, którą użyto do pierwotnego zasilenia konta.",
  "101": "Ścisłe bezpieczeństwo danych",
  "102": "Wszystkie Twoje finanse, informacje osobiste i działania handlowe są ściśle przechowywane w bezpiecznym środowisku. Twoje bezpieczeństwo jest naszą reputacją, naszym priorytetem jest utrzymanie Twoich informacji na najwyższym poziomie bezpieczeństwa.",
  "103": "BTC 360 Ai Konto Demo",
  "104": "Możesz przetestować wybrane przez siebie zasady dzięki Bitcoin 360 Ai Demo Account i ćwiczyć swoje umiejętności bez ryzyka. Po uzyskaniu biegłości w transakcjach demo, można rozpocząć prawdziwe transakcje.",
  "105": "Nowoczesna funkcja Backtesting",
  "106": "Funkcja Backtesting w aplikacji Bitcoin Bot 360 Ai versoin pozwala na przetestowanie strategii handlowych na przeszłych warunkach rynkowych. Dzięki temu w każdej chwili będziesz mógł zmodyfikować i zoptymalizować swoje ustawienia.",
  "107": "Elastyczne dostosowanie do potrzeb klienta",
  "108": "Bitcoin 360 Ai oferuje wiele trybów handlowych i zmiennych, które można dostosować. Pozwala to na maksymalne dostosowanie do własnych preferencji handlowych.",
  "109": "Obsługa klienta 24/7",
  "110": "Sukces, komfort i zadowolenie Klientów i Klientek są dla nas najwyższym priorytetem. Dlatego mamy przedstawicieli obsługi klienta dostępnych 24/7, aby Ci pomóc.",
  "111": "ZAREJESTRUJ SIĘ TERAZ",
  "112": "Zasoby wiedzy",
  "113": "Bitcoin Bot 360 Ai chce, abyś miał wszystkie potrzebne zasoby edukacyjne w jednym miejscu.",
  "114": "Dzięki temu będziesz mógł na bieżąco śledzić najnowsze wiadomości i trendy, edukować się, zdobywać wiedzę i narzędzia potrzebne do odniesienia sukcesu na rynku aktywów cyfrowych oraz zmaksymalizować swój potencjał zarabiania pieniędzy.",
  "115": "Dołącz do naszej społeczności i dowiedz się więcej o historii rynku, strategiach i wskazówkach handlowych, wydobywaniu kryptowalut, szczegółowych przewodnikach i innych pomocnych informacjach.",
  "116": "CZĘSTO ZADAWANE PYTANIA",
  "117": "Czym jest Bitcoin 360 Ai?",
  "118": "Bitcoin 360 Ai to aplikacja do handlu kryptowalutami napędzana Ai, która produkuje alerty możliwości handlowych zasilane przez algorytmy, które skanują ruchy rynkowe na żywo w poszukiwaniu wzorów i korelacji oraz porównują je z historycznymi skanami wstecznymi, więc kiedy pewne warunki są spełnione – alert możliwości handlowych jest uruchamiany na froncie aplikacji.",
  "119": "Czym jest Bitcoin 2.0 Avapro 360 Ai?",
  "120": "Bitcoin 2.0 Avapro 360 Ai to wersja aplikacji, która zawiera modele hybrydowe, w których inwestorzy mogą wybierać między automatyczną realizacją transakcji a ręczną realizacją transakcji; wersja iFex jest dostępna dla wszystkich handlowców i nie wymaga żadnej dodatkowej konfiguracji ani kosztów.",
  "121": "Jakie są przesłanki legalności Bitcoin 360 Ai 2.0 Avapro?",
  "122": "Bitcoin 360 Ai 2.0 Avapro jest legalną aplikacją do handlu kryptowalutami,",
  "123": "kilku nadużywających operatorów aplikacji korzysta z naszej nazwy i reputacji,",
  "124": "ale możesz łatwo zapewnić, że rejestrujesz się w prawidłowej aplikacji po prostu sprawdzając, czy rejestrujesz się z autentycznym adresem URL bitcoin360ai.com. Co więcej, nigdy nie będziemy żądać od Ciebie żadnych opłat. Jedyną płatnością, którą będziesz musiał wykonać, jest zasilenie konta handlowego u jednego z brokerów wspierających aplikację, i możesz to zrobić dopiero wtedy, gdy poczujesz się wystarczająco pewnie, aby handlować, podczas gdy inne aplikacje obraźliwe będą wymagały płatności z góry.",
  "125": "Czy XBT App 2.0 Avapro 360 Ai to to samo co BTC 360 Ai?",
  "126": "Tak, XBT App 2.0 Avapro 360 Ai jest tym samym co Bitcoin 360 Ai. Nasza aplikacja zawiera kilka alternatywnych nazw. Przykładowo, w niektórych regionach świata termin XBT jest bardziej popularny niż “Bitcoin”, ale oba terminy to w rzeczywistości to samo.",
  "127": "Kto jest właścicielem Bitcoin 360 Ai?",
  "128": "W związku z umowami inwestorskimi, posiadamy. Obecnie nie możemy ujawnić publicznie naszej listy inwestorów. Możemy jednak potwierdzić, że wśród naszych inwestorów znajdują się VC z Azji, a także pojedynczy wysoko postawieni gracze kryptowalutowi.",
  "129": "Czy XBT App 360 Ai jest regulowany?",
  "130": "Kryptowaluty nie są regulowane w większości części świata. Dlatego nie ma oficjalnego regulatora działalności aplikacji. Jednak jako firma o długoterminowej wizji prowadzimy bieżące działania samoregulacyjne, które obejmują audyty prowadzone przez renomowane firmy, kontrole bezpieczeństwa cybernetycznego oraz ścisłe protokoły “poznaj swojego klienta lub partnera”, aby zapewnić, że nasi dostawcy, klienci i usługodawcy działają zgodnie ze standardami regulacyjnymi i zawodowymi.",
  "131": "Jaka jest cena Bitcoina 350 Ai 2.0 Avapro?",
  "132": "Bitcoin 360 Ai 2.0 Avapro jest bezpłatny dla wszystkich naszych członków. Obecnie nie pobieramy żadnych opłat ani prowizji; naszą wizją modelu biznesowego jest stworzenie długoterminowej relacji z naszą społecznością. W późniejszym etapie naszej aplikacji na żywo, wprowadzimy specjalne funkcje, które pozwolą handlowcom zainteresowanym płacić za ich używanie. O zmianach polityki cenowej będziemy informować wszystkich naszych klientów z wyprzedzeniem.",
  "133": "Słowa końcowe",
  "134": "Istniejemy już od jakiegoś czasu i zbudowaliśmy doskonałą opinię wśród naszych użytkowników. Wielu z nich, którzy zrobili dobre marże, korzystając z usług naszej aplikacji, to zwykli ludzie bez doświadczenia w handlu kryptowalutami.",
  "135": "Wierzymy, że najlepszym sposobem na handel kryptowalutami przy użyciu którejkolwiek z naszych wersji, tj. BTC, XBT, 2.0 Avapro App jest nauczenie się, jak prawidłowo z niej korzystać. Wiele informacji o aplikacji znajdziesz na naszej stronie internetowej, więc poświęcenie odrobiny czasu na jej przeglądanie powinno pomóc Ci w rozpoczęciu pracy. Oferujemy również rozbudowany dział FAQ, w którym znajdziesz odpowiedzi na wszelkie pytania.",
  "136": "Istnieje pewne ryzyko związane z handlem BTC, XBT i innymi monetami kryptowalutowymi, ale jeśli jest to zrobione poprawnie, ryzyko może być złagodzone, a potencjał marży może być wyższy.",
  "137": "Bitcoin 360 AI i wersja 2.0",
  "138": "Avapro Najważniejsze informacje",
  "139": "Platforma handlowa",
  "140": "Kryptowaluta",
  "141": "Koszt platformy",
  "142": "Bez kosztów",
  "143": "Opłata za odstąpienie od umowy",
  "144": "Bezpłatnie",
  "145": "Rodzaj platformy",
  "146": "Oparta na sieci, własna platforma, Google’s Android i Apple’s iOS",
  "147": "Opcja wpłaty",
  "148": "PayPal, Skrill, Neteller, UnionPay, Webmoney, Yandex, Visa, Mastercard, AMEX, Diners Club",
  "149": "Kraje",
  "150": "Wszystkie – z wyjątkiem USA",
  "151": "Strona główna",
  "152": "Zaloguj się",
  "153": "O nas",
  "154": "Polityka prywatności",
  "155": "Regulamin",
  "156": "Zastrzeżenie",
  "157": "Skontaktuj się z nami",
  "158": "Recenzja AI Bitcoin 360 AI",
  "159": "REGULACJE I OSTRZEŻENIE INWESTYCYJNE WYSOKIEGO RYZYKA: Handel forex, kontraktami CFD i kryptowalutami może generować znaczne korzyści, ale także wiąże się z poziomem ryzyka i może nie być odpowiedni dla wszystkich inwestorów.Nie powinieneś spekulować kapitałem, na którego utratę nie możesz sobie pozwolić.Zdecydowanie zalecamy zapoznanie się z naszym REGULAMINEM i pełną stroną ZRZECZENIA SIĘ ODPOWIEDZIALNOŚCI przed dokonaniem jakiejkolwiek inwestycji.Klienci muszą być świadomi swoich indywidualnych zobowiązań podatkowych z tytułu zysków kapitałowych w kraju zamieszkania.Nakłanianie osób z USA do kupowania i sprzedawania opcji towarowych, nawet jeśli są one nazywane kontraktami „prognostycznymi”, chyba że są one notowane do obrotu i przedmiotem obrotu na giełdzie zarejestrowanej w CFTC lub chyba że są prawnie zwolnione.Umieściliśmy PLIKI COOKIE na Twoim komputerze, aby poprawić Twoje wrażenia podczas odwiedzania tej witryny.W każdej chwili możesz zmienić ustawienia plików cookie na swoim komputerze.Korzystanie z tej strony internetowej oznacza akceptację POLITYKI PRYWATNOŚCI tej witryny."
}