{
  "1": "Bitcoin 360 Ai – Einfölduð dulritunarviðskipti, þar á meðal BTC Avapro 2.0 Bot útgáfa",
  "2": "Skráðu þig í BTC 360 Ai í dag",
  "3": "Halló, við erum",
  "4": "Bitcoin 360 Ai",
  "5": "App",
  "6": "Hvað er Bitcoin 360 Ai?",
  "7": "",
  "8": "BTC 360 Ai",
  "9": "er sjálfvirkt AI-algrím-drifið forrit sem kallar á viðskiptaviðvaranir þegar ákveðin skilyrði eru uppfyllt, það hefur einstakt notendavænt viðmót sem gerir það aðlaðandi fyrir bæði byrjendur og lengra komna kaupmenn. Bitcoin Bot 360 Ai býður upp á öruggan en samt aðgengilegan og færanlegan dulritunarviðskiptavettvang, taktu þátt í vaxandi kaupmannasamfélagi okkar og uppgötvaðu möguleika XBT og annarra dulritunargjaldmiðla.",
  "10": "Skráðu þig á öruggan hátt",
  "11": "Bitcoin 360 AI 21",
  "12": "Við erum dulritunarviðvörunarforrit fyrir viðskiptatækifæri",
  "13": "Bitcoin 360 Ai er dulritunarviðskiptatæki sem veitir viðvaranir um viðskiptatækifæri byggðar á Ai-knúnum reikniritum. Framtíðarsýn okkar er að verða stærsti vettvangurinn fyrir samfélag dulritunarkaupmanna sem studdur er af félagslegum viðskiptum appsins okkar og öðrum mannfjöldaviðskiptum tengdum eiginleikum.",
  "14": "Bitcoin 360 AI 22",
  "15": "Við kynnum Bit Avapro 2.0 Bot sjálfvirka viðskiptaútgáfu okkar",
  "16": "Bit Avapro 2.0 Bot er app útgáfa sem inniheldur tvær viðskiptastillingar, fullkomlega sjálfvirkan viðskiptaham og handvirka stillingu. Sjálfvirk viðskipti heimila appinu að framkvæma allar viðskiptaaðgerðir án mannlegrar íhlutunar, á meðan handvirka stillingin framkvæmir ekki viðskiptin en þess í stað varar hún kaupmenn við þegar viðskiptatækifæri eru ræst af Ai reikniritunum okkar.",
  "17": "Bitcoin 360 AI 23",
  "18": "Við notum Unique Ai reiknirit",
  "19": "Háþróuð gervigreind reiknirit styrkja Bitcoin 2.0 Avapro viðskiptaaðferðir. Til að skila sem bestum en samt íhaldssömum niðurstöðum er appið stöðugt að skanna yfir 100 dulritunarmarkaði í rauntíma og leita að sögulega sannað mynstrum og fylgni til að kalla fram gæðaviðvaranir um viðskiptatækifæri.",
  "20": "Bit 360 Ai – Gert fyrir byrjendur jafnt sem reynda dulritunarkaupmenn",
  "21": "Bitcoin 360 Ai er einfaldað hannað app en inniheldur samt háþróaða viðskiptaeiginleika sem gerir það hentugt fyrir bæði byrjendur og lengra komna kaupmenn.",
  "22": "Crypto er að öðlast viðurkenningu og viðurkenningu hratt, eftir að hafa verið verslað í meira en áratug núna og laðar því að sér allar tegundir fjárfesta; BTC Bot Ai 360 fjárfestahópurinn samanstendur af öllum stigum fjárfesta, samfélag okkar inniheldur mjög hæfa fjárfesta sem og nýliða sem komust yfir dulritunarviðskipti í fyrsta skipti.",
  "23": "Með Bitcoin Avapro 2.0 útgáfunni okkar getur hver sem er búið til sjálfvirk, handvirk eða blendingur cryptocurrency viðskiptalíkön án þess að hafa nokkra forþekkingu.",
  "24": "Kaupmenn geta framkvæmt ótakmarkað magn af skammtíma- eða langtímaviðskiptum 24 tíma á dag. Þetta gerir þeim kleift að hámarka möguleika dulritunarmarkaðanna og hafa meiri tíma til að njóta fjárhagslegs frelsis og velgengni. Forritið getur sjálfvirkt skönnun á mörkuðum og framkvæmd arðbærra viðskipta í samræmi við settar reglur fjárfesta eða kaupmanns.",
  "25": "Skráðu þig með Bitcoin 360 Ai okkar og vertu með í kaupmannasamfélaginu okkar í dag",
  "26": "NÚTÍMA ALGO VIÐSKIPTI",
  "27": "BTC 360 Ai notar ofur-nútíma tækni til að ná fram forskoti í viðskiptaframkvæmd umfram aðra algo viðskipti bots. Þetta er einn hátæknilegasti viðskiptavettvangur sem til er, hann notar stöðugt háþróuð tölvualgrím til að fylgjast með og greina markaði fyrir bestu aðstæður. Fyrir vikið státar Ai okkar af stöðugt fínstilltum afrekaskrám.",
  "28": "BTC 360 Ai notar ofur-nútíma tækni til að ná fram forskoti í viðskiptaframkvæmd umfram aðra algo viðskipti bots. Þetta er einn hátæknilegasti viðskiptavettvangur sem til er, hann notar stöðugt háþróuð tölvualgrím til að fylgjast með og greina markaði fyrir bestu aðstæður. Fyrir vikið státar Ai okkar af stöðugt fínstilltum afrekaskrám.",
  "29": "BTC 2.0 Avapro Bot er leiðandi forrit fyrir viðskipti með dulritunargjaldmiðla, það býður upp á meira en 100 seljanlegar dulritunareignir. Það er allur pakkinn. Það er aðgengilegt fyrir öll reynslustig og hefur leiðandi viðmót. Að auki er það byggt á sögulegum skráningalgrímum athuganir með það að markmiði að framleiða bestu viðskiptaviðvaranir.",
  "30": "ÁFRAMBYGGÐ",
  "31": "Félög, kaupmenn, miðlarar og meðlimir halda BTC Bot 360 Ai háu mati vegna sannaðrar afrekaskrár og mikillar frammistöðu, jafnvel við erfiðar markaðsaðstæður. Að auki er þjónustuverið í boði allan sólarhringinn, þjónustudeild okkar mun svara almennum spurningum eða veita tæknilega aðstoð.",
  "32": "SKRÁÐU ÞIG FRÍTT",
  "33": "Hvernig virkar Bitcoin 360 Ai",
  "34": "SKRÁÐU ÞIG FRÍTT",
  "35": "Skráning er algjörlega ókeypis, fylltu bara út stutta skráningareyðublaðið okkar sem staðsett er efst á þessu",
  "36": "Bitcoin Avapro 2.0 homepage",
  "37": "Grunnupplýsingar, þar á meðal fullt nafn þitt, netfang, símanúmer og búsetuland, eru nauðsynlegar. Eftir að netformið hefur verið samþykkt verður þú meðlimur í kaupmannasamfélaginu okkar. Þú getur þegar í stað byrjað að nota dulritunar-gjaldmiðlaviðskiptaappið okkar.",
  "38": "VIRKJUN REIKNINGS",
  "39": "Um leið og Bitcoin 2.0 Avapro viðskiptareikningurinn þinn hefur verið skráður ertu tilbúinn til að hefja viðskipti og fjárfesta. Þú þarft aðeins að fjárfesta 250 evrur hjá einum af stuðningsmiðlunum til að byrja að nota appið. Þú átt alla peningana sem þú fjárfestir og alla peningana sem þú færð. Hægt er að taka féð út eða endurfjárfesta í viðskiptastarfsemi. Þú getur notað fjármunina af reikningnum þínum til að fjármagna dulritunarviðskipti.",
  "40": "VIÐSKIPTI KRÍPTO",
  "41": "Þegar reikningurinn þinn hefur verið settur upp og tiltækt fjármagn geturðu hafið þjálfun og viðskipti. Miðlarinn mun sjá um allt hvað varðar tengingu appsins okkar við framkvæmdarvettvang þeirra. appið skannar ekki aðeins markaðinn að líklegum tækifærum heldur getur það einnig framkvæmt viðskipti fyrir þig til að hámarka framlegðarmöguleika þína. Þú getur líka skipt yfir í handvirk viðskipti ef þú vilt meiri stjórn á viðskiptum þínum.",
  "42": "Skráðu þig á öruggan hátt í BTC 2.0 Avapro Bot núna",
  "43": "Bitcoin 360 Ai svindl – App afrita varúðarviðvörun",
  "44": "BTC 360 Ai óþekktarangi",
  "45": "Bitcoin 360 Ai svindl er atburðarás þar sem óáreiðanlegar heimildir sem búa til afrit af appinu okkar, miðað við stjórnlausa eðli dulritunargjaldmiðla um allan heim, eru hugbúnaðar og vörur eins og app útgáfur okkar, þar á meðal Bitcoin Bot 2.0, skotmark af misnotendum sem eru að afrita appið okkar í mismunandi formi og lögun. Vertu viss um að þú sért nú að heimsækja opinbera vefsíðu",
  "46": "skráning í appinu okkar er ókeypis. Aðeins þegar þú ákveður að hefja viðskiptastarfsemina þarftu að fjármagna reikninginn þinn hjá einum af þriðja aðila studdum miðlarum okkar, með samþykki þínu munum við senda tengiliðaupplýsingar þínar til eins af miðlarunum sem mun leiðbeina og útskýra fyrir þér um viðskipti sem og virkjunaraðferðir.",
  "47": "Óháða skýrslu um appið okkar er að finna",
  "48": "hér",
  "49": "Hefur Bit Avapro 2.0 áhrif á nýlega neikvæða fjölmiðla um dulritunariðnaðinn?",
  "50": "Alls ekki!",
  "51": "Bitcoin 360 Ai er lögmætt, áreiðanlegt og virt dulritunarviðskiptaforrit, það var hannað til að vera einfalt í notkun og skila samt framúrskarandi árangri. Það er hægt að nota sem sjálfvirkan viðskiptaham, útrýma mannlegum veikleikum eins og reynsluleysi, tilfinningum, tíma og óákveðni. BTC Bot Ai 360 er meira en bara viðskiptaapp, það er í raun samfélag þar sem kaupmenn geta deilt hugmyndum og niðurstöðum sín á milli til að mennta sig. Appið er notað daglega af nýliðum og reyndum kaupmanni sem raunverulega hagnast á því fjárhagslega",
  "52": "ÓKEYPIS SKRÁNING",
  "53": "Bitcoin Avapro Bot 2.0 Gervigreind",
  "54": "BTC Avapro 2.0 er gervigreindardrifið app sem notar nýjustu tækni til að efla dulritunarviðskipti þín með meira öryggi og meiri framlegð. Með nýjustu reikniritum sínum veitir hugbúnaðurinn rauntíma markaðsinnsýn og greiningu, svo þú getir tekið upplýstar ákvarðanir um framkvæmd viðskipta.",
  "55": "Avapro 360 Ai Bot er stöðugt uppfærður með nýjustu markaðseiginleikum, þannig að þú munt alltaf hafa nýjustu tækin til að gera bestu fjárfestingar. Þú munt geta séð hvernig markaðnum gengur í rauntíma og tekið ákvarðanir í samræmi við það. Þessi gögn eru nauðsynleg fyrir alla sem vilja hagnast á dulritunarmörkuðum.",
  "56": "Með því að greina þessi gögn geturðu tekið upplýstar ákvarðanir um hvaða mynt á að kaupa og selja og hvenær á að gera það.",
  "57": "Finndu",
  "58": "hér",
  "59": "fleiri gagnlegar upplýsingar um gervigreind á dulritunargjaldmiðlamörkuðum",
  "60": "BTC Ai Avapro 360 kynningarreikningur",
  "61": "Þegar þú ert að eiga viðskipti á hlutabréfamarkaði er mikilvægt að vita hvenær á að kaupa og selja. Þetta getur hjálpað þér að hámarka hagnað þinn og lágmarka tap þitt. Ein leið til að æfa þetta er að nota",
  "62": "kynningarreikning",
  "63": "Sýnisreikningur er frábær leið til að fræðast um hlutabréfamarkaðinn og hvernig hann virkar. Þú getur líka notað kynninguna til að prófa nýjar aðferðir.",
  "64": "Bitcoin 360 Ai demo er app útgáfa sem er notuð til að prófa markaði á hvaða tæki sem er tengt við internetið.",
  "65": "Þetta felur í sér skjáborð, spjaldtölvur og fartæki, öll þurfa þau ekki að hala niður forritinu.",
  "66": "BTC 360 Ai kynningarforritið er áhættulaust umhverfi sem líkir eftir raunverulegum markaðsviðskiptum, í kynningarútgáfunni færðu alla kosti lifandi viðskiptaforritsins, svo sem: hröð greining, nákvæm merki og sjálfvirk viðskipti.",
  "67": "Jafnvel handvirki kynningarviðskiptahamurinn inniheldur alla kosti og eiginleika lifandi Bitcoin 360 Ai appsins, þessi handvirki kynningarviðskiptamöguleiki gefur þér meiri stjórn á viðskiptum þínum ef þú vilt meiri æfingu í kynningarham áður en þú ferð í beinni.",
  "68": "UK App Bitcoin 360 Ai Martin Lewis fjölmiðlavísanir",
  "69": "Bitcoin 360 Ai er vinsælt dulritunarviðskiptaforrit sem náði vinsældum um allan heim og, sérstaklega í Bretlandi, dregur það að sér fjölmiðlaumfjöllun, slíkar tilvísanir í fjölmiðla eru einnig búnar til af misnotendum sem „ríða“ suðinu um nafnið okkar með það að markmiði að fá gesti til afritaðra Bitcoin 360 Ai vefsvæða þeirra er ein af aðferðum þeirra að nota nöfn fræga fólksins ásamt nafni appsins okkar – þeir gera þetta til að öðlast traust viðskiptavina til að skrá sig hjá þeim. Við rákumst nýlega á tilvísanir í breskum fjölmiðlum um fjárfestingu í Bitcoin 360 Ai eftir Martin Lewis. Við viljum taka það skýrt fram að slík fjölmiðlafrétt varðandi Martin Lewis var ekki birt af okkur og er ekki í neinum tilvikum tengd okkur.",
  "70": "Eins og sjá má í",
  "71": "þessari",
  "72": "áreiðanlegu skýrslu, eru allar auglýsingar sem tala um fjárfestingar Matin Lewis í Bitcoin 360 Ai og líklega hvaða önnur dulritunarviðskiptaforrit sem er röng.",
  "73": "Elon Musk Bitcoin 360 Ai fjölmiðlaumfjöllun",
  "74": "BTC Ai Bot 2.0 er vinsælt app fyrir viðskipti með dulritunareignir, velgengni appsins okkar, sem starfar í dulritunargjaldmiðla sess – óviss regluverks sess í flestum heimshlutum, er árangur sem laðar að fjölmiðla frá öllum mismunandi tegundum aðilum, því miður líka frá sumum ofbeldismönnum sem nota nafnið okkar á siðlausan og ólæsilegan hátt. Við tókum eftir einhverri fjölmiðlaumfjöllun um tengsl Elon Musk og Bitcoin 360 Ai – og við viljum fullyrða að slík pressa kom ekki frá okkur og eins mikið og við viljum birta fjárfestalistann okkar, þá getum við ekki vegna persónuverndarsamninga sem við hafa á sínum stað. Okkur langar að skýra að engin fjölmiðlafréttastofa sem tengist hvers kyns tengingu Elon Musk og Bitcoin360ai.com var birt af okkur og slík tenging er ekki til.",
  "75": "Bit 2.0 Avapro blendingur app útgáfan okkar fyrir sjálfvirka handvirka viðskipti sameinar humen handvirka og sjálfvirka viðskiptaeiginleika sem gera það að verkum að það skera sig úr umfram keppinauta.",
  "76": "Helstu eiginleikar Bitcoin 360 Ai og 2.0 Avapro App útgáfa",
  "77": "Bitcoin 360 Ai verð er núll",
  "78": "Bitcoin 360 Ai verðið er núll. Það er ekkert skráningargjald, öll viðskipti og notkun eiginleika okkar eru algjörlega ókeypis. við munum vinna okkur inn gjöld fyrir framtíðareiginleika sem við munum kynna á 2., 3. ársfjórðungi 2023.",
  "79": "Engin skylda niðurhal",
  "80": "BTC 2.0 Avapro 360 Ai vefútgáfan krefst ekki uppsetningar eða niðurhals, vegna þess að það er nettengdur vettvangur sem hægt er að stjórna úr hvaða nettengdu vafra sem er og frá hvaða tæki eða staðsetningu sem er.",
  "81": "Bitcoin 360 Ai skráning án vandræða",
  "82": "Það er auðvelt og fljótlegt að skrá sig fyrir Bitcoin 360 Ai. Skráningarferlið er auðvelt og hratt, þegar því er lokið muntu geta tengt það við einn af miðlaranum þar sem þú getur framkvæmt viðskiptin.",
  "83": "Fljótleg ",
  "84": "og",
  "85": "auðveld staðfesting",
  "86": "Bitcoin 360 Ai gerir það auðvelt og öruggt að staðfesta reikninginn þinn. Við skráningu, með þínu samþykki, munum við flytja tengiliðaupplýsingar þínar til stuðningsmiðlara sem mun hafa samband við þig til að staðfesta og virkja viðskiptareikninginn þinn.",
  "87": "Notendavænt viðmót",
  "88": "Bitcoin 360 Ai sjálfvirk viðskiptavettvangur hefur mjög leiðandi viðmót og er auðvelt í notkun. Það var búið til með það að markmiði að styðja við reynslulaus viðskipti. Fyrir vikið er appið auðvelt í notkun en inniheldur samt háþróaða viðskiptaeiginleika.",
  "89": "Lágmarksfjárkröfur",
  "90": "Upphafskröfur um innborgun hjá flestum stuðningsmiðlarum okkar fyrir app er €250. Þessi upphæð verður aðeins notuð til að fjármagna viðskipti en ekki fyrir appgjöld sem eru nú algjörlega ókeypis.",
  "91": "Val á mörgum eignum",
  "92": "Með því að nota appið okkar geturðu fengið tilkynningar um viðskiptatækifæri á fiat gjaldmiðlum, hlutabréfum, hrávörum og mörgum dulritunargjaldmiðlum (Bitcoin Cash, XBT, Ethereum Monero, Ripple og Dash) þessi eiginleiki er í boði fyrir alla BTC 360 Ai meðlimi.",
  "93": "Bitcoin 360 Ai reddit og önnur samfélög",
  "94": "Bitcoin 360 Ai meðlimir eru að verða samfélag sem hugleiðir, deilir hugmyndum eða talar bara um almennt lífsefni á vettvangi eins og reddit, discord og öðrum. Þegar verkefnið okkar þróast munum við stjórna slíkum samfélögum og hvetja til viðræðna á milli meðlima okkar.",
  "95": "Tímaskilvirkni í útgáfum af nýjum eiginleikum",
  "96": "Bitcoin Bot 360 Ai meðlimir eru alltaf skrefi á undan!. Þetta er bara einn af mörgum kostum sem gefa hugbúnaðinum forskot og getu til að ná svo miklum vinsældum um allan heim.",
  "97": "Íhaldssamt eða meiri áhættustillingar",
  "98": "Bitcoin 360 Ai er hannað til að bera kennsl á hugsanleg viðskiptatækifæri og breyta þeim í viðskiptamerki. Forritið gerir þér kleift að stilla áhættustig tilkynninganna, sem þýðir að hver kaupmaður getur sérsniðið eiginleika appsins út frá einstökum áhættusækni.",
  "99": "Auðvelt og öruggt innborgun og útborgun",
  "100": "Fyrir fjármögnun og úttekt á 2.0 Avapro 360 Ai stuðningsmiðlarareikningnum þínum geturðu notað kreditkort eða debetkort, millifærslur, bankavíxla og jafnvel hvaða rafræna veski sem er. Allar úttektir verða endurgreiddar með upprunalega greiðslumátanum sem þú notaðir til að fjármagna reikninginn þinn upphaflega með.",
  "101": "Strangt gagnaöryggi",
  "102": "Allar fjárhagslegar, persónulegar upplýsingar og viðskiptaaðgerðir þínar eru stranglega geymdar í öruggu umhverfi. Öryggi þitt er orðspor okkar, það er forgangsverkefni okkar að halda upplýsingum þínum í samræmi við ströngustu öryggisstaðla.",
  "103": "BTC 360 Ai kynningarreikningur",
  "104": "Þú getur prófað reglurnar sem þú valdir með Bitcoin 360 Ai Demo Account og æft færni þína án áhættu. Eftir að þú ert vandvirkur í kynningarviðskiptum geturðu hafið ósvikin viðskipti.",
  "105": "Nútíma bakprófunaraðgerð",
  "106": "Afturprófunaraðgerðin í Bitcoin Bot 360 Ai appinu gerir þér kleift að prófa viðskiptaáætlanir þínar á fyrri markaðsaðstæðum. Þetta gerir þér kleift að breyta og fínstilla stillingarnar þínar hvenær sem er.",
  "107": "Sveigjanleg aðlögun",
  "108": "Bitcoin 360 Ai býður upp á marga viðskiptahami og breytur sem hægt er að aðlaga. Þetta gerir ráð fyrir hámarks aðlögun til að henta viðskiptastillingum þínum.",
  "109": "24/7 þjónustuver",
  "110": "Árangur, þægindi og ánægja viðskiptavina og viðskiptavina eru í forgangi okkar. Þess vegna höfum við þjónustufulltrúa tiltæka 24/7 til að aðstoða þig.",
  "111": "SKRÁÐU ÞIG NÚNA",
  "112": "Fróður auðlindir",
  "113": "Bitcoin Bot 360 Ai vill að þú hafir öll þau fræðsluefni sem þú þarft á einum stað.",
  "114": "Þetta gerir þér kleift að fylgjast með nýjustu fréttum og þróun, fræða þig, öðlast þekkingu og verkfæri sem þú þarft til að ná árangri á stafrænum eignamarkaði og hámarka möguleika þína til að græða peninga.",
  "115": "Vertu með í samfélagi okkar og lærðu meira um sögu markaðarins, viðskiptaaðferðir og ráðleggingar, námuvinnslu dulritunargjaldmiðla, nákvæmar leiðbeiningar og aðrar gagnlegar upplýsingar.",
  "116": "Algengar spurningar",
  "117": "Hvað er Bitcoin 360 Ai?",
  "118": "Bitcoin 360 Ai er dulritunarviðskipta-Ai-drifið forrit sem framleiðir viðvaranir um viðskiptatækifæri knúin af reikniritum sem eru að skanna lifandi markaðshreyfingar í leit að mynstrum og fylgni og bera þau saman við sögulegar bakprófunarskannanir, þannig að þegar ákveðin skilyrði eru uppfyllt – er viðskipti tækifærisviðvörun er kveikt á framhlið appsins.",
  "119": "Hvað er Bitcoin 2.0 Avapro 360 Ai?",
  "120": "Bitcoin 2.0 Avapro 360 Ai er app útgáfa sem inniheldur blendingalíkön þar sem kaupmenn geta valið á milli sjálfvirkrar viðskiptaframkvæmdar eða handvirkrar framkvæmdar viðskipta; iFex útgáfan er í boði fyrir alla kaupmenn og krefst ekki frekari uppsetningar eða kostnaðar.",
  "121": "Hverjar eru vísbendingar um lögmæti Bitcoin 360 Ai 2.0 Avapro?",
  "122": "Bitcoin 360 Ai 2.0 Avapro er lögmætt dulritunarviðskiptaforrit,",
  "123": "nokkrir misnotandi forritaraforrit nýta sér nafn okkar og orðspor,",
  "124": "en þú getur auðveldlega tryggt að þú skráir þig með rétta appinu einfaldlega með því að athuga að þú sért að skrá þig með ekta bitcoin360ai.com slóðinni . Þar að auki munum við aldrei biðja um nein gjöld frá þér. Eina greiðslan sem þú þarft að gera er að fjármagna viðskiptareikninginn þinn hjá einum af miðlarunum sem styðja appið og þú getur aðeins gert það þegar þú ert nógu öruggur til að eiga viðskipti, á meðan önnur móðgandi forrit þurfa fyrirframgreiðslur.",
  "125": "Er XBT App 2.0 Avapro 360 Ai það sama og BTC 360 Ai?",
  "126": "Já, XBT App 2.0 Avapro 360 Ai er það sama og Bitcoin 360 Ai. Appið okkar inniheldur nokkur önnur nöfn. Sem dæmi, á sumum svæðum í heiminum er hugtakið XBT vinsælli en ‘Bitcoin’, en bæði hugtökin eru í raun eins.",
  "127": "Hver er eigandi Bitcoin 360 Ai?",
  "128": "Vegna fjárfestasamninga höfum við til staðar. Sem stendur getum við ekki birt fjárfestalista okkar almenningi. Hins vegar getum við staðfest að fjárfestar okkar innihalda VCs frá Asíu sem og einstaka háttsetta dulritunarspilara.",
  "129": "Er XBT App 360 Ai stjórnað?",
  "130": "Dulritunargjaldmiðlar eru ekki stjórnaðir í flestum heimshlutum. Þess vegna er enginn opinber eftirlitsaðili fyrir virkni appsins. Hins vegar, sem fyrirtæki með langtímasýn, framkvæmum við áframhaldandi sjálfseftirlitsaðgerðir, sem fela í sér úttektir virtra fyrirtækja, netöryggisathuganir og strangar samskiptareglur „þekktu viðskiptavin þinn eða samstarfsaðila“ til að tryggja að birgjar okkar, viðskiptavinir og þjónustuveitendur vinni í samskiptum. með reglugerðum og faglegum stöðlum.",
  "131": "Hvað er verðið á Bitcoin 350 Ai 2.0 Avapro?",
  "132": "Bitcoin 360 Ai 2.0 Avapro er ókeypis fyrir alla meðlimi okkar. Við innheimtum engin gjöld eða þóknun eins og er; Framtíðarsýn okkar um viðskiptamódel er að skapa langtímasamband við samfélagið okkar. Á seinna stigi í appinu okkar í beinni, munum við kynna sérstaka eiginleika sem gera kaupmönnum sem hafa áhuga á að borga fyrir notkun þeirra. Við munum tilkynna öllum viðskiptavinum okkar fyrirfram um breytingar á verðstefnu.",
  "133": "Lokaorð",
  "134": "Við höfum verið til í nokkurn tíma og höfum byggt upp gott orðspor meðal notenda okkar. Margir þeirra sem hafa náð góðri framlegð með því að nota appþjónustur okkar eru venjulegt fólk án reynslu af viðskiptum með dulritunargjaldmiðla.",
  "135": "Við teljum að besta leiðin til að eiga viðskipti með dulritunargjaldmiðla með því að nota einhverja af útgáfum okkar, þ.e. BTC, XBT, 2.0 Avapro App er að læra hvernig á að nota það rétt. Þú getur fundið fullt af upplýsingum um appið á vefsíðunni okkar, svo að eyða smá tíma í að fletta í gegnum það ætti að hjálpa þér að byrja. Við bjóðum einnig upp á umfangsmikinn FAQ hluta þar sem þú munt finna svör við öllum spurningum.",
  "136": "Það er einhver áhætta fólgin í því að eiga viðskipti með BTC, XBT og önnur dulmálsmynt, en ef það er gert á réttan hátt er hægt að draga úr áhættu og framlegð getur verið meiri.",
  "137": "Hápunktar Bitcoin 360 AI & 2.0",
  "138": "Avapro útgáfur",
  "139": "Viðskiptavettvangur",
  "140": "Crypto",
  "141": "Pallkostnaður",
  "142": "Enginn kostnaður",
  "143": "Úttektargjald",
  "144": "Ókeypis",
  "145": "Gerð palls",
  "146": "Vefbundinn, sér vettvangur, Android frá Google og iOS frá Apple",
  "147": "Innborgunarvalkostur",
  "148": "PayPal, Skrill, Neteller, UnionPay, Webmoney, Yandex, Visa, Mastercard, AMEX, Diners Club",
  "149": "Lönd",
  "150": "Allir – Nema Bandaríkin",
  "151": "Forsíða",
  "152": "Skrá inn",
  "153": "Um okkur",
  "154": "Friðhelgisstefna",
  "155": "Skilmálar og skilyrði",
  "156": "Fyrirvari",
  "157": "Hafðu samband við okkur",
  "158": "Bitcoin 360 AI endurskoðun",
  "159": "REGLUGERÐ OG HÁHÆTTU FJÁRFESTINGAR VIÐVÖRUN: Viðskipti með gjaldeyri, CFD og dulritunargjaldmiðla geta skilað umtalsverðum hagnaði, en fylgir líka áhættustigi og hentar ef til vill ekki öllum fjárfestum. Þú ættir ekki að spá í fjármagn sem þú hefur ekki efni á að tapa. Við mælum eindregið með því að þú lesir skilmálana okkar og alla FYRIRVARA síðuna áður en þú fjárfestir. Viðskiptavinir ættu að vera meðvitaðir um hvers kyns fjármagnstekjuskattsskyldu sína í búsetulandi sínu. er andstætt lögum að biðja bandaríska aðila um að kaupa og selja vöruvalrétti, jafnvel þótt þeir séu kallaðir „spásamningar“, nema þeir séu skráðir til viðskipta og verslað í CFTC-skráðri kauphöll, eða nema þeir séu löglega undanþegnir. Við höfum sett vefkökur á tölvuna þína til að bæta upplifun þína þegar þú heimsækir þessa vefsíðu. Þú getur breytt stillingum á vafrakökum á tölvunni þinni hvenær sem er. Notkun þessarar vefsíðu gefur til kynna samþykki þitt á þessari vefsíðu ds PERSONVERNDARREGLUR."
}