{
  "1": "Bitcoin 360 Ai – Опростена търговия с криптовалути, включително версия BTC Avapro 2.0 Bot",
  "2": "Bitcoin 360 Ai – Trading de crypto simplifié, y compris la version BTC Avapro 2.0 Bot",
  "3": "Bonjour, nous sommes",
  "4": "Bitcoin 360 Ai",
  "5": "App",
  "6": "Qu’est-ce que le Bitcoin 360 Ai ?",
  "7": "Le",
  "8": "BTC 360 Ai",
  "9": "est une application de trading automatique pilotée par un algorithme d’IA qui déclenche des alertes de trading lorsque certains critères sont remplis. Il dispose d’une interface conviviale unique qui le rend attrayant pour les débutants comme pour les traders avancés. Le Bitcoin Bot 360 Ai fournit une plateforme de trading cryptographique sécurisée, mais facilement accessible et portable. Rejoignez notre communauté de traders en pleine expansion et découvrez le potentiel de XBT et d’autres crypto-monnaies.",
  "10": "S’inscrire en toute sécurité",
  "11": "Bitcoin 360 AI 21",
  "12": "Nous sommes une application d’alertes sur les opportunités de commerce des crypto-monnaies.",
  "13": "Le Bitcoin 360 Ai est un outil de trading de crypto-monnaies qui fournit des alertes d’opportunités de trading basées sur des algorithmes alimentés par Ai. Notre vision est de devenir la plus grande plateforme pour la communauté des traders de crypto, soutenue par le trading social de notre application et d’autres fonctionnalités liées au crowd trade.",
  "14": "Bitcoin 360 AI 22",
  "15": "Présentation de notre version Auto-trading Bit Avapro 2.0 Bot",
  "16": "Le Bit Avapro 2.0 Bot est une version de l’application qui comprend deux modes de négociation, un mode entièrement automatique et un mode manuel. Le trading automatique autorise l’application à effectuer toutes les activités de trading sans intervention humaine, tandis que le mode manuel n’exécute pas les transactions mais alerte les traders lorsque des opportunités de trading sont déclenchées par nos algorithmes Ai.",
  "17": "Bitcoin 360 AI 23",
  "18": "Nous utilisons des algorithmes Ai uniques",
  "19": "Des algorithmes d’intelligence artificielle sophistiqués permettent de mettre en œuvre les stratégies de négociation de Bitcoin 2.0 Avapro. Afin de fournir des résultats optimaux mais néanmoins conservateurs, l’application scrute en permanence plus de 100 marchés cryptographiques en temps réel, à la recherche de modèles et de corrélations historiquement prouvés afin de déclencher des alertes d’opportunités de transaction de qualité.",
  "20": "Bit 360 Ai – Conçu pour les débutants et les traders de crypto expérimentés.",
  "21": "Le Bitcoin 360 Ai est une application au design simplifié, mais qui comprend des fonctions de trading avancées, ce qui la rend adaptée aussi bien aux débutants qu’aux traders avancés.",
  "22": "Les crypto-monnaies gagnent rapidement en reconnaissance et en notoriété, étant négociées depuis plus d’une décennie maintenant et attirant ainsi tous les types d’investisseurs ; le groupe d’investisseurs BTC Bot Ai 360 comprend tous les niveaux d’investisseurs, notre communauté comprend des investisseurs hautement qualifiés ainsi que des débutants qui ont découvert le trading de crypto-monnaies pour la toute première fois.",
  "23": "Avec notre version Bitcoin Avapro 2.0, tout le monde peut créer des modèles de trading de crypto-monnaies automatisés, manuels ou hybrides sans avoir de connaissances préalables.",
  "24": "Les traders peuvent exécuter un nombre illimité de transactions à court ou à long terme, 24 heures sur 24. Cela leur permet de maximiser le potentiel des marchés cryptographiques et d’avoir plus de temps pour profiter de leur liberté et de leur réussite financières. L’application peut automatiser l’analyse des marchés et l’exécution de transactions rentables selon les règles établies par l’investisseur ou le trader.",
  "25": "Inscrivez-vous sur notre site Bitcoin 360 Ai et rejoignez notre communauté de traders dès aujourd’hui.",
  "26": "ALGO TRADING MODERNE",
  "27": "BTC 360 Ai utilise des technologies ultramodernes pour obtenir un avantage d’exécution des transactions par rapport aux autres robots de trading algo. Il s’agit de l’une des plateformes de trading les plus high-tech qui existent, elle utilise en permanence des algorithmes informatiques sophistiqués pour surveiller et analyser les marchés afin de trouver les meilleures conditions. Par conséquent, notre Ai peut se vanter d’avoir des résultats optimisés en permanence.",
  "28": "TECHNOLOGIE DE POINTE",
  "29": "BTC 2.0 Avapro Bot est une application de trading de crypto-monnaies de premier plan, elle propose plus de 100 crypto actifs négociables. C’est le paquet complet. Il est accessible à tous les niveaux d’expérience et possède une interface intuitive. En outre, il est basé sur un historique des contrôles d’algorithmes dans le but de produire des alertes de trading optimales.",
  "30": "BASÉ SUR LE PRÉFABRIQUÉ",
  "31": "Les associations, les négociants, les courtiers et les membres tiennent le BTC Bot 360 Ai en haute estime en raison de ses résultats éprouvés et de ses performances élevées, même dans des conditions de marché extrêmes. En outre, le service clientèle est disponible 24 heures sur 24 et 7 jours sur 7. Notre équipe d’assistance répondra aux questions d’ordre général ou fournira une assistance technique.",
  "32": "S’INSCRIRE GRATUITEMENT",
  "33": "Comment fonctionne Bitcoin 360 Ai",
  "34": "S’INSCRIRE GRATUITEMENT",
  "35": "L’inscription est entièrement gratuite, il suffit de remplir notre bref formulaire d’inscription situé en haut de ce",
  "36": "Bitcoin Avapro 2.0 homepage",
  "37": "Des informations de base, notamment votre nom légal complet, votre adresse électronique, votre numéro de téléphone et votre pays de résidence, sont requises. Après l’acceptation du formulaire en ligne, vous deviendrez membre de notre communauté de traders. Vous pouvez instantanément commencer à utiliser notre application de trading de crypto-monnaies.",
  "38": "ACTIVATION DU COMPTE",
  "39": "Dès que votre compte de trading Bitcoin 2.0 Avapro a été enregistré, vous êtes prêt à commencer à trader et à investir. Pour commencer à utiliser l’application, il suffit d’investir 250 € auprès de l’un des courtiers partenaires. Vous êtes propriétaire de tout l’argent que vous investissez et de tout l’argent que vous gagnez. Les fonds peuvent être retirés ou réinvestis dans des activités commerciales. Vous pouvez utiliser les fonds de votre compte pour financer le trading de crypto-monnaies.",
  "40": "TRADE CRYPTO",
  "41": "Une fois votre compte créé et vos fonds disponibles, vous pouvez commencer à vous entraîner et à négocier. Le courtier s’occupera de tout en ce qui concerne la connexion de notre application avec sa plateforme d’exécution. L’application ne se contente pas d’analyser le marché à la recherche d’opportunités probables, elle peut également exécuter des transactions pour vous afin de maximiser vos marges potentielles. Vous pouvez également passer au trading manuel si vous préférez avoir plus de contrôle sur vos transactions.",
  "42": "S’inscrire en toute sécurité à BTC 2.0 Avapro Bot Now",
  "43": "Arnaque Bitcoin 360 Ai – Alerte à la copie d’application",
  "44": "Alerte à l’escroquerie BTC 360 Ai",
  "45": "L’arnaque Bitcoin 360 Ai est un scénario dans lequel des sources non fiables font des copies de notre application, étant donné la nature non réglementée des crypto-monnaies dans le monde, les logiciels et les produits tels que nos versions de l’application, y compris la Bitcoin Bot 2.0, sont ciblés par des abuseurs qui copient notre application sous différentes formes. Soyez assuré que vous êtes maintenant sur le site officiel de",
  "46": ", l’inscription à notre application est gratuite. Ce n’est que lorsque vous décidez de commencer l’activité de trading que vous devez alimenter votre compte auprès de l’un des courtiers soutenus par nos tiers. Avec votre consentement, nous transmettrons vos coordonnées à l’un des courtiers qui vous guidera et vous expliquera les procédures de trading et d’activation.",
  "47": "Un rapport indépendant sur notre application est disponible",
  "48": "ici",
  "49": "Le Bit Avapro 2.0 est-il affecté par les récents médias négatifs sur l’industrie de la crypto ?",
  "50": "Absolument pas !",
  "51": "Bitcoin 360 Ai est une application de trading de crypto légitime, fiable et réputée, elle a été conçue pour être simple à utiliser tout en offrant des résultats exceptionnels. Il peut être utilisé comme un mode de trading automatisé, éliminant les faiblesses humaines telles que l’inexpérience, les émotions, le temps et l’indécision. BTC Bot Ai 360 est plus qu’une simple application de trading, c’est en fait une communauté où les traders peuvent partager leurs idées et leurs résultats entre eux pour s’éduquer. L’application est utilisée quotidiennement par des débutants et des traders expérimentés qui en tirent un bénéfice financier.",
  "52": "INSCRIPTION GRATUITE",
  "53": "Bitcoin Avapro Bot 2.0 Intelligence Artificielle",
  "54": "BTC Avapro 2.0 est une application basée sur l’intelligence artificielle qui utilise les dernières technologies pour faire progresser votre trading de crypto avec plus de confiance et un potentiel de marges plus élevé. Grâce à ses algorithmes de pointe, le logiciel fournit des informations et des analyses du marché en temps réel, afin que vous puissiez prendre des décisions éclairées en matière d’exécution des transactions.",
  "55": "Le Avapro 360 Ai Bot est constamment mis à jour avec les dernières caractéristiques du marché, de sorte que vous disposerez toujours des outils les plus récents pour réaliser des investissements optimaux. Vous pourrez voir comment le marché évolue en temps réel et prendre des décisions en conséquence. Ces données sont essentielles pour quiconque cherche à tirer profit des marchés de la crypto-monnaie.",
  "56": "En analysant ces données, vous pouvez prendre des décisions éclairées sur les pièces à acheter et à vendre et sur le moment de le faire.",
  "57": "Retrouvez",
  "58": "ici",
  "59": "d’autres informations utiles sur l’intelligence artificielle dans les marchés des crypto-monnaies.",
  "60": "Compte de démonstration BTC Ai Avapro 360",
  "61": "Lorsque vous négociez sur le marché boursier, il est essentiel de savoir quand acheter et vendre. Cela peut vous aider à maximiser vos profits et à minimiser vos pertes. Une façon de s’entraîner est d’utiliser un",
  "62": "compte de démonstration",
  "63": "Un compte de démonstration est un excellent moyen d’apprendre à connaître le marché boursier et son fonctionnement. Vous pouvez également utiliser la démo pour tester de nouvelles stratégies.",
  "64": "La démo de Bitcoin 360 Ai est une version de l’application qui permet de tester les marchés sur tout appareil connecté à Internet.",
  "65": "Cela inclut les ordinateurs de bureau, les tablettes et les appareils mobiles, qui ne nécessitent pas le téléchargement de l’application.",
  "66": "L’application de démonstration BTC 360 Ai est un environnement sans risque qui simule le trading sur le marché réel. Dans la version de démonstration, vous bénéficiez de tous les avantages de l’application de trading en direct, tels que : analyse rapide, signaux précis et trades automatisés.",
  "67": "Même le mode de trading manuel de démonstration comprend tous les avantages et toutes les fonctionnalités de l’application Bitcoin 360 Ai en direct, cette option de trading manuel de démonstration vous donne un plus grand contrôle sur vos trades si vous voulez plus de pratique en mode démo avant de passer en direct.",
  "68": "UK App Bitcoin 360 Ai Martin Lewis références médias",
  "69": "Bitcoin 360 Ai est une application populaire de trading de crypto-monnaies qui a gagné en popularité dans le monde entier, et plus particulièrement au Royaume-Uni, ce qui lui vaut une couverture médiatique. Ces références médiatiques sont également générées par des abuseurs qui “surfent” sur le buzz autour de notre nom dans le but d’attirer des visiteurs sur leurs sites copiés de Bitcoin 360 Ai, l’une de leurs stratégies consiste à utiliser les noms de célébrités avec le nom de notre application – ils font cela pour gagner la confiance des clients qui s’inscrivent chez eux. Nous sommes récemment tombés sur des références dans les médias britanniques à propos d’un investissement réalisé dans Bitcoin 360 Ai par Martin Lewis. Nous tenons à préciser que cette presse concernant Martin Lewis n’a pas été publiée par nous et n’est en aucun cas liée à nous.",
  "70": "Comme on peut le voir dans",
  "71": "ce",
  "72": "rapport fiable, toute publicité qui parle d’investissements réalisés par Matin Lewis dans Bitcoin 360 Ai et probablement toute autre application de trading de crypto est fausse.",
  "73": "Elon Musk Bitcoin 360 Ai couverture médiatique",
  "74": "BTC Ai Bot 2.0 est une application populaire de trading de crypto-monnaies, le succès de notre application, qui opère dans la niche des crypto-monnaies – une niche réglementaire incertaine dans la plupart des régions du monde, est un succès qui attire la presse de toutes sortes de parties, malheureusement aussi de certains abuseurs qui utilisent notre nom de manière non éthique et illégale. Nous avons remarqué une couverture médiatique sur un lien entre Elon Musk et Bitcoin 360 Ai – et nous tenons à préciser que cette presse ne vient pas de nous et que, même si nous aimerions divulguer la liste de nos investisseurs, nous ne pouvons pas le faire en raison des accords de confidentialité que nous avons mis en place. Nous tenons à préciser que nous n’avons publié aucun article de presse relatif à un quelconque lien entre Elon Musk et Bitcoin360ai.com et que ce lien n’existe pas.",
  "75": "Notre version hybride Bit 2.0 Avapro de l’application de trading automatique-manuel combine des fonctions humaines de trading manuel et automatisé qui lui permettent de se démarquer de ses concurrents.",
  "76": "Caractéristiques principales de Bitcoin 360 Ai par défaut et de la version 2.0 Avapro App",
  "77": "Le prix du Bitcoin 360 Ai est de zéro",
  "78": "Le prix du Bitcoin 360 Ai est de zéro. Il n’y a pas de frais d’inscription, toute activité de négociation et l’utilisation de nos fonctionnalités sont entièrement gratuites. nous gagnerons nos honoraires grâce à la future fonctionnalité que nous introduirons au cours des deuxième et troisième trimestres de 2023.",
  "79": "Pas de téléchargement obligatoire",
  "80": "La version web du BTC 2.0 Avapro 360 Ai ne nécessite pas d’installation ou de téléchargement, car il s’agit d’une plateforme internet basée sur le web qui peut être utilisée à partir de n’importe quel navigateur connecté à internet et de n’importe quel appareil ou emplacement.",
  "81": "Inscription sans problème à Bitcoin 360 Ai",
  "82": "Il est facile et rapide de s’inscrire au Bitcoin 360 Ai. Le processus d’inscription est facile et rapide, une fois fait, vous serez en mesure de le connecter avec l’un des courtiers où vous pouvez exécuter les transactions.",
  "83": "Vérification",
  "84": "rapide",
  "85": "et facile",
  "86": "Bitcoin 360 Ai rend la vérification de votre compte facile et sûre. Lors de l’inscription, avec votre consentement, nous transmettrons vos coordonnées à l’un des courtiers qui vous soutiennent et qui vous contactera pour vérifier et activer votre compte de trading.",
  "87": "Interface conviviale",
  "88": "La plateforme d’auto-trading Bitcoin 360 Ai possède une interface très intuitive et est facile à utiliser. Il a été créé dans le but de soutenir les métiers inexpérimentés. En conséquence, l’application est facile à utiliser mais comprend néanmoins des fonctions de trading avancées.",
  "89": "Fonds minimums requis",
  "90": "Le dépôt initial requis avec la plupart des courtiers qui soutiennent notre application est de 250 €. Ce montant ne sera utilisé que pour financer les transactions et en aucun cas pour les frais d’application qui sont actuellement totalement gratuits.",
  "91": "Sélection de plusieurs actifs",
  "92": "En utilisant notre application, vous pouvez obtenir des alertes d’opportunité de transaction sur les devises, les actions, les matières premières et plusieurs crypto-monnaies (Bitcoin Cash, XBT, Ethereum Monero, Ripple, et Dash). Cette fonctionnalité est disponible pour tous les membres de BTC 360 Ai.",
  "93": "Bitcoin 360 Ai reddit et autres communautés",
  "94": "Les membres de Bitcoin 360 Ai deviennent une communauté qui fait du brainstorming, partage des idées ou parle simplement de sujets de vie générale sur des plateformes telles que reddit, discord et autres. Au fur et à mesure du développement de notre projet, nous administrerons de tels canaux communautaires et encouragerons les échanges entre nos membres.",
  "95": "Efficacité du temps sur les nouvelles fonctionnalités",
  "96": "Les membres de Bitcoin Bot 360 Ai ont toujours une longueur d’avance ! Ce n’est que l’un des nombreux avantages qui confèrent au logiciel son avantage et sa capacité à atteindre une telle popularité dans le monde entier.",
  "97": "Paramètres conservateurs ou à risque élevé",
  "98": "itcoin 360 Ai est conçu pour identifier les opportunités de trading potentielles et les transformer en signaux de trading. L’application vous permet de définir le niveau de risque des alertes, ce qui signifie que chaque trader peut personnaliser les fonctionnalités de l’application en fonction de son appétit pour le risque.",
  "99": "Paiements et versements faciles et sécurisés",
  "100": "Pour alimenter et retirer votre compte de courtier 2.0 Avapro 360 Ai supportive, vous pouvez utiliser une carte de crédit ou de débit, des transferts d’argent, des virements bancaires et même des portefeuilles électroniques. Tout retrait sera remboursé par la méthode de paiement initiale que vous avez utilisée pour approvisionner votre compte.",
  "101": "Sécurité stricte des données",
  "102": "Toutes vos données financières, vos informations personnelles et vos transactions sont strictement conservées dans un environnement sécurisé. Votre sécurité est notre réputation, notre priorité absolue est de conserver vos informations selon les normes de sécurité les plus élevées.",
  "103": "Compte de démonstration BTC 360 Ai",
  "104": "Vous pouvez tester les règles que vous avez choisies avec le compte de démonstration Bitcoin 360 Ai et vous exercer sans risque. Après avoir maîtrisé les transactions de démonstration, vous pouvez commencer les transactions réelles.",
  "105": "Fonctionnalité de backtesting moderne",
  "106": "La fonction Backtesting de l’application Bitcoin Bot 360 Ai versoin vous permet de tester vos stratégies de trading sur des conditions de marché passées. Cela vous permettra de modifier et d’optimiser vos paramètres à tout moment.",
  "107": "Personnalisation flexible",
  "108": "Bitcoin 360 Ai offre de nombreux modes et variables de trading qui peuvent être personnalisés. Cela permet une personnalisation maximale en fonction de vos préférences de trading.",
  "109": "Assistance clientèle 24/7",
  "110": "Le succès, le confort et la satisfaction de nos clients sont notre priorité absolue. C’est pourquoi nous avons des représentants du service clientèle disponibles 24 heures sur 24 et 7 jours sur 7 pour vous aider.",
  "111": "INSCRIVEZ-VOUS MAINTENANT",
  "112": "Des ressources bien informées",
  "113": "Bitcoin Bot 360 Ai veut que vous ayez toutes les ressources éducatives dont vous avez besoin en un seul endroit.",
  "114": "Cela vous permettra de vous tenir au courant des dernières nouvelles et tendances, de vous éduquer, d’acquérir les connaissances et les outils dont vous avez besoin pour réussir sur le marché des actifs numériques et de maximiser votre potentiel de gain.",
  "115": "Rejoignez notre communauté et apprenez-en plus sur l’histoire du marché, les stratégies et astuces de trading, le minage de crypto-monnaies, les guides détaillés et d’autres informations utiles.",
  "116": "QUESTIONS FRÉQUEMMENT POSÉES",
  "117": "Qu’est-ce que le Bitcoin 360 Ai ?",
  "118": "Bitcoin 360 Ai est une application axée sur le trading de crypto-monnaies qui produit des alertes d’opportunités de trading grâce à des algorithmes qui analysent les mouvements du marché en direct à la recherche de modèles et de corrélations et les comparent avec des scans historiques de back-testing. Ainsi, lorsque certaines conditions sont remplies, une alerte d’opportunité de trading est déclenchée sur le front-end de l’application.",
  "119": "Qu’est-ce que le Bitcoin 2.0 Avapro 360 Ai ?",
  "120": "Le Bitcoin 2.0 Avapro 360 Ai est une version de l’application qui comprend des modèles hybrides dans lesquels les traders peuvent choisir entre l’exécution automatisée des transactions et l’exécution manuelle des transactions ; la version iFex est disponible pour tous les traders et ne nécessite aucune configuration ou coût supplémentaire.",
  "121": "Quels sont les indices de légitimité de Bitcoin 360 Ai 2.0 Avapro ?",
  "122": "Bitcoin 360 Ai 2.0 Avapro est une application de trading de crypto légitime,",
  "123": "plusieurs opérateurs d’applications abusives profitent de notre nom et de notre réputation,",
  "124": "mais vous pouvez facilement vous assurer que vous vous inscrivez à la bonne application en vérifiant simplement que vous vous inscrivez à l’URL authentique bitcoin360ai.com. En outre, nous ne vous demanderons jamais de frais. Le seul paiement qui vous sera demandé sera d’approvisionner votre compte de trading avec l’un des courtiers supportant l’application, et vous ne pourrez le faire que lorsque vous vous sentirez suffisamment confiant pour trader, alors que d’autres applications abusives exigeront des paiements initiaux.",
  "125": "L’application XBT 2.0 Avapro 360 Ai est-elle la même que l’application BTC 360 Ai ?",
  "126": "Oui, XBT App 2.0 Avapro 360 Ai est le même que Bitcoin 360 Ai. Notre application comprend plusieurs noms alternatifs. Par exemple, dans certaines régions du monde, le terme XBT est plus populaire que le terme “bitcoin”, mais les deux termes sont en fait identiques.",
  "127": "Qui est le propriétaire de Bitcoin 360 Ai ?",
  "128": "En raison des accords avec les investisseurs, nous avons en place. Nous ne pouvons actuellement pas divulguer notre liste d’investisseurs au public. Cependant, nous pouvons confirmer que nos investisseurs comprennent des sociétés de capital-risque d’Asie ainsi que des acteurs cryptographiques de haut rang.",
  "129": "Est-ce que XBT App 360 Ai est réglementé ?",
  "130": "Les crypto-monnaies ne sont pas réglementées dans la plupart des régions du monde. Il n’existe donc pas de régulateur officiel de l’activité de l’application. Toutefois, en tant qu’entreprise à vision à long terme, nous menons des actions d’autorégulation permanentes, qui comprennent des audits réalisés par des entreprises réputées, des contrôles de cybersécurité et des protocoles stricts de “connaissance du client ou du partenaire”, afin de garantir que nos fournisseurs, clients et prestataires de services travaillent dans le respect des normes réglementaires et professionnelles.",
  "131": "Quel est le prix du Bitcoin 350 Ai 2.0 Avapro ?",
  "132": "Bitcoin 360 Ai 2.0 Avapro est gratuit pour tous nos membres. Actuellement, nous ne facturons aucun frais ni aucune commission ; la vision de notre modèle commercial est de créer une relation à long terme avec notre communauté. À un stade ultérieur de notre application en direct, nous introduirons des fonctionnalités spéciales qui permettront aux commerçants intéressés de payer pour leur utilisation. Nous informerons tous nos clients à l’avance des changements de politique tarifaire.",
  "133": "Dernières paroles",
  "134": "Nous existons depuis un certain temps et avons acquis une excellente réputation auprès de nos utilisateurs. Beaucoup de ceux qui ont réalisé de bonnes marges en utilisant les services de notre application sont des personnes ordinaires sans expérience dans le trading de crypto-monnaies.",
  "135": "Nous pensons que la meilleure façon de négocier des crypto-monnaies en utilisant l’une de nos versions, c’est-à-dire BTC, XBT, 2.0 Avapro App, est d’apprendre à l’utiliser correctement. Vous trouverez de nombreuses informations sur l’application sur notre site web, alors passez un peu de temps à le parcourir pour vous aider à démarrer. Nous proposons également une section FAQ complète où vous trouverez des réponses à toutes vos questions.",
  "136": "Le trading de BTC, XBT et autres crypto-monnaies comporte un certain risque, mais s’il est effectué correctement, les risques peuvent être atténués et la marge potentielle peut être plus élevée.",
  "137": "Bitcoin 360 AI & 2.0",
  "138": "Avapro Version Highlights",
  "139": "Plateforme de trading",
  "140": "Crypto",
  "141": "Coût de la plateforme",
  "142": "Aucun coût",
  "143": "Frais de retrait",
  "144": "Gratuit",
  "145": "Type de plateforme",
  "146": "Plate-forme propriétaire, Android de Google et iOS d’Apple.",
  "147": "Option de dépôt",
  "148": "PayPal, Skrill, Neteller, UnionPay, Webmoney, Yandex, Visa, Mastercard, AMEX, Diners Club",
  "149": "Pays",
  "150": "Tous – sauf USA",
  "151": "Accueil",
  "152": "Se connecter",
  "153": "À propos de nous",
  "154": "Politique de confidentialité",
  "155": "Termes et conditions",
  "156": "Clause de non-responsabilité",
  "157": "Contactez-nous",
  "158": "Examen Bitcoin 360 AI",
  "159": "RÉGLEMENTATION ET AVERTISSEMENT D’INVESTISSEMENT À HAUT RISQUE: Le trading du Forex, des CFD et des crypto-monnaies peut générer des avantages significatifs, mais comporte également un niveau de risque et peut ne pas convenir à tous les investisseurs.Vous ne devriez pas spéculer avec du capital que vous ne pouvez pas vous permettre de perdre.Nous vous conseillons fortement de lire nos TERMES et CONDITIONS et notre page complète de CLAUSE DE NON-RESPONSABILITÉ avant de faire tout investissement.Les clients doivent connaître leur obligation individuelle d’impôt sur les gains en capital dans leur pays de résidence.Il est illégal de solliciter des ressortissants américains pour acheter et vendre des options sur matières premières, même si elles sont appelées contrats de « prédiction », à moins qu’elles ne soient cotées à la négociation et négociées sur une bourse enregistrée auprès de la CFTC ou à moins d’en être légalement exemptées.Nous avons placé des COOKIES sur votre ordinateur pour aider à améliorer votre expérience lorsque vous visitez ce site Web.Vous pouvez modifier les paramètres des cookies sur votre ordinateur à tout moment.L’utilisation de ce site Web indique votre acceptation de la POLITIQUE DE CONFIDENTIALITÉ de ce site Web."
}