{
  "1": "Bitcoin 360 Ai – Comercio de criptomonedas simplificado, incluida la versión BTC Avapro 2.0 Bot",
  "2": "Únete hoy a BTC 360 Ai",
  "3": "Hola, somos",
  "4": "Bitcoin 360 Ai",
  "5": "App",
  "6": "Qué es Bitcoin 360 Ai?",
  "7": "El",
  "8": "BTC 360 Ai",
  "9": "es un auto trading AI-algoritmo impulsado App que desencadena alertas de comercio cuando ciertos criterios se cumplen, tiene una interfaz fácil de usar único que lo hace atractivo para los principiantes y los comerciantes avanzados por igual. El Bitcoin Bot 360 Ai ofrece una plataforma de comercio de criptomonedas segura pero de fácil acceso y portátil, únase a nuestra creciente comunidad de comerciantes y descubra el potencial de XBT y otras criptomonedas.",
  "10": "Registro seguro",
  "11": "Bitcoin 360 AI 21",
  "12": "Somos una aplicación de alertas de oportunidades de comercio de criptomonedas",
  "13": "Bitcoin 360 Ai es una herramienta de comercio de criptomonedas que proporciona alertas de oportunidades comerciales basadas en algoritmos impulsados por Ai. Nuestra visión es convertirnos en la mayor plataforma para la comunidad de operadores de criptomonedas con el apoyo de la negociación social de nuestra aplicación y otras funciones relacionadas con la negociación colectiva.",
  "14": "Bitcoin 360 AI 22",
  "15": "Presentamos nuestra versión Bit Avapro 2.0 Bot Auto-trading",
  "16": "El Bit Avapro 2.0 Bot es una versión de aplicación que incluye dos modos de negociación, uno totalmente automático y otro manual. La negociación automática autoriza a la aplicación a realizar todas las actividades de negociación sin intervención humana, mientras que el modo manual no ejecuta las operaciones, sino que avisa a los operadores cuando nuestros algoritmos de Inteligencia Artificial activan oportunidades de negociación.",
  "17": "Bitcoin 360 AI 23",
  "18": "Utilizamos algoritmos Ai únicos",
  "19": "Sofisticados algoritmos de inteligencia artificial potencian las estrategias de negociación de Bitcoin 2.0 Avapro. Para ofrecer resultados óptimos pero conservadores, la aplicación escanea constantemente más de 100 mercados de criptomonedas en tiempo real, buscando patrones y correlaciones probados históricamente para activar alertas de oportunidades comerciales de calidad.",
  "20": "Bit 360 Ai – Hecho tanto para principiantes como para operadores de criptomonedas experimentados",
  "21": "Bitcoin 360 Ai es una aplicación de diseño simplificado pero que incluye funciones avanzadas de trading, lo que la hace adecuada tanto para principiantes como para traders avanzados.",
  "22": "Crypto está ganando reconocimiento y reconocimiento rápidamente, después de haber sido objeto de comercio desde hace más de una década y por lo tanto atrae a todo tipo de inversores, el grupo de inversores BTC Bot Ai 360 comprenden todos los niveles de los inversores, nuestra comunidad incluye inversores altamente cualificados, así como los novatos que llegaron a través de cripto comercio por primera vez.",
  "23": "Con nuestra versión Bitcoin Avapro 2.0 cualquiera puede crear modelos de trading de criptomonedas automatizados, manuales o híbridos sin tener ningún conocimiento previo.",
  "24": "Los operadores pueden ejecutar una cantidad ilimitada de operaciones a corto o largo plazo las 24 horas del día. Esto les permite maximizar el potencial de los mercados de criptomonedas y disponer de más tiempo para disfrutar de su libertad y éxito financieros. La aplicación puede automatizar el análisis de los mercados y la ejecución de operaciones rentables según las reglas establecidas por el inversor o el operador.",
  "25": "Regístrese en nuestra Bitcoin 360 Ai y únase a nuestra comunidad de traders hoy mismo",
  "26": "COMERCIO MODERNO DE ALGO",
  "27": "BTC 360 Ai utiliza tecnologías ultramodernas para lograr una ventaja en la ejecución de las operaciones frente a otros robots de trading. Esta es una de las plataformas de negociación de más alta tecnología que existe, utiliza continuamente sofisticados algoritmos informáticos para supervisar y analizar los mercados en busca de las mejores condiciones. Como resultado, nuestra Inteligencia Artificial presume de un historial continuamente optimizado.",
  "28": "TECNOLOGÍA AVANZADA",
  "29": "BTC 2.0 Avapro Bot es una aplicación líder en el comercio de criptomonedas, que ofrece más de 100 criptoactivos negociables. Es el paquete completo. Es accesible para todos los niveles de experiencia y tiene una interfaz intuitiva. Además, se basa en un registro histórico de algoritmos de comprobación con el objetivo de producir alertas de negociación óptimas.",
  "30": "BASADO EN PREFABRICADOS",
  "31": "Las asociaciones, los comerciantes, los corredores y los miembros tienen en alta estima el BTC Bot 360 Ai por su probada trayectoria y su alto rendimiento incluso en condiciones extremas de mercado. Además, el servicio de atención al cliente está disponible 24 horas al día, 7 días a la semana, nuestro equipo de asistencia responderá a preguntas generales o proporcionará asistencia técnica.",
  "32": "REGÍSTRESE GRATIS",
  "33": "Cómo funciona Bitcoin 360 Ai",
  "34": "REGÍSTRESE GRATIS",
  "35": "Registrarse es totalmente gratuito, sólo tiene que rellenar nuestro breve formulario de inscripción situado en la parte superior de este",
  "36": "Bitcoin Avapro 2.0 homepage",
  "37": "Se requiere información básica, como su nombre legal completo, dirección de correo electrónico, número de teléfono y país de residencia. Una vez aceptado el formulario en línea, pasará a ser miembro de nuestra comunidad de comerciantes. Puede empezar a utilizar nuestra aplicación de comercio de criptodivisas al instante.",
  "38": "ACTIVACIÓN DE LA CUENTA",
  "39": "Tan pronto como se haya registrado su cuenta de operaciones Bitcoin 2.0 Avapro, estará listo para empezar a operar e invertir. Para empezar a utilizar la aplicación, sólo tiene que invertir 250 euros en uno de los corredores que la respaldan. Eres dueño de todo el dinero que inviertes y de todo el dinero que ganas. Los fondos pueden retirarse o reinvertirse en actividades comerciales. Puede utilizar los fondos de su cuenta para financiar operaciones con criptomonedas.",
  "40": "TRADE CRYPTO",
  "41": "Una vez que su cuenta esté configurada y disponga de fondos, podrá empezar a formarse y a operar. El corredor se encargará de todo lo relativo a la conexión de nuestra aplicación con su plataforma de ejecución. la aplicación no sólo explora el mercado en busca de oportunidades probables, sino que también puede ejecutar operaciones para que usted maximice sus márgenes potenciales. También puede cambiar a la operativa manual si prefiere un mayor control sobre sus operaciones.",
  "42": "Regístrese ahora de forma segura en BTC 2.0 Avapro Bot",
  "43": "Bitcoin 360 Ai estafa – App copia alerta de precaución",
  "44": "Alerta de estafa en BTC 360 Ai",
  "45": "Bitcoin 360 Ai estafa es un escenario en el que fuentes poco fiables que hacen copias de nuestra aplicación, dada la naturaleza no regulada de cryptocurrencies en todo el mundo, software y productos tales como nuestras versiones de aplicaciones incluyendo el Bitcoin Bot 2.0 son el blanco de los abusadores que están copiando nuestra aplicación en diferentes formas y forma. Tenga la seguridad de que ahora está visitando el sitio web oficial de",
  "46": ", registrarse en nuestra aplicación es gratuito. Sólo cuando decida iniciar la actividad comercial, tendrá que depositar fondos en su cuenta con uno de nuestros corredores respaldados por terceros, con su consentimiento, pasaremos su información de contacto a uno de los corredores que le guiará y explicará sobre el comercio, así como los procedimientos de activación.",
  "47": "Aquí",
  "48": "encontrará un informe independiente sobre nuestra aplicación.",
  "49": "¿Afecta a Bit Avapro 2.0 la reciente negatividad de los medios de comunicación sobre el sector de las criptomonedas?",
  "50": "Por supuesto que no.",
  "51": "Bitcoin 360 Ai es una aplicación de comercio de criptomonedas legítima, fiable y de buena reputación, que fue diseñada para ser fácil de usar y, sin embargo, ofrecer resultados excepcionales. Puede utilizarse como un modo de negociación automatizado, eliminando debilidades humanas como la inexperiencia, las emociones, el tiempo y la indecisión. BTC Bot Ai 360 es más que una simple aplicación de trading, es de hecho una comunidad en la que los traders pueden compartir ideas y resultados entre ellos para formarse. La aplicación se utiliza a diario por los novatos y los comerciantes experimentados que realmente se benefician de ella financieramente",
  "52": "INSCRIPCIÓN GRATUITA",
  "53": "Bitcoin Avapro Bot 2.0 Inteligencia artificial",
  "54": "BTC Avapro 2.0 es una aplicación basada en inteligencia artificial que utiliza las últimas tecnologías para avanzar en el comercio de criptomonedas con más confianza y mayores márgenes potenciales. Gracias a sus algoritmos de vanguardia, el software proporciona información y análisis del mercado en tiempo real, para que pueda tomar decisiones de ejecución de operaciones con conocimiento de causa.",
  "55": "El Avapro 360 Ai Bot se actualiza constantemente con las últimas características del mercado, por lo que siempre dispondrá de las herramientas más actuales para realizar inversiones óptimas. Podrás ver cómo está el mercado en tiempo real y tomar decisiones en consecuencia. Estos datos son esenciales para cualquiera que desee obtener beneficios en los mercados de criptomonedas.",
  "56": "Analizando estos datos, puede tomar decisiones informadas sobre qué moneda comprar y vender y cuándo hacerlo.",
  "57": "Encuentre",
  "58": "aquí",
  "59": "más información útil sobre la inteligencia artificial en los mercados de criptomonedas",
  "60": "Cuenta de demostración BTC Ai Avapro 360",
  "61": "Cuando se opera en bolsa, es esencial saber cuándo comprar y cuándo vender. Esto puede ayudarle a maximizar sus beneficios y minimizar sus pérdidas. Una forma de practicar esto es utilizar una",
  "62": "cuenta de demostración",
  "63": "Una cuenta de demostración es una excelente manera de aprender sobre el mercado de valores y su funcionamiento. También puede utilizar la demo para probar nuevas estrategias.",
  "64": "Bitcoin 360 Ai demo es una versión de aplicación que se utiliza para probar los mercados en cualquier dispositivo que esté conectado a Internet.",
  "65": "Esto incluye ordenadores de sobremesa, tabletas y dispositivos móviles, todos ellos sin necesidad de descargar la aplicación.",
  "66": "La aplicación de demostración de BTC 360 Ai es un entorno sin riesgos que simula las operaciones del mercado real. En la versión de demostración obtendrá todas las ventajas de la aplicación de operaciones en vivo, como: análisis rápidos, señales precisas y operaciones automatizadas.",
  "67": "Incluso el modo de operación manual de demostración incluye todos los beneficios y características de la aplicación Bitcoin 360 Ai en vivo, esta opción de operación manual de demostración le da un mayor control sobre sus operaciones si desea más práctica en el modo de demostración antes de ir en vivo.",
  "68": "Reino Unido App Bitcoin 360 Ai Martin Lewis medios de comunicación referencias",
  "69": "Bitcoin 360 Ai es una popular aplicación de comercio de criptomonedas que ganó popularidad en todo el mundo y, en el Reino Unido específicamente, por lo tanto, atrae la cobertura de los medios de comunicación, tales referencias a los medios también son generados por los abusadores que están “montando” el zumbido alrededor de nuestro nombre con el objetivo de ganar visitantes a sus sitios copiados Bitcoin 360 Ai, una de sus estrategias es utilizar nombres de celebridades junto con el nombre de nuestra aplicación – que hacen esto con el fin de ganar la confianza de los clientes a registrarse con ellos. Recientemente hemos encontrado referencias en los medios de comunicación del Reino Unido sobre la inversión realizada en Bitcoin 360 Ai por Martin Lewis. Nos gustaría aclarar que dicha prensa mediática relativa a Martin Lewis no ha sido publicada por nosotros y no está en ningún caso relacionada con nosotros.",
  "70": "Como se puede comprobar en",
  "71": "este",
  "72": "fiable informe, cualquier anuncio que hable de inversiones realizadas por Matin Lewis en Bitcoin 360 Ai y probablemente en cualquier otra app de cripto trading es falso.",
  "73": "Elon Musk Bitcoin 360 Ai cobertura mediática",
  "74": "BTC Ai Bot 2.0 es una popular aplicación de comercio de criptoactivos, el éxito de nuestra aplicación, que opera en el nicho de criptodivisas – un nicho de regulación incierta en la mayoría de las partes del mundo, es un éxito que atrae a la prensa de todo tipo de partes, por desgracia, también de algunos abusadores que utilizan nuestro nombre de forma poco ética e ilegal. Nos hemos dado cuenta de que algunos medios de comunicación hablan de una conexión entre Elon Musk y Bitcoin 360 Ai, y nos gustaría decir que dicha prensa no procede de nosotros y que, aunque nos gustaría revelar nuestra lista de inversores, no podemos hacerlo debido a los acuerdos de privacidad que tenemos en vigor. Nos gustaría aclarar que no hemos publicado en los medios de comunicación ningún tipo de conexión entre Elon Musk y Bitcoin360ai.com y que dicha conexión no existe.",
  "75": "Nuestra versión híbrida Bit 2.0 Avapro auto-manual-trading App combina características humen manuales y automatizadas de trading que la hacen destacar por encima de sus competidores.",
  "76": "Principales características de Bitcoin 360 Ai por defecto y de la versión 2.0 Avapro App",
  "77": "El precio de Bitcoin 360 Ai es cero",
  "78": "El precio de Bitcoin 360 Ai es cero. No hay cuota de inscripción, toda la actividad comercial y el uso de nuestras funciones son totalmente gratuitos. ganaremos nuestros honorarios de la característica futura que introduciremos sobre q2, q3 de 2023.",
  "79": "Sin descarga obligatoria",
  "80": "La versión web de BTC 2.0 Avapro 360 Ai no requiere instalación ni descarga, ya que se trata de una plataforma basada en Internet que puede utilizarse desde cualquier navegador conectado a Internet y desde cualquier dispositivo o ubicación.",
  "81": "Registro de Bitcoin 360 Ai sin complicaciones",
  "82": "Registrarse en Bitcoin 360 Ai es fácil y rápido. El proceso de registro es fácil y rápido, una vez hecho, podrás conectarlo con uno de los brokers donde podrás ejecutar las operaciones.",
  "83": "Verificación",
  "84": "rápida",
  "85": "y sencilla",
  "86": "Bitcoin 360 Ai hace que verificar tu cuenta sea fácil y seguro. Al registrarse, con su consentimiento, transferiremos su información de contacto a uno de los corredores de apoyo que se pondrá en contacto con usted para verificar y activar su cuenta de operaciones.",
  "87": "Interfaz fácil de usar",
  "88": "La plataforma de negociación automática Bitcoin 360 Ai tiene una interfaz muy intuitiva y es fácil de manejar. Se creó con el objetivo de apoyar a los oficios sin experiencia. Como resultado, la aplicación es fácil de usar pero incluye funciones avanzadas de negociación.",
  "89": "Fondos mínimos requeridos",
  "90": "El requisito de depósito inicial con la mayoría de nuestros corredores de apoyo aplicación es de 250 €. Esta cantidad sólo se utilizará para financiar operaciones y no para las tarifas de la aplicación, que actualmente son totalmente gratuitas.",
  "91": "Selección de múltiples activos",
  "92": "Mediante el uso de nuestra aplicación, puede obtener alertas de oportunidades comerciales en monedas fiduciarias, acciones, materias primas y múltiples cryptocurrencies (Bitcoin Cash, XBT, Ethereum Monero, Ripple, y Dash) esta característica está disponible para todos los miembros BTC 360 Ai.",
  "93": "Bitcoin 360 Ai reddit y otras comunidades",
  "94": "Los miembros de Bitcoin 360 Ai se están convirtiendo en una comunidad que aporta ideas, comparte ideas o simplemente habla sobre temas de la vida en general en plataformas como reddit, discord y otras. A medida que se desarrolle nuestro proyecto, administraremos estos canales comunitarios y fomentaremos las conversaciones entre nuestros miembros.",
  "95": "Eficacia temporal en la publicación de nuevas funciones",
  "96": "Los miembros de Bitcoin Bot 360 Ai siempre van un paso por delante. Esta es sólo una de las muchas ventajas que dan al software su ventaja y la capacidad de alcanzar tan alta popularidad en todo el mundo.",
  "97": "Ajustes conservadores o de mayor riesgo",
  "98": "Bitcoin 360 Ai está diseñado para identificar posibles oportunidades de trading y convertirlas en señales de trading. La aplicación permite establecer el nivel de riesgo de las alertas, lo que significa que cada operador puede personalizar las funciones de la aplicación en función de su apetito de riesgo individual.",
  "99": "Pagos fáciles y seguros",
  "100": "Para depositar y retirar fondos de su cuenta de broker 2.0 Avapro 360 Ai supportive, puede utilizar una tarjeta de crédito o débito, transferencias de dinero, transferencias bancarias e incluso cualquier monedero electrónico. Cualquier retirada se devolverá al método de pago original que utilizó inicialmente para ingresar fondos en su cuenta.",
  "101": "Seguridad estricta de los datos",
  "102": "Toda su información financiera y personal, así como sus operaciones, se guardan estrictamente en un entorno seguro. Su seguridad es nuestra reputación, es nuestra máxima prioridad mantener su información con los más altos estándares de seguridad.",
  "103": "Cuenta Demo BTC 360 Ai",
  "104": "Puede probar las reglas elegidas con la Cuenta Demo de Bitcoin 360 Ai y practicar sus habilidades sin riesgo. Una vez que domine las operaciones de demostración, podrá iniciar operaciones reales.",
  "105": "Backtesting moderno",
  "106": "La función Backtesting de la aplicación Bitcoin Bot 360 Ai versoin le permite probar sus estrategias de negociación en condiciones de mercado pasadas. Esto le permitirá modificar y optimizar sus ajustes en cualquier momento.",
  "107": "Personalización flexible",
  "108": "Bitcoin 360 Ai ofrece muchos modos de negociación y variables que se pueden personalizar. Esto permite la máxima personalización para adaptarse a sus preferencias de negociación.",
  "109": "Atención al cliente 24 horas al día, 7 días a la semana",
  "110": "El éxito, la comodidad y la satisfacción de nuestros clientes son nuestra máxima prioridad. Por eso tenemos representantes de atención al cliente disponibles 24 horas al día, 7 días a la semana, para ayudarle.",
  "111": "INSCRÍBETE AHORA",
  "112": "Recursos bien informados",
  "113": "Bitcoin Bot 360 Ai quiere que tengas todos los recursos educativos que necesitas en un solo lugar.",
  "114": "Esto le permitirá mantenerse al día de las últimas noticias y tendencias, formarse, adquirir los conocimientos y las herramientas que necesita para tener éxito en el mercado de activos digitales y maximizar su potencial para ganar dinero.",
  "115": "Únete a nuestra comunidad y aprende más sobre la historia del mercado, estrategias y consejos para operar, minería de criptomonedas, guías detalladas y otra información útil.",
  "116": "PREGUNTAS MÁS FRECUENTES",
  "117": "¿Qué es Bitcoin 360 Ai?",
  "118": "Bitcoin 360 Ai es una aplicación de comercio de criptomonedas impulsada por Ai que produce alertas de oportunidades comerciales impulsadas por algoritmos que están escaneando los movimientos del mercado en vivo en una búsqueda de patrones y correlaciones y comparándolos con escaneos históricos de back-testing, por lo que cuando se cumplen ciertas condiciones – se activa una alerta de oportunidad comercial en el front-end de la aplicación.",
  "119": "¿Qué es Bitcoin 2.0 Avapro 360 Ai?",
  "120": "La Bitcoin 2.0 Avapro 360 Ai es una versión de aplicación que incluye modelos híbridos en los que los operadores pueden elegir entre la ejecución automatizada de operaciones o la ejecución manual de operaciones; la versión iFex está disponible para todos los operadores y no requiere ninguna configuración o coste adicional.",
  "121": "¿Cuáles son los indicios de legitimidad de Bitcoin 360 Ai 2.0 Avapro?",
  "122": "Bitcoin 360 Ai 2.0 Avapro es una aplicación de comercio de criptomonedas legítima,",
  "123": "varios operadores de aplicaciones abusivas se están aprovechando de nuestro nombre y reputación,",
  "124": "pero usted puede asegurarse fácilmente de que se registra con la aplicación correcta simplemente comprobando que se está registrando con la auténtica URL bitcoin360ai.com. Además, nunca le pediremos ninguna comisión. El único pago que se le pedirá que haga es para financiar su cuenta de operaciones con uno de los corredores de apoyo a la aplicación, y usted puede hacer eso sólo cuando se sienta lo suficientemente seguro para el comercio de comercio, mientras que otras aplicaciones abusivas requerirán pagos por adelantado.",
  "125": "¿Es XBT App 2.0 Avapro 360 Ai lo mismo que BTC 360 Ai?",
  "126": "Sí, XBT App 2.0 Avapro 360 Ai es lo mismo que Bitcoin 360 Ai. Nuestra aplicación incluye varios nombres alternativos. Por ejemplo, en algunas regiones del mundo, el término XBT es más popular que “Bitcoin”, pero ambos términos son en realidad lo mismo.",
  "127": "¿Quién es el propietario de Bitcoin 360 Ai?",
  "128": "Debido a los acuerdos con los inversores, que tenemos en su lugar. Actualmente no podemos hacer pública nuestra lista de inversores. Sin embargo, podemos confirmar que entre nuestros inversores se encuentran sociedades de capital riesgo de Asia, así como criptomonedas de alto nivel.",
  "129": "¿Está regulado el XBT App 360 Ai?",
  "130": "Las criptomonedas no están reguladas en la mayor parte del mundo. Por lo tanto, no existe un regulador oficial de la actividad de la app. Sin embargo, como empresa con una visión a largo plazo, llevamos a cabo continuas acciones de autorregulación, que incluyen auditorías por parte de empresas acreditadas, comprobaciones de ciberseguridad y estrictos protocolos de “conozca a su cliente o socio” para garantizar que nuestros proveedores, clientes y prestadores de servicios trabajan en línea con las normas reglamentarias y profesionales.",
  "131": "¿Cuál es el precio de Bitcoin 350 Ai 2.0 Avapro?",
  "132": "Bitcoin 360 Ai 2.0 Avapro es gratuito para todos nuestros miembros. Actualmente no cobramos honorarios ni comisiones de ningún tipo; la visión de nuestro modelo de negocio es crear una relación a largo plazo con nuestra comunidad. En una fase posterior de nuestra aplicación en directo, introduciremos funciones especiales que permitirán a los operadores interesados pagar por su uso. Informaremos a todos nuestros clientes con antelación de los cambios en la política de precios.",
  "133": "Palabras finales",
  "134": "Llevamos algún tiempo en el mercado y nos hemos forjado una excelente reputación entre nuestros usuarios. Muchos de los que han obtenido buenos márgenes utilizando los servicios de nuestra aplicación son personas normales sin experiencia en el comercio de criptodivisas.",
  "135": "Creemos que la mejor manera de operar con criptodivisas utilizando cualquiera de nuestras versiones, es decir, BTC, XBT, 2.0 Avapro App es aprendiendo a utilizarla correctamente. Puedes encontrar mucha información sobre la aplicación en nuestro sitio web, así que dedicar un poco de tiempo a navegar por él te ayudará a empezar. También ofrecemos una amplia sección de preguntas frecuentes donde encontrará respuesta a cualquier duda.",
  "136": "Operar con BTC, XBT y otras criptomonedas conlleva cierto riesgo, pero si se hace correctamente, los riesgos pueden mitigarse y el potencial de margen puede ser mayor.",
  "137": "Lo más destacado de",
  "138": "Bitcoin 360 AI y la versión 2.0 Avapro",
  "139": "Plataforma de negociación",
  "140": "Cripto",
  "141": "Coste de la plataforma",
  "142": "Sin coste",
  "143": "Tasa de desistimiento",
  "144": "Gratis",
  "145": "Tipo de plataforma",
  "146": "Basado en web, plataforma propia, Android de Google e iOS de Apple",
  "147": "Opción de depósito",
  "148": "PayPal, Skrill, Neteller, UnionPay, Webmoney, Yandex, Visa, Mastercard, AMEX, Diners Club",
  "149": "Países",
  "150": "Todos – Excepto EE.UU.",
  "151": "Página de inicio",
  "152": "Acceso",
  "153": "Sobre nosotros",
  "154": "Política de privacidad",
  "155": "Términos y condiciones",
  "156": "Descargo de responsabilidad",
  "157": "Contáctenos",
  "158": "Revisión de Bitcoin 360 AI",
  "159": "REGULACIÓN Y ADVERTENCIA DE INVERSIÓN DE ALTO RIESGO: Operar en Forex, CFDs y Criptomonedas puede generar beneficios significativos, pero también conlleva un nivel de riesgo y puede no ser adecuado para todos los inversores.No debe especular con capital que no puede permitirse perder.Le recomendamos encarecidamente que lea nuestros TÉRMINOS y CONDICIONES y la página completa de DESCARGO de responsabilidad antes de realizar cualquier inversión.Los clientes deben ser conscientes de su obligación fiscal individual sobre las ganancias de capital en su país de residencia.Es ilegal solicitar a personas estadounidenses que compren y vendan opciones de productos básicos, incluso si se denominan contratos de «predicción», a menos que estén listados para su negociación y se negocien en una bolsa registrada en la CFTC o a menos que estén legalmente exentos.Hemos colocado COOKIES en su computadora para ayudar a mejorar su experiencia al visitar este sitio web.Puede cambiar la configuración de cookies en su computadora en cualquier momento.El uso de este sitio web indica su aceptación de la POLÍTICA DE PRIVACIDAD de este sitio web."
}