{
  "1": "Bitcoin 360 Ai – Supaprastinta kriptografinė prekyba, įskaitant BTC Avapro 2.0 Bot versiją",
  "2": "Prisijunk prie BTC 360 Ai šiandien",
  "3": "Sveiki, mes esame",
  "4": "Bitcoin 360 Ai",
  "5": "App",
  "6": "Kas yra “Bitcoin 360 Ai”?",
  "7": "",
  "8": "BTC 360 Ai",
  "9": "yra automatinės prekybos AI-algoritmu paremta programa, kuri sukelia prekybos įspėjimus, kai įvykdomi tam tikri kriterijai, ji turi unikalią patogią vartotojo sąsają, dėl kurios ji yra patraukli tiek pradedantiesiems, tiek pažengusiems prekybininkams. “Bitcoin Bot 360 Ai” suteikia saugią, bet lengvai prieinamą ir nešiojamą kriptovaliutų prekybos platformą, prisijunkite prie mūsų augančios prekiautojų bendruomenės ir atraskite XBT ir kitų kriptovaliutų potencialą.",
  "10": "Saugi registracija",
  "11": "Bitcoin 360 AI 21",
  "12": "Mes esame kriptografinės prekybos galimybės įspėjimai App",
  "13": "Bitcoin 360 Ai yra kriptografinės prekybos įrankis, kuris suteikia prekybos galimybių įspėjimus, pagrįstus Ai maitinamas algoritmus. Mūsų vizija – tapti didžiausia kriptovaliutų prekiautojų bendruomenės platforma, kurią remia mūsų programėlės socialinė prekyba ir kitos su minios prekyba susijusios funkcijos.",
  "14": "Bitcoin 360 AI 22",
  "15": "Pristatome Bit Avapro 2.0 Bot automatinės prekybos versiją",
  "16": "Bit Avapro 2.0 Bot yra programėlės versija, kurioje yra du prekybos režimai: visiškai automatinis prekybos režimas ir rankinis režimas. Automatinė prekyba leidžia programėlei atlikti visus prekybos veiksmus be žmogaus įsikišimo, o rankinis režimas nevykdo sandorių, bet įspėja prekiautojus, kai prekybos galimybes sukelia mūsų Ai algoritmai.",
  "17": "Bitcoin 360 AI 23",
  "18": "Naudojame unikalius Ai algoritmus",
  "19": "Sudėtingi dirbtinio intelekto algoritmai įgalina Bitcoin 2.0 Avapro prekybos strategijas. Kad rezultatai būtų optimalūs, tačiau konservatyvūs, programa nuolat realiuoju laiku skenuoja daugiau nei 100 kriptovaliutų rinkų, ieško istoriškai įrodytų modelių ir koreliacijų, kad būtų galima sukelti kokybiškus įspėjimus apie prekybos galimybes.",
  "20": "“Bit 360 Ai” – Sukurta pradedantiesiems ir patyrusiems kriptovaliutų prekiautojams",
  "21": "“Bitcoin 360 Ai” yra supaprastinta programėlė, tačiau joje yra pažangių prekybos funkcijų, todėl ji tinka tiek pradedantiesiems, tiek pažengusiems prekybininkams.",
  "22": "Kriptovaliutos sparčiai įgauna pripažinimą, jomis prekiaujama jau daugiau nei dešimtmetį, todėl jos traukia visų tipų investuotojus; BTC Bot Ai 360 investuotojų grupę sudaro visų lygių investuotojai, mūsų bendruomenėje yra ir aukštos kvalifikacijos investuotojų, ir naujokų, kurie pirmą kartą susidūrė su prekyba kriptovaliutomis.",
  "23": "Naudodamasis mūsų Bitcoin Avapro 2.0 versija kiekvienas gali kurti automatizuotus, rankinius ar hibridinius kriptovaliutų prekybos modelius neturėdamas jokių išankstinių žinių.",
  "24": "Prekiautojai gali sudaryti neribotą kiekį trumpalaikių ar ilgalaikių sandorių 24 valandas per parą. Tai leidžia jiems maksimaliai išnaudoti kriptovaliutų rinkų potencialą ir turėti daugiau laiko džiaugtis finansine laisve ir sėkme. Programa gali automatizuoti rinkų nuskaitymą ir pelningų sandorių vykdymą pagal investuotojo arba prekiautojo nustatytas taisykles.",
  "25": "Užsiregistruokite mūsų Bitcoin 360 Ai ir prisijunkite prie mūsų prekybininkų bendruomenės šiandien",
  "26": "MODERNI ALGO PREKYBA",
  "27": "BTC 360 Ai naudoja itin modernias technologijas, kad pasiektų prekybos vykdymo pranašumą prieš kitus algo prekybos botus. Tai viena iš labiausiai aukštųjų technologijų prekybos platforma egzistuoja, ji nuolat naudoja sudėtingus kompiuterinius algoritmus stebėti ir analizuoti rinkas geriausiomis sąlygomis. Todėl mūsų “Ai” gali pasigirti nuolat optimizuojamais rezultatais.",
  "28": "PAŽANGI TECHNOLOGIJA",
  "29": "BTC 2.0 Avapro Bot yra pirmaujanti cryptocurrency prekybos programa, ji siūlo daugiau nei 100 prekiaujama kriptografinio turto. Tai visas paketas. Ji prieinama visų lygių naudotojams ir turi intuityvią sąsają. Be to, jis remiasi istorinių įrašų algoritmų patikrinimais, kurių tikslas – parengti optimalius prekybos įspėjimus.",
  "30": "PREFOMANCED PAGRINDU",
  "31": "Asociacijos, prekiautojai, brokeriai ir nariai labai vertina BTC Bot 360 Ai, nes jis yra patikrintas ir puikiai veikia net ekstremaliomis rinkos sąlygomis. Be to, klientų aptarnavimo tarnyba dirba 24 valandas per parą, 7 dienas per savaitę, o mūsų palaikymo komanda atsakys į bendrus klausimus arba suteiks techninę pagalbą.",
  "32": "UŽSIREGISTRUOKITE NEMOKAMAI",
  "33": "Kaip veikia “Bitcoin 360 Ai”",
  "34": "UŽSIREGISTRUOTI NEMOKAMAI",
  "35": "Registracija visiškai nemokama, tereikia užpildyti trumpą registracijos formą, esančią šio",
  "36": "Bitcoin Avapro 2.0 homepage",
  "37": "puslapio viršuje. Būtina pateikti pagrindinę informaciją, įskaitant jūsų vardą ir pavardę, el. pašto adresą, telefono numerį ir šalį, kurioje gyvenate. Patvirtinus internetinę formą, tapsite mūsų prekiautojų bendruomenės nariu. Galite iš karto pradėti naudotis mūsų cryptocurrency prekybos programa.",
  "38": "PASKYROS AKTYVAVIMAS",
  "39": "Kai tik užregistruosite Bitcoin 2.0 Avapro prekybos sąskaitą, galėsite pradėti prekiauti ir investuoti. Norint pradėti naudotis programėle, tereikia investuoti 250 eurų į vieną iš palaikančių brokerių. Jums priklauso visi investuoti pinigai ir visi jūsų uždirbti pinigai. Lėšas galima išimti arba reinvestuoti į prekybos veiklą. Savo sąskaitos lėšas galite naudoti kriptografinei prekybai finansuoti.",
  "40": "TRADE CRYPTO",
  "41": "Kai jūsų sąskaita bus sukurta ir turėsite lėšų, galėsite pradėti mokytis ir prekiauti. Brokeriai viską tvarkys sujungdami mūsų programėlę su savo vykdymo platforma. programa ne tik nuskaito rinką, ieškodama tikėtinų galimybių, bet ir vykdo sandorius, kad maksimaliai padidintumėte savo maržos potencialą. Taip pat galite pereiti prie rankinės prekybos, jei pageidaujate labiau kontroliuoti savo sandorius.",
  "42": "Saugiai užsiregistruokite į BTC 2.0 Avapro Bot dabar",
  "43": "“Bitcoin 360 Ai” sukčiai – Programėlės kopijavimo įspėjimas",
  "44": "BTC 360 Ai perspėjimas apie sukčiavimą",
  "45": "Bitcoin 360 Ai sukčiai yra scenarijus, kai nepatikimi šaltiniai, darantys mūsų programos kopijas, atsižvelgiant į nereguliuojamą kriptovaliutų pobūdį visame pasaulyje, programinė įranga ir produktai, tokie kaip mūsų programos versijos, įskaitant Bitcoin Bot 2.0, yra nukreipti į piktnaudžiautojus, kurie kopijuoja mūsų programą įvairiomis formomis ir pavidalais. Būkite tikri, kad dabar lankotės",
  "46": "oficialioje svetainėje, registracija su mūsų programa yra nemokama. Tik tada, kai nuspręsite pradėti prekybos veiklą, turėsite papildyti savo sąskaitą pas vieną iš mūsų trečiųjų šalių remiamų brokerių, o jums sutikus, mes perduosime jūsų kontaktinę informaciją vienam iš brokerių, kuris jums paaiškins apie prekybos ir aktyvavimo procedūras.",
  "47": "Nepriklausomą ataskaitą apie mūsų programėlę galite rasti",
  "48": "čia",
  "49": "Ar Bit Avapro 2.0 paveikė neseniai neigiamas žiniasklaidos apie kriptografijos pramonės?",
  "50": "Tikrai NE!",
  "51": "Bitcoin 360 Ai yra teisėtas, patikimas ir gerbiamas kriptografinės prekybos programa, ji buvo sukurta taip, kad būtų paprasta naudoti ir dar suteikti išskirtinių rezultatų. Jis gali būti naudojamas kaip automatinės prekybos režimas, pašalinantis žmogiškąsias silpnybes, tokias kaip nepatyrimas, emocijos, laikas ir neryžtingumas. “BTC Bot Ai 360” yra daugiau nei tik prekybos programėlė, iš tikrųjų tai yra bendruomenė, kurioje prekiautojai gali tarpusavyje dalytis idėjomis ir rezultatais, kad galėtų mokytis. Programėlę kasdien naudoja naujokai ir patyrę prekiautojai, kurie iš tikrųjų gauna iš jos finansinės naudos.",
  "52": "NEMOKAMA REGISTRACIJA",
  "53": "Bitcoin Avapro Bot 2.0 Dirbtinis intelektas",
  "54": "BTC Avapro 2.0 yra dirbtinio intelekto varoma programa, kuri naudoja naujausias technologijas, kad jūsų kriptografinė prekyba būtų vykdoma su didesniu pasitikėjimu ir didesniu maržos potencialu. Naudodama pažangiausius algoritmus, programinė įranga realiuoju laiku pateikia rinkos įžvalgas ir analizę, todėl galite priimti pagrįstus sprendimus dėl prekybos vykdymo.",
  "55": "Avapro 360 Ai Bot nuolat atnaujinama, įtraukiant į ją naujausias rinkos funkcijas, todėl visada turėsite naujausius įrankius, kad galėtumėte optimaliai investuoti. Galėsite matyti, kaip realiuoju laiku veikia rinka, ir priimti atitinkamus sprendimus. Šie duomenys yra labai svarbūs visiems, norintiems gauti pelno kriptovaliutų rinkose.",
  "56": "Analizuodami šiuos duomenis galite priimti pagrįstus sprendimus, kokias monetas pirkti ir parduoti ir kada tai daryti.",
  "57": "",
  "58": "Turite",
  "59": "daugiau naudingos informacijos apie dirbtinį intelektą kriptovaliutų rinkose",
  "60": "BTC Ai Avapro 360 demo sąskaita",
  "61": "Prekiaujant akcijų rinkoje labai svarbu žinoti, kada pirkti ir parduoti. Tai gali padėti padidinti pelną ir sumažinti nuostolius. Vienas iš būdų tai praktikuoti – naudoti",
  "62": "demonstracinę sąskaitą",
  "63": "Demonstracinė sąskaita yra puikus būdas sužinoti apie akcijų rinką ir jos veikimą. Demo versiją taip pat galite naudoti naujoms strategijoms išbandyti.",
  "64": "“Bitcoin 360 Ai demo” – tai programėlės versija, naudojama rinkoms išbandyti bet kuriame prie interneto prijungtame įrenginyje.",
  "65": "Tai apima stalinius kompiuterius, planšetinius kompiuterius ir mobiliuosius įrenginius – visiems jiems nereikia atsisiųsti programos.",
  "66": "“BTC 360 Ai” demonstracinė programa yra nerizikinga aplinka, imituojanti prekybą realioje rinkoje.Demonstracinėje versijoje gausite visus realios prekybos programos privalumus, tokius kaip: greita analizė, tikslūs signalai ir automatiniai sandoriai.",
  "67": "Net ir rankinis demo prekybos režimas apima visus gyvų Bitcoin 360 Ai app privalumus ir funkcijas, ši demo rankinė prekybos galimybė suteikia jums didesnę savo sandorių kontrolę, jei norite daugiau praktikos demo režimu, prieš pradėdami veikti gyvai.",
  "68": "JK Programėlė Bitcoin 360 Ai Martin Lewis nuorodos į žiniasklaidą",
  "69": "“Bitcoin 360 Ai” yra populiari kriptografinės prekybos programėlė, kuri išpopuliarėjo visame pasaulyje, o ypač Jungtinėje Karalystėje, todėl apie ją rašoma žiniasklaidoje.Tokias nuorodas žiniasklaidoje taip pat kuria piktnaudžiautojai, kurie “jodinėja” aplink mūsų pavadinimą ir siekia pritraukti lankytojų į savo nukopijuotas “Bitcoin 360 Ai” svetaines.Viena iš jų strategijų yra naudoti įžymybių vardus kartu su mūsų programėlės pavadinimu – taip jie siekia įgyti klientų pasitikėjimą ir užsiregistruoti pas juos. Neseniai Jungtinės Karalystės žiniasklaidoje aptikome nuorodų apie Martino Lewiso investicijas į “Bitcoin 360 Ai”. Norėtume paaiškinti, kad tokią spaudą apie Martiną Lewisą paskelbėme ne mes ir ji jokiu būdu nėra su mumis susijusi.",
  "70": "Kaip matyti iš",
  "71": "šios",
  "72": "patikimos ataskaitos, bet kokia reklama, kurioje kalbama apie Matino Lewiso investicijas į “Bitcoin 360 Ai” ir tikriausiai bet kokią kitą kriptografinės prekybos programą, yra melaginga.",
  "73": "Elonas Muskas “Bitcoin 360 Ai” žiniasklaida",
  "74": "BTC Ai Bot 2.0 yra populiari kriptografinių aktyvų prekybos programa, mūsų programos, kuri veikia kriptovaliutų nišoje – neaiškioje reguliavimo nišoje daugelyje pasaulio dalių, sėkmė yra sėkmė, kuri pritraukia spaudą iš visų įvairių šalių, deja, taip pat iš kai kurių piktnaudžiautojų, kurie naudoja mūsų vardą neetiškai ir neteisėtai. Pastebėjome, kad žiniasklaidoje buvo rašoma apie Elono Musko ir “Bitcoin 360 Ai” sąsajas, ir norėtume pareikšti, kad tokia spauda nėra mūsų darbas, ir kad ir kaip norėtume atskleisti savo investuotojų sąrašą, negalime to padaryti dėl galiojančių privatumo susitarimų. Norėtume paaiškinti, kad jokios žiniasklaidos spaudos, susijusios su bet kokiu Elono Musko ir Bitcoin360ai.com ryšiu, neskelbėme ir tokio ryšio nėra.",
  "75": "Mūsų Bit 2.0 Avapro hibridinė automatinė-manualinė-prekybos programėlės versija apjungia humuso rankinio ir automatinės prekybos funkcijas, todėl ji išsiskiria iš konkurentų.",
  "76": "Pagrindinės “Bitcoin 360 Ai” numatytoji ir 2.0 Avapro programos versijos funkcijos",
  "77": "Bitcoin 360 Ai kaina yra lygi nuliui",
  "78": "“Bitcoin 360 Ai” kaina yra lygi nuliui. Registracijos mokesčio nėra, visa prekybos veikla ir naudojimasis mūsų funkcijomis yra visiškai nemokami. mokesčius uždirbsime iš būsimos funkcijos, kurią pristatysime 2023 m. II, III ketv.",
  "79": "Nėra privalomo atsisiuntimo",
  "80": "BTC 2.0 Avapro 360 Ai internetinės versijos nereikia diegti ar atsisiųsti, nes ji yra internetinė platforma, kurią galima naudoti iš bet kurios prie interneto prijungtos naršyklės ir iš bet kurio įrenginio ar vietos.",
  "81": "Bitcoin 360 Ai registracija be vargo",
  "82": "Užsiregistruoti į “Bitcoin 360 Ai” yra paprasta ir greita. Registracijos procesas yra paprastas ir greitas, o jį atlikę galėsite prisijungti prie vieno iš brokerių, kur galėsite vykdyti sandorius.",
  "83": "Greitas",
  "84": "ir",
  "85": "paprastas patikrinimas",
  "86": "“Bitcoin 360 Ai” leidžia lengvai ir saugiai patikrinti savo paskyrą. Užsiregistravus ir gavus jūsų sutikimą, mes perduosime jūsų kontaktinę informaciją vienam iš palaikančių brokerių, kuris su jumis susisieks, kad patikrintų ir aktyvuotų jūsų prekybos sąskaitą.",
  "87": "Patogi vartotojui sąsaja",
  "88": "“Bitcoin 360 Ai” automatinės prekybos platforma turi labai intuityvią sąsają ir yra lengvai valdoma. Ji buvo sukurta siekiant padėti nepatyrusiems prekybininkams. Dėl to programėle lengva naudotis, tačiau joje yra pažangių prekybos funkcijų.",
  "89": "Minimalus lėšų poreikis",
  "90": "Pradinio įnašo reikalavimas daugumoje mūsų programėlę palaikančių brokerių yra 250 €. Ši suma bus naudojama tik sandoriams finansuoti, o ne programėlės mokesčiams, kurie šiuo metu yra visiškai nemokami.",
  "91": "Kelių rūšių turto pasirinkimas",
  "92": "Naudodamiesi mūsų programėle, galite gauti įspėjimus apie prekybos galimybes fiat valiutomis, akcijomis, prekėmis ir keliomis kriptovaliutomis (Bitcoin Cash, XBT, Ethereum Monero, Ripple ir Dash) Ši funkcija prieinama visiems BTC 360 Ai nariams.",
  "93": "Bitcoin 360 Ai reddit ir kitos bendruomenės",
  "94": "Bitcoin 360 Ai nariai tampa bendruomene, kuri buria smegenis, dalijasi idėjomis ar tiesiog kalba apie bendrą gyvenimo temą tokiose platformose kaip reddit, discord ir kt. plėtojant projektą, administruosime tokius bendruomenių kanalus ir skatinsime mūsų narių pokalbius.",
  "95": "Naujų funkcijų išleidimo laiko efektyvumas",
  "96": "Bitcoin Bot 360 Ai nariai visada vienu žingsniu priekyje!. Tai tik vienas iš daugelio privalumų, kurie suteikia programinei įrangai pranašumą ir leidžia pasiekti tokį didelį populiarumą visame pasaulyje.",
  "97": "Konservatyvūs arba didesnės rizikos nustatymai",
  "98": "“Bitcoin 360 Ai” sukurta siekiant nustatyti potencialias prekybos galimybes ir paversti jas prekybos signalais. Programėlė leidžia nustatyti įspėjimų rizikos lygį, o tai reiškia, kad kiekvienas prekiautojas gali pritaikyti programėlės funkcijas pagal individualų rizikos apetitą.",
  "99": "Lengvas ir saugus mokėjimas ir išmokėjimai",
  "100": "Norėdami finansuoti ir išimti lėšas iš savo 2.0 Avapro 360 Ai palaikomosios brokerio sąskaitos, galite naudoti kredito arba debeto kortelę, pinigų pervedimus, banko pavedimus ir net bet kokias elektronines pinigines. Bet koks pinigų išėmimas bus grąžinamas į pradinį mokėjimo būdą, kuriuo iš pradžių papildėte savo sąskaitą.",
  "101": "Griežtas duomenų saugumas",
  "102": "Visi jūsų finansiniai duomenys, asmeninė informacija ir sandorių veiksmai griežtai saugomi saugioje aplinkoje. Jūsų saugumas – tai mūsų reputacija, todėl mums svarbiausia, kad jūsų informacija būtų saugoma pagal aukščiausius saugumo standartus.",
  "103": "BTC 360 Ai demonstracinė sąskaita",
  "104": "Pasirinktas taisykles galite išbandyti su “Bitcoin 360 Ai” demonstracine sąskaita ir nerizikuodami lavinti savo įgūdžius. Įgudę atlikti demo sandorius, galite pradėti tikrus sandorius.",
  "105": "Šiuolaikinė grįžtamojo testavimo funkcija",
  "106": "Bitcoin Bot 360 Ai programėlės versoin “Backtesting” funkcija leidžia išbandyti savo prekybos strategijas ankstesnėmis rinkos sąlygomis. Taip galėsite bet kada keisti ir optimizuoti nustatymus.",
  "107": "Lankstus pritaikymas",
  "108": "“Bitcoin 360 Ai” siūlo daug prekybos režimų ir kintamųjų, kuriuos galima pritaikyti. Taip galima maksimaliai pritaikyti savo prekybos pageidavimus.",
  "109": "24/7 klientų aptarnavimas",
  "110": "Klientų ir užsakovų sėkmė, patogumas ir pasitenkinimas yra mūsų didžiausias prioritetas. Štai kodėl mūsų klientų aptarnavimo tarnybos atstovai gali jums padėti 24 valandas per parą, 7 dienas per savaitę.",
  "111": "PRISIJUNKITE DABAR",
  "112": "Žingeidūs ištekliai",
  "113": "“Bitcoin Bot 360 Ai” nori, kad visi jums reikalingi švietimo ištekliai būtų vienoje vietoje.",
  "114": "Taip galėsite sekti naujausias naujienas ir tendencijas, mokytis, įgyti žinių ir įrankių, kurių reikia norint sėkmingai veikti skaitmeninio turto rinkoje, ir maksimaliai padidinti savo pinigų uždirbimo potencialą.",
  "115": "Prisijunkite prie mūsų bendruomenės ir sužinokite daugiau apie rinkos istoriją, prekybos strategijas ir patarimus, kriptovaliutų kasybą, išsamius vadovus ir kitą naudingą informaciją.",
  "116": "DAŽNIAUSIAI UŽDUODAMI KLAUSIMAI",
  "117": "Kas yra “Bitcoin 360 Ai”?",
  "118": "Bitcoin 360 Ai yra kriptografinė prekybos Ai varoma programa, kuri gamina prekybos galimybių perspėjimus, paremtus algoritmais, kurie nuskaito gyvus rinkos judesius, ieškodami modelių ir koreliacijų bei lygindami juos su istoriniais atgalinio testavimo nuskaitymais, todėl, kai įvykdomos tam tikros sąlygos, programėlės priekyje įjungiamas prekybos galimybių perspėjimas.",
  "119": "Kas yra “Bitcoin 2.0 Avapro 360 Ai”?",
  "120": "Bitcoin 2.0 Avapro 360 Ai yra programėlės versija, apimanti hibridinius modelius, kuriuose prekiautojai gali rinktis tarp automatinio prekybos vykdymo arba rankinio prekybos vykdymo; iFex versija prieinama visiems prekiautojams ir nereikalauja jokių papildomų nustatymų ar išlaidų.",
  "121": "Kokie yra Bitcoin 360 Ai 2.0 Avapro teisėtumo požymiai?",
  "122": "Bitcoin 360 Ai 2.0 Avapro yra teisėtas kriptografinės prekybos app,",
  "123": "keletas piktnaudžiavimo app operatoriai naudojasi mūsų vardą ir reputaciją,",
  "124": "bet jūs galite lengvai užtikrinti, kad jūs galite užsiregistruoti su teisinga app tiesiog patikrinti, kad jūs registruojatės su autentiška bitcoin360ai.com URL. Be to, niekada neprašysime iš jūsų jokių mokesčių. Vienintelis mokėjimas, kurį turėsite atlikti, yra finansuoti savo prekybos sąskaitą viename iš programėlę palaikančių brokerių, ir tai galite padaryti tik tada, kai jaučiatės pakankamai užtikrintai prekiauti, o kitos piktnaudžiaujančios programėlės reikalaus išankstinių mokėjimų.",
  "125": "Ar XBT programėlė 2.0 Avapro 360 Ai yra tokia pati kaip BTC 360 Ai?",
  "126": "Taip, XBT programėlė 2.0 Avapro 360 Ai yra tokia pati kaip “Bitcoin 360 Ai”. Mūsų programėlėje yra keli alternatyvūs pavadinimai. Pavyzdžiui, kai kuriuose pasaulio regionuose terminas XBT yra populiaresnis už terminą “Bitcoin”, tačiau iš tiesų abu terminai yra tie patys.",
  "127": "Kas yra “Bitcoin 360 Ai” savininkas?",
  "128": "Dėl investuotojų susitarimų esame sudarę. Šiuo metu negalime viešai atskleisti savo investuotojų sąrašo. Tačiau galime patvirtinti, kad tarp mūsų investuotojų yra rizikos kapitalo įmonių iš Azijos ir pavienių aukšto rango kriptovaliutų žaidėjų.",
  "129": "Ar “XBT App 360 Ai” yra reguliuojama?",
  "130": "Daugelyje pasaulio šalių kriptovaliutos nėra reguliuojamos. Todėl nėra oficialaus programėlės veiklos reguliatoriaus. Tačiau, kaip ilgalaikės vizijos bendrovė, nuolat vykdome savireguliavimo veiksmus, įskaitant patikimų įmonių atliekamus auditus, kibernetinio saugumo patikrinimus ir griežtus “pažink savo klientą ar partnerį” protokolus, siekdami užtikrinti, kad mūsų tiekėjai, klientai ir paslaugų teikėjai dirbtų laikydamiesi reguliavimo ir profesinių standartų.",
  "131": "Kokia yra “Bitcoin 350 Ai 2.0 Avapro” kaina?",
  "132": "Bitcoin 360 Ai 2.0 Avapro yra nemokamas visiems mūsų nariams. Šiuo metu neimame jokių mokesčių ar komisinių; mūsų verslo modelio vizija – kurti ilgalaikius santykius su bendruomene. Vėlesniame mūsų programėlės gyvavimo etape pristatysime specialias funkcijas, kurios leis prekiautojams, norintiems mokėti už jų naudojimą. Visus savo klientus iš anksto informuosime apie kainų politikos pokyčius.",
  "133": "Baigiamieji žodžiai",
  "134": "Jau kurį laiką veikiame ir esame užsitarnavę puikią reputaciją tarp naudotojų. Daugelis iš jų, kurie, naudodamiesi mūsų programėlės paslaugomis, uždirbo geras maržas, yra paprasti žmonės, neturintys patirties prekiaujant kriptovaliutomis.",
  "135": "Manome, kad geriausias būdas prekiauti kriptovaliutomis naudojant bet kurią iš mūsų versijų, t. y. BTC, XBT, 2.0 Avapro programėlę, yra išmokti tinkamai ja naudotis. Daug informacijos apie programėlę galite rasti mūsų svetainėje, todėl šiek tiek laiko praleidę naršydami joje, galėsite pradėti dirbti. Taip pat siūlome išsamų DUK skyrių, kuriame rasite atsakymus į visus klausimus.",
  "136": "Prekiaujant BTC, XBT ir kitomis kriptovaliutomis yra tam tikra rizika, tačiau jei tai daroma teisingai, riziką galima sumažinti, o maržos potencialas gali būti didesnis.",
  "137": "“Bitcoin 360 AI” ir 2.0",
  "138": "Avapro versijos akcentai",
  "139": "Prekybos platforma",
  "140": "Kriptovaliuta",
  "141": "Platformos sąnaudos",
  "142": "Jokių išlaidų",
  "143": "Pasitraukimo mokestis",
  "144": "Nemokamai",
  "145": "Platformos tipas",
  "146": "Internetinė, nuosava platforma, “Google Android” ir “Apple iOS",
  "147": "Depozito galimybė",
  "148": "“PayPal”, “Skrill”, “Neteller”, “UnionPay”, “Webmoney”, “Yandex”, “Visa”, “Mastercard”, AMEX, “Diners Club",
  "149": "Šalys",
  "150": "Visi – išskyrus JAV",
  "151": "Pagrindinis puslapis",
  "152": "Prisijungti",
  "153": "Apie mus",
  "154": "Privatumo politika",
  "155": "Sąlygos ir sąlygos",
  "156": "Atsakomybės atsisakymas",
  "157": "Susisiekite su mumis",
  "158": "„Bitcoin 360 AI“ apžvalga",
  "159": "ĮSPĖJIMAS DĖL REGULIAVIMO IR DIDELĖS RIZIKOS INVESTICIJŲ: Prekyba Forex, CFD ir kriptovaliutomis gali atnešti nemažą pelną, tačiau taip pat yra susijusi su tam tikra rizika ir gali būti netinkama visiems investuotojams. Neturėtumėte spekuliuoti kapitalu, kurio negalite sau leisti prarasti .prieš investuodami primygtinai rekomenduojame perskaityti mūsų TERMINAIS IR SĄLYGOMIS bei visą ATSISAKYMO puslapį. klientai turėtų žinoti apie savo individualius kapitalo prieaugio mokesčius savo gyvenamojoje šalyje. įstatymas draudžia įkalbinėti JAV asmenis pirkti ir parduoti biržos prekių pasirinkimo sandorius, net jei jie vadinami 'prognozavimo sutartimis', nebent jie yra įtraukti į prekybos sąrašą ir jais prekiaujama CFTC registruotoje biržoje arba jie yra teisiškai atleisti. Jūsų kompiuteryje patalpinome slapukus (COOKIES), kad pagerintume jūsų patirtį, kai lankotės šioje svetainėje. Galite bet kada pakeisti slapukų nustatymus savo kompiuteryje. Naudojimasis šia svetaine reiškia, kad sutinkate su šios svetainės ds PRIVALUMO POLITIKA."
}