{
  "1": "Bitcoin 360 Ai – Vereenvoudigde cryptohandel, inclusief BTC Avapro 2.0 Bot-versie",
  "2": "Word vandaag lid van BTC 360 Ai",
  "3": "Hallo, wij zijn",
  "4": "Bitcoin 360 Ai",
  "5": "App",
  "6": "Wat is Bitcoin 360 Ai?",
  "7": "De",
  "8": "BTC 360 Ai",
  "9": "is een auto trading AI-algoritme gestuurde App die handelswaarschuwingen triggert wanneer aan bepaalde criteria wordt voldaan, het heeft een unieke gebruiksvriendelijke interface die het aantrekkelijk maakt voor zowel beginners als gevorderde handelaren. De Bitcoin Bot 360 Ai biedt een beveiligd maar toch gemakkelijk toegankelijk en draagbaar crypto handelsplatform, sluit u aan bij onze groeiende handelaarsgemeenschap en ontdek het potentieel van XBT & andere cryptocurrencies.",
  "10": "Veilig registreren",
  "11": "Bitcoin 360 AI 21",
  "12": "Wij zijn een Crypto Trade Opportunities Alerts App.",
  "13": "De Bitcoin 360 Ai is een crypto trading tool die handelsmogelijkheden alerts geeft op basis van door Ai aangedreven algoritmes. Onze visie is om het grootste platform te worden voor de gemeenschap van cryptohandelaren, ondersteund door de sociale handel van onze app en andere functies voor crowd trade.",
  "14": "Bitcoin 360 AI 22",
  "15": "Introductie van onze Bit Avapro 2.0 Bot Auto-trading versie",
  "16": "De Bit Avapro 2.0 Bot is een app-versie met twee handelsmodi, een volledig automatische handelsmodus en een handmatige modus. Auto trading machtigt de app om alle handelsactiviteiten uit te voeren zonder menselijke tussenkomst, terwijl de handmatige modus de transacties niet uitvoert, maar in plaats daarvan handelaren waarschuwt wanneer handelskansen worden getriggerd door onze Ai-algoritmen.",
  "17": "Bitcoin 360 AI 23",
  "18": "We gebruiken unieke Ai algoritmen",
  "19": "Verfijnde kunstmatige intelligentiealgoritmen maken Bitcoin 2.0 Avapro-handelsstrategieën mogelijk. Om optimale maar toch conservatieve resultaten te leveren, scant de app voortdurend meer dan 100 cryptomarkten in real-time, op zoek naar historisch bewezen patronen en correlaties om kwalitatieve handelsmogelijkheden te activeren.",
  "20": "Bit 360 Ai – Gemaakt voor beginners en ervaren cryptohandelaren",
  "21": "De Bitcoin 360 Ai is een vereenvoudigd ontworpen app, maar bevat toch geavanceerde handelsfuncties waardoor het geschikt is voor zowel beginners als gevorderde handelaren.",
  "22": "Crypto wint snel aan bekendheid en erkenning, omdat het nu al meer dan een decennium wordt verhandeld en daarom alle soorten beleggers aantrekt; de BTC Bot Ai 360-beleggersgroep bestaat uit beleggers van alle niveaus, onze gemeenschap omvat zowel hoogopgeleide beleggers als nieuwelingen die voor het eerst met de handel in crypto’s in aanraking zijn gekomen.",
  "23": "Met onze Bitcoin Avapro 2.0-versie kan iedereen geautomatiseerde, handmatige of hybride cryptocurrency-handelsmodellen maken zonder enige voorkennis.",
  "24": "Handelaren kunnen 24 uur per dag een onbeperkt aantal transacties op korte of lange termijn uitvoeren. Zo kunnen ze het potentieel van de cryptomarkten maximaal benutten en hebben ze meer tijd om te genieten van hun financiële vrijheid en succes. De app kan het scannen van de markten en de uitvoering van winstgevende transacties automatiseren volgens de door de belegger of handelaar vastgestelde regels.",
  "25": "Registreer u bij onze Bitcoin 360 Ai en sluit u vandaag nog aan bij onze handelaarsgemeenschap",
  "26": "MODERNE ALGO HANDEL",
  "27": "BTC 360 Ai gebruikt ultramoderne technologieën om een handelsvoordeel te behalen ten opzichte van andere algo trading bots. Dit is een van de meest high-tech handelsplatformen die er bestaan, het gebruikt voortdurend geavanceerde computeralgoritmen om de markten te controleren en te analyseren voor de beste voorwaarden. Onze Ai kan dan ook bogen op continu geoptimaliseerde track-records.",
  "28": "MODERNE TECHNOLOGIE",
  "29": "BTC 2.0 Avapro Bot is een toonaangevende cryptocurrency trading app, het biedt meer dan 100 verhandelbare crypto activa. Het is het complete pakket. Het is toegankelijk voor alle ervaringsniveaus en heeft een intuïtieve interface. Bovendien is het gebaseerd op algoritmische controles van historische gegevens om optimale handelswaarschuwingen te produceren.",
  "30": "VOORGEFINANCIERD OP BASIS VAN",
  "31": "Verenigingen, handelaren, makelaars en leden schatten de BTC Bot 360 Ai hoog in vanwege zijn bewezen staat van dienst en hoge prestaties, zelfs in extreme marktomstandigheden. Bovendien is de klantenservice 24/7 beschikbaar, ons supportteam beantwoordt algemene vragen of biedt technische ondersteuning.",
  "32": "MELD JE GRATIS AAN",
  "33": "Hoe werkt Bitcoin 360 Ai?",
  "34": "GRATIS AANMELDEN",
  "35": "Inschrijven is volledig gratis, vul gewoon ons korte inschrijvingsformulier in bovenaan deze",
  "36": "Bitcoin Avapro 2.0 homepage",
  "37": "Basisinformatie, waaronder uw volledige wettelijke naam, e-mailadres, telefoonnummer en land van verblijf, is vereist. Nadat het online formulier is aanvaard, wordt u lid van onze handelsgemeenschap. U kunt direct beginnen met onze cryptocurrency trading app.",
  "38": "ACCOUNT ACTIVERING",
  "39": "Zodra uw Bitcoin 2.0 Avapro-handelsrekening is geregistreerd, bent u klaar om te beginnen handelen en beleggen. U hoeft slechts €250 te investeren bij een van de ondersteunende brokers om de app te kunnen gebruiken. U bezit al het geld dat u investeert en al het geld dat u wint. De middelen kunnen worden opgenomen of herbelegd in handelsactiviteiten. U kunt het geld van uw rekening gebruiken om de cryptohandel te financieren.",
  "40": "HANDEL CRYPTO",
  "41": "Zodra uw rekening is opgezet en er fondsen beschikbaar zijn, kunt u beginnen met trainen en handelen. De makelaars zullen alles regelen wat betreft het verbinden van onze app met hun uitvoeringsplatform. De app scant niet alleen de markt op waarschijnlijke kansen, maar kan ook transacties voor u uitvoeren om uw margemogelijkheden te maximaliseren. U kunt ook overschakelen op handmatig handelen als u meer controle over uw transacties wilt.",
  "42": "Registreer nu veilig op BTC 2.0 Avapro Bot",
  "43": "Bitcoin 360 Ai scam – Waarschuwing voor het kopiëren van apps",
  "44": "BTC 360 Ai scam alert",
  "45": "Bitcoin 360 Ai scam is een scenario waarbij onbetrouwbare bronnen kopieën maken van onze app, gezien het ongereguleerde karakter van cryptocurrencies wereldwijd, software en producten zoals onze app versies inclusief de Bitcoin Bot 2.0 zijn het doelwit van misbruikers die onze app in verschillende vormen en gedaanten kopiëren. Wees gerust, u bezoekt nu de officiële website van",
  "46": ", registreren bij onze app is gratis. Alleen wanneer u besluit om de handelsactiviteit te starten, moet u uw rekening financieren bij een van de door ons gesteunde brokers van derden, na uw toestemming zullen wij uw contactinformatie doorgeven aan een van de brokers die u zal begeleiden en uitleggen over de handels- en activeringsprocedures.",
  "47": "Een onafhankelijk rapport over onze app vindt u",
  "48": "hier",
  "49": "Heeft Bit Avapro 2.0 last van de recente negatieve media over de crypto-industrie?",
  "50": "Absoluut NIET!",
  "51": "Bitcoin 360 Ai is een legitieme, betrouwbare en gerenommeerde crypto trading app, het is ontworpen om eenvoudig te gebruiken en toch uitzonderlijke resultaten te leveren. Het kan worden gebruikt als een geautomatiseerde handelswijze, waarbij menselijke zwakheden zoals onervarenheid, emoties, tijd en besluiteloosheid worden geëlimineerd. BTC Bot Ai 360 is meer dan alleen een trading app, het is in feite een gemeenschap waar traders ideeën en resultaten met elkaar kunnen delen om zichzelf te onderwijzen. De App wordt dagelijks gebruikt door nieuwelingen en ervaren handelaren die er daadwerkelijk financieel voordeel uit halen.",
  "52": "GRATIS AANMELDING",
  "53": "Bitcoin Avapro Bot 2.0 Kunstmatige intelligentie",
  "54": "BTC Avapro 2.0 is een kunstmatige intelligentie gedreven app die gebruik maakt van de nieuwste technologieën om uw crypto handel te bevorderen met meer vertrouwen en hogere marges potentieel. Met zijn geavanceerde algoritmen biedt de software real-time marktinzichten en analyses, zodat u weloverwogen handelsbeslissingen kunt nemen.",
  "55": "De Avapro 360 Ai Bot wordt voortdurend bijgewerkt met de nieuwste marktkenmerken, zodat u altijd over de meest actuele instrumenten beschikt om optimaal te beleggen. U kunt in real time zien hoe de markt het doet en dienovereenkomstig beslissingen nemen. Deze gegevens zijn essentieel voor iedereen die winst wil maken op de cryptomarkten.",
  "56": "Door deze gegevens te analyseren kunt u weloverwogen beslissingen nemen over welke munt u moet kopen en verkopen en wanneer u dat moet doen.",
  "57": "Vind ",
  "58": "hier",
  "59": "wat meer nuttige informatie over kunstmatige intelligentie in de cryptocurrency markten",
  "60": "BTC Ai Avapro 360 demo rekening",
  "61": "Wanneer u op de beurs handelt, is het van essentieel belang te weten wanneer u moet kopen en verkopen. Dit kan u helpen uw winsten te maximaliseren en uw verliezen te minimaliseren. Een manier om dit te oefenen is het gebruik van een",
  "62": "demorekening",
  "63": "Een demorekening is een geweldige manier om te leren over de beurs en hoe die werkt. U kunt de demo ook gebruiken om nieuwe strategieën te testen.",
  "64": "Bitcoin 360 Ai demo is een app-versie waarmee de markten kunnen worden getest op elk apparaat dat met het internet is verbonden.",
  "65": "Dit omvat desktops, tablets en mobiele apparaten, die allemaal geen download van de app vereisen.",
  "66": "De BTC 360 Ai demo-applicatie is een risicovrije omgeving die de echte markt simuleert, in de demo-versie krijgt u alle voordelen van de live trading app, zoals: snelle analyse, nauwkeurige signalen en geautomatiseerde transacties.",
  "67": "Zelfs de handmatige demo trading modus bevat alle voordelen en functies van de live Bitcoin 360 Ai app, deze demo handmatige trading optie geeft u meer controle over uw transacties als u meer wilt oefenen op demo modus voordat u live gaat.",
  "68": "UK App Bitcoin 360 Ai Martin Lewis media referenties",
  "69": "Bitcoin 360 Ai is een populaire crypto trading app die wereldwijd en specifiek in het Verenigd Koninkrijk populair is geworden, vandaar dat het media-aandacht trekt, dergelijke mediaverwijzingen worden ook gegenereerd door misbruikers die “meeliften” op de buzz rond onze naam met als doel bezoekers te krijgen voor hun gekopieerde Bitcoin 360 Ai sites, een van hun strategieën is het gebruik van namen van beroemdheden samen met onze app naam – ze doen dit om het vertrouwen van klanten te winnen om zich bij hen te registreren. Onlangs kwamen wij in de Britse media verwijzingen tegen over investeringen in Bitcoin 360 Ai door Martin Lewis. Wij verduidelijken dat dergelijke persberichten over Martin Lewis niet door ons zijn gepubliceerd en in geen geval met ons verband houden.",
  "70": "Zoals blijkt uit",
  "71": "dit",
  "72": "betrouwbare rapport is elke advertentie die spreekt over investeringen van Matin Lewis in Bitcoin 360 Ai en waarschijnlijk elke andere crypto trading app vals.",
  "73": "Elon Musk Bitcoin 360 Ai media-aandacht",
  "74": "BTC Ai Bot 2.0 is een populaire crypto activa trading app, het succes van onze app, die opereert in de cryptocurrencies niche – een onzekere regelgeving niche in de meeste delen van de wereld, is een succes dat de pers aantrekt van alle verschillende soorten partijen, helaas ook van sommige misbruikers die onze naam onethisch en illegaal gebruiken. Wij hebben gemerkt dat er in de media aandacht is besteed aan een verband tussen Elon Musk en Bitcoin 360 Ai – en wij verklaren graag dat deze pers niet van ons afkomstig is, en hoe graag wij ook onze lijst met investeerders zouden willen bekendmaken, wij kunnen dat niet vanwege de privacyovereenkomsten die wij hebben. Wij verduidelijken dat wij geen persberichten hebben gepubliceerd over een verband tussen Elon Musk en Bitcoin360ai.com.",
  "75": "Onze Bit 2.0 Avapro hybride auto-manuele-handel App versie combineert humen handmatige en geautomatiseerde handelsfuncties waardoor het zich onderscheidt van concurrenten.",
  "76": "Bitcoin 360 Ai standaard en 2.0 Avapro App versie belangrijkste kenmerken",
  "77": "Bitcoin 360 Ai prijs is nul",
  "78": "De prijs van de Bitcoin 360 Ai is nul. Er zijn geen registratiekosten, alle handelsactiviteiten en het gebruik van onze functies zijn volledig gratis. wij zullen onze vergoedingen verdienen aan toekomstige functies die wij in het tweede en derde kwartaal van 2023 zullen introduceren.",
  "79": "Geen verplichte download",
  "80": "De BTC 2.0 Avapro 360 Ai webversie vereist geen installatie of download, omdat het een internetwebplatform is dat kan worden bediend vanuit elke browser met internetverbinding en vanaf elk apparaat of locatie.",
  "81": "Bitcoin 360 Ai registratie zonder gedoe",
  "82": "Inschrijven voor Bitcoin 360 Ai is eenvoudig en snel. Het proces van registratie is eenvoudig en snel, zodra u klaar bent, kunt u verbinding maken met een van de makelaars waar u de transacties kunt uitvoeren.",
  "83": "Snelle",
  "84": "en",
  "85": "gemakkelijke verificatie",
  "86": "Bitcoin 360 Ai maakt het gemakkelijk en veilig om uw account te verifiëren. Na registratie zullen wij, met uw toestemming, uw contactgegevens doorgeven aan een van de ondersteunende makelaars die contact met u zullen opnemen om uw handelsrekening te verifiëren en te activeren.",
  "87": "Gebruiksvriendelijke interface",
  "88": "Het Bitcoin 360 Ai auto-handelsplatform heeft een zeer intuïtieve interface en is gemakkelijk te bedienen. Het werd opgericht om onervaren handelaren te ondersteunen. Daardoor is de app eenvoudig te gebruiken, maar bevat hij toch geavanceerde handelsfuncties.",
  "89": "Minimum vereiste fondsen",
  "90": "De vereiste initiële storting bij de meeste van onze app-ondersteunende brokers is €250. Dit bedrag zal alleen worden gebruikt om transacties te financieren en niet voor app-kosten, die momenteel volledig gratis zijn.",
  "91": "Selectie van meerdere activa",
  "92": "Door onze App te gebruiken, kunt u alerts krijgen over handelsmogelijkheden in fiatvaluta’s, aandelen, grondstoffen en meerdere cryptocurrencies (Bitcoin Cash, XBT, Ethereum Monero, Ripple en Dash). Deze functie is beschikbaar voor alle BTC 360 Ai leden.",
  "93": "Bitcoin 360 Ai reddit en andere gemeenschappen",
  "94": "Bitcoin 360 Ai-leden worden een gemeenschap die brainstormt, ideeën deelt of gewoon praat over algemene levensonderwerpen op platforms als reddit, discord en andere. naarmate ons project zich ontwikkelt, zullen wij dergelijke gemeenschapskanalen beheren en gesprekken tussen onze leden aanmoedigen.",
  "95": "Tijdsefficiëntie bij het uitbrengen van nieuwe functies",
  "96": "Bitcoin Bot 360 Ai leden zijn altijd een stap voor!. Dit is slechts één van de vele voordelen die de software zijn voorsprong geven en het vermogen om wereldwijd zo’n grote populariteit te bereiken.",
  "97": "Conservatieve instellingen of instellingen met een hoger risico",
  "98": "Bitcoin 360 Ai is ontworpen om potentiële handelsmogelijkheden te identificeren en om te zetten in handelssignalen. Met de app kunt u het risiconiveau van de waarschuwingen instellen, wat betekent dat elke handelaar de functies van de app kan aanpassen op basis van individuele risicobereidheid.",
  "99": "Gemakkelijk en veilig betalen en uitbetalen",
  "100": "Voor het financieren en opnemen van uw 2.0 Avapro 360 Ai supportive brokerrekening kunt u gebruik maken van een creditcard of bankpas, geldoverboekingen, bankoverschrijvingen en zelfs elektronische portemonnees. Elke opname zal worden terugbetaald aan de oorspronkelijke betalingsmethode waarmee u uw rekening aanvankelijk financierde.",
  "101": "Strikte gegevensbeveiliging",
  "102": "Al uw financiële gegevens, persoonlijke informatie en transacties worden strikt bewaard in een beveiligde omgeving. Uw veiligheid is onze reputatie, het is onze hoogste prioriteit om uw informatie volgens de hoogste veiligheidsnormen te bewaren.",
  "103": "BTC 360 Ai Demorekening",
  "104": "Met de Bitcoin 360 Ai Demo Account kunt u uw gekozen regels testen en zonder risico uw vaardigheden oefenen. Nadat u bedreven bent in demo-transacties, kunt u beginnen met echte transacties.",
  "105": "Moderne Backtesting-functie",
  "106": "Met de Backtesting functie in de Bitcoin Bot 360 Ai app versoin kunt u uw handelsstrategieën testen op marktomstandigheden uit het verleden. Zo kunt u op elk moment uw instellingen wijzigen en optimaliseren.",
  "107": "Flexibel maatwerk",
  "108": "Bitcoin 360 Ai biedt vele handelsmodi en variabelen die kunnen worden aangepast. Dit maakt een maximale aanpassing aan uw handelsvoorkeuren mogelijk.",
  "109": "24/7 Klantenondersteuning",
  "110": "Het succes, het comfort en de tevredenheid van klanten en opdrachtgevers zijn onze hoogste prioriteit. Daarom zijn er 24/7 medewerkers van de klantenservice beschikbaar om u te helpen.",
  "111": "NU AANMELDEN",
  "112": "Goed geïnformeerde bronnen",
  "113": "Bitcoin Bot 360 Ai wil dat je alle onderwijsmiddelen die je nodig hebt op één plek hebt.",
  "114": "Zo blijft u op de hoogte van het laatste nieuws en trends, leert u zichzelf bij, krijgt u de kennis en hulpmiddelen die u nodig hebt om te slagen in de markt voor digitale activa, en maximaliseert u uw mogelijkheden om geld te verdienen.",
  "115": "Word lid van onze gemeenschap en leer meer over de geschiedenis van de markt, handelsstrategieën en tips, cryptocurrency mining, gedetailleerde gidsen en andere nuttige informatie.",
  "116": "VAAK GESTELDE VRAGEN",
  "117": "Wat is Bitcoin 360 Ai?",
  "118": "Bitcoin 360 Ai is een crypto trading Ai gedreven app die handelsmogelijkheden alerts produceert aangedreven door algoritmes die live marktbewegingen scannen in een zoektocht naar patronen en correlaties en deze vergelijken met historische back-testing scans, zodat wanneer aan bepaalde voorwaarden wordt voldaan – een handelsmogelijkheid alert wordt geactiveerd op de app front-end.",
  "119": "Wat is Bitcoin 2.0 Avapro 360 Ai?",
  "120": "De Bitcoin 2.0 Avapro 360 Ai is een app-versie die hybride modellen bevat waarin handelaren kunnen kiezen tussen automatische handelsuitvoering of handmatige handelsuitvoering; de iFex-versie is beschikbaar voor alle handelaren en vereist geen extra instellingen of kosten.",
  "121": "Wat zijn de aanwijzingen voor de legitimiteit van de Bitcoin 360 Ai 2.0 Avapro?",
  "122": "Bitcoin 360 Ai 2.0 Avapro is een legitieme crypto trading app,",
  "123": "verschillende malafide app operators maken gebruik van onze naam en reputatie,",
  "124": "maar u kunt er eenvoudig voor zorgen dat u zich registreert bij de juiste app door simpelweg te controleren of u zich registreert bij de authentieke bitcoin360ai.com URL. Bovendien zullen wij nooit kosten van u vragen. De enige betaling die u moet doen is uw handelsrekening financieren bij een van de brokers die de app ondersteunen, en dat kunt u pas doen als u zich zeker genoeg voelt om te handelen, terwijl andere misbruik-apps vooraf betalingen vereisen.",
  "125": "Is XBT App 2.0 Avapro 360 Ai hetzelfde als BTC 360 Ai?",
  "126": "Ja, XBT App 2.0 Avapro 360 Ai is hetzelfde als Bitcoin 360 Ai. Onze app bevat verschillende alternatieve namen. In sommige regio’s in de wereld is de term XBT bijvoorbeeld populairder dan “Bitcoin”, maar beide termen zijn in feite hetzelfde.",
  "127": "Wie is de eigenaar van Bitcoin 360 Ai?",
  "128": "Als gevolg van overeenkomsten met investeerders, hebben we… Momenteel kunnen wij de lijst van onze investeerders niet openbaar maken. Wij kunnen echter bevestigen dat onze investeerders VC’s uit Azië en individuele hooggeplaatste cryptospelers omvatten.",
  "129": "Is XBT App 360 Ai gereguleerd?",
  "130": "Cryptocurrencies zijn in de meeste delen van de wereld niet gereguleerd. Daarom is er geen officiële toezichthouder voor de activiteit van de app. Als bedrijf met een langetermijnvisie voeren wij echter voortdurend zelfregulerende acties uit, waaronder audits door gerenommeerde bedrijven, cyberbeveiligingscontroles en strikte ‘ken uw klant of partner’-protocollen om ervoor te zorgen dat onze leveranciers, klanten en dienstverleners in overeenstemming met de wettelijke en professionele normen werken.",
  "131": "Wat is de prijs van de Bitcoin 350 Ai 2.0 Avapro?",
  "132": "Bitcoin 360 Ai 2.0 Avapro is gratis voor al onze leden. Wij brengen momenteel geen kosten of commissies in rekening; de visie van ons bedrijfsmodel is het creëren van een langdurige relatie met onze gemeenschap. In een later stadium van onze app live, zullen we speciale functies introduceren waarmee handelaren die geïnteresseerd zijn in betalen voor hun gebruik. Wij zullen al onze klanten vooraf informeren over wijzigingen in het prijsbeleid.",
  "133": "Laatste woorden",
  "134": "We bestaan al enige tijd en hebben een uitstekende reputatie opgebouwd bij onze gebruikers. Velen van hen die goede marges hebben gemaakt door onze app-diensten te gebruiken, zijn gewone mensen zonder ervaring in de handel in cryptocurrency.",
  "135": "Wij geloven dat de beste manier om cryptocurrencies te verhandelen met behulp van een van onze versies, dat wil zeggen BTC, XBT, 2.0 Avapro App is door te leren hoe het goed te gebruiken. U kunt veel informatie over de app vinden op onze website, dus een beetje tijd om er doorheen te bladeren zou u op weg moeten helpen. Wij bieden ook een uitgebreide FAQ-sectie waar u antwoorden vindt op al uw vragen.",
  "136": "Er is enig risico verbonden aan de handel in BTC, XBT en andere cryptomunten, maar als het goed wordt gedaan, kunnen de risico’s worden beperkt en kan het margepotentieel hoger zijn.",
  "137": "Bitcoin 360 AI & 2.0",
  "138": "Avapro versie hoogtepunten",
  "139": "Handelsplatform",
  "140": "Crypto",
  "141": "Platformkosten",
  "142": "Geen kosten",
  "143": "Intrekkingskosten",
  "144": "Gratis",
  "145": "Type platform",
  "146": "Webgebaseerd, Eigen platform, Google’s Android en Apple’s iOS",
  "147": "Webgebaseerd, Eigen platform, Google’s Android en Apple’s iOS",
  "148": "PayPal, Skrill, Neteller, UnionPay, Webmoney, Yandex, Visa, Mastercard, AMEX, Diners Club.",
  "149": "Landen",
  "150": "Alle – behalve USA",
  "151": "Startpagina",
  "152": "Log in",
  "153": "Over ons",
  "154": "Privacybeleid",
  "155": "Voorwaarden en Condities",
  "156": "Vrijwaring",
  "157": "Neem contact met ons op",
  "158": "Bitcoin 360 Ai recensie",
  "159": "REGULERING & RISICOVOLLE BELEGGINGSWAARSCHUWING: Handelen in Forex, CFD’s en Cryptocurrencies kan aanzienlijke voordelen opleveren, maar brengt ook een risico met zich mee en is mogelijk niet geschikt voor alle beleggers.Je moet niet speculeren met kapitaal dat je je niet kunt veroorloven om te verliezen.We raden u ten zeerste aan om onze ALGEMENE VOORWAARDEN en de volledige DISCLAIMER-pagina te lezen voordat u een investering doet.Klanten moeten zich bewust zijn van hun individuele vermogenswinstbelastingplicht in hun land van verblijf.Het is tegen de wet om Amerikaanse personen te vragen grondstoffenopties te kopen en verkopen, zelfs als ze ‘voorspellingscontracten’ worden genoemd, tenzij ze zijn genoteerd voor handel en verhandeld op een CFTC-geregistreerde beurs of tenzij wettelijk vrijgesteld.We hebben COOKIES op uw computer geplaatst om uw ervaring bij het bezoeken van deze website te verbeteren.U kunt de cookie-instellingen op uw computer op elk gewenst moment wijzigen.Het gebruik van deze website geeft aan dat u akkoord gaat met het PRIVACYBELEID van deze website."
}